epoch,total_loss
0,5.412014
1,3.987008
2,6.887898
3,4.269783
4,4.543213
5,3.723691
6,4.003753
7,3.211350
8,4.860289
9,3.719881
10,3.319405
11,2.800913
12,3.804319
13,3.440478
14,3.964790
15,3.425785
16,3.784324
17,4.136016
18,3.875084
19,4.356788
20,3.859886
21,3.369573
22,3.211290
23,4.183510
24,3.196136
25,3.330176
26,3.893295
27,3.776816
28,4.685676
29,3.270763
30,4.245736
31,3.795809
32,4.301724
33,3.148721
34,3.470425
35,3.799488
36,3.644596
37,3.872343
38,3.194630
39,4.552364
40,3.700495
41,3.237220
42,3.943152
43,3.249144
44,3.208876
45,3.381997
46,3.745955
47,4.486561
48,3.476084
49,3.027108
50,3.972147
51,3.208847
52,3.048308
53,3.352699
54,3.092782
55,4.243622
56,2.944045
57,3.889112
58,3.247426
59,3.873685
60,3.741365
61,2.646216
62,3.334466
63,2.930287
64,3.327640
65,3.260696
66,2.335359
67,3.158204
68,2.806346
69,3.638147
70,3.664455
71,2.887295
72,3.496624
73,3.735378
74,3.230876
75,3.722770
76,3.696800
77,4.447560
78,4.349013
79,4.159167
80,4.280122
81,3.372459
82,2.844742
83,4.134825
84,4.953420
85,3.008148
86,3.697274
87,2.341725
88,3.412144
89,2.727965
90,2.880383
91,3.896348
92,2.953298
93,3.700276
94,4.556845
95,3.878678
96,4.633570
97,4.167982
98,3.322061
99,3.556318
100,2.829880
101,3.895011
102,4.417106
103,3.584523
104,4.008046
105,3.813304
106,2.789635
107,3.452483
108,2.978216
109,3.845656
110,2.977052
111,3.381588
112,2.652478
113,3.694667
114,2.527565
115,4.107311
116,3.844463
117,4.292506
118,3.480653
119,3.054071
120,3.651531
121,3.779648
122,3.636577
123,3.596904
124,3.179296
125,2.899783
126,3.356320
127,3.614726
128,3.918898
129,2.810321
130,3.667032
131,2.957921
132,2.975499
133,2.676576
134,3.208970
135,3.131864
136,2.411813
137,3.648504
138,3.251890
139,3.025631
140,2.889641
141,3.713223
142,2.433326
143,2.528920
144,3.766502
145,3.355880
146,3.089122
147,4.082620
148,3.100702
149,4.445168
150,4.562957
151,4.608080
152,3.851238
153,3.112408
154,2.378513
155,2.444591
156,3.768636
157,3.549639
158,3.808317
159,4.869213
160,4.058606
161,2.561571
162,3.082625
163,3.444836
164,3.430641
165,3.430550
166,3.439150
167,3.677840
168,3.323281
169,2.401134
170,3.098926
171,2.410671
172,2.825850
173,4.216688
174,2.779523
175,2.835531
176,3.301727
177,4.731002
178,3.317495
179,2.680982
180,2.918528
181,1.604917
182,2.397389
183,2.736517
184,2.949938
185,2.881713
186,2.713220
187,3.907916
188,2.946044
189,3.423669
190,2.676066
191,1.998802
192,2.746876
193,3.138000
194,3.182153
195,3.354949
196,3.884441
197,4.190224
198,3.523124
199,2.954185
200,3.562163
201,2.769599
202,2.569767
203,2.213315
204,2.715011
205,2.529613
206,3.434319
207,2.733037
208,2.708673
209,3.030620
210,2.664401
211,3.215746
212,3.334959
213,2.329755
214,2.548369
215,2.601518
216,2.775368
217,2.840795
218,2.792920
219,3.507486
220,1.715329
221,2.764520
222,3.575136
223,3.552373
224,3.319523
225,2.201439
226,2.647213
227,2.597584
228,2.031989
229,2.800117
230,2.582292
231,2.160508
232,3.090325
233,2.180174
234,2.833144
235,2.362179
236,2.341109
237,2.618436
238,1.999479
239,2.565370
240,2.736367
241,2.602938
242,2.548743
243,2.112804
244,2.052012
245,2.074573
246,1.916529
247,2.231265
248,1.908576
249,1.989854
250,1.730036
251,1.762479
252,2.213362
253,1.521782
254,1.660853
255,2.032281
256,1.806507
257,2.374621
258,2.264062
259,1.663018
260,1.642713
261,2.340903
262,1.717759
263,2.462618
264,1.778054
265,1.869392
266,2.471961
267,1.575289
268,1.564446
269,1.752005
270,1.897005
271,1.973549
272,1.431404
273,1.544986
274,2.245111
275,1.915642
276,2.069200
277,1.615170
278,1.985024
279,1.696247
280,2.016514
281,1.792786
282,1.889575
283,1.853668
284,1.883230
285,1.949304
286,1.733260
287,2.004108
288,1.762284
289,1.885833
290,2.061898
291,1.807260
292,2.514172
293,2.520238
294,2.043763
295,1.935940
296,1.778126
297,1.846045
298,2.263326
299,2.632842
300,1.940314
301,1.738882
302,1.645933
303,1.895433
304,1.644182
305,1.851649
306,2.033697
307,2.361691
308,1.887671
309,1.886083
310,2.080993
311,1.915795
312,1.817685
313,1.808228
314,1.971620
315,2.109139
316,2.004341
317,2.294047
318,1.683374
319,1.664297
320,1.381308
321,2.075469
322,1.831012
323,2.383232
324,1.814262
325,1.592192
326,2.241458
327,1.801413
328,1.579726
329,1.717323
330,1.857404
331,1.813063
332,1.486580
333,1.839857
334,2.198003
335,1.439574
336,1.433331
337,2.095395
338,2.098846
339,1.981239
340,2.029418
341,2.151857
342,1.863041
343,2.199976
344,1.642687
345,1.529560
346,1.826919
347,1.424414
348,1.486253
349,2.160362
350,1.434124
351,2.005310
352,1.837498
353,1.673427
354,2.013608
355,1.897465
356,1.949498
357,1.912493
358,1.950764
359,1.975452
360,1.984094
361,1.628022
362,2.085532
363,1.897030
364,1.996235
365,1.627036
366,2.264504
367,2.087647
368,1.945114
369,1.919436
370,1.753142
371,1.801374
372,1.856343
373,1.952457
374,1.975650
375,2.068176
376,2.234062
377,1.688498
378,1.802550
379,1.657999
380,1.764094
381,1.636482
382,1.648956
383,1.662158
384,1.646606
385,1.743987
386,1.604028
387,1.724725
388,1.426399
389,2.105129
390,1.705058
391,2.066177
392,1.676352
393,1.877576
394,1.495739
395,1.906258
396,2.429028
397,2.199887
398,1.731070
399,1.798647
400,1.430221
401,1.960368
402,1.949817
403,1.749903
404,2.282646
405,1.848567
406,1.764950
407,1.862215
408,1.990863
409,1.991274
410,1.529855
411,2.142999
412,1.720605
413,1.350319
414,2.179409
415,2.192069
416,2.054342
417,2.100428
418,1.756274
419,1.976192
420,1.475808
421,1.569106
422,1.626666
423,1.927401
424,2.029444
425,1.812764
426,1.655946
427,1.911569
428,1.640585
429,1.708135
430,1.515843
431,1.659728
432,2.014817
433,1.769452
434,1.505989
435,1.602141
436,1.592014
437,1.400817
438,1.903958
439,1.748021
440,1.161511
441,1.158525
442,1.622554
443,1.658138
444,1.779506
445,2.327419
446,1.621322
447,1.889128
448,1.470666
449,1.888227
450,1.391346
451,1.631779
452,1.818287
453,1.962132
454,1.671701
455,1.728517
456,1.754104
457,1.760751
458,1.545744
459,1.747694
460,1.493197
461,1.398402
462,1.616312
463,1.677318
464,1.905965
465,2.017629
466,1.683421
467,1.914507
468,1.640136
469,1.511680
470,1.574041
471,1.676992
472,1.341048
473,1.938995
474,1.727245
475,1.465442
476,1.684609
477,1.726413
478,1.525841
479,1.591821
480,1.846316
481,1.992652
482,1.667545
483,1.675226
484,1.550050
485,1.668990
486,1.621296
487,1.482264
488,1.656305
489,1.685507
490,1.651345
491,1.513035
492,1.816806
493,1.546546
494,1.709838
495,2.382038
496,1.733078
497,1.259899
498,2.035471
499,1.707143
500,1.732022
501,1.531683
502,1.635637
503,1.461903
504,1.857624
505,2.077229
506,1.545528
507,1.822814
508,1.586474
509,1.676948
510,1.820910
511,1.947884
512,1.492219
513,1.626094
514,1.811423
515,1.902033
516,1.467959
517,1.830077
518,1.523312
519,1.871966
520,1.611945
521,1.964319
522,1.613655
523,2.298815
524,1.971846
525,1.539272
526,2.002417
527,1.643284
528,1.648512
529,1.790212
530,1.430530
531,1.503480
532,1.542207
533,1.323251
534,1.673864
535,1.745612
536,1.992091
537,1.288726
538,1.372009
539,1.804524
540,1.368501
541,1.411558
542,1.727893
543,1.621942
544,1.907305
545,1.572002
546,1.763327
547,1.731134
548,1.714088
549,1.506833
550,1.399762
551,1.832816
552,1.497619
553,1.430771
554,1.366228
555,1.223332
556,1.969454
557,1.532121
558,1.617250
559,1.527277
560,1.465110
561,1.447734
562,1.402998
563,1.477131
564,1.414436
565,1.827569
566,1.886975
567,1.508438
568,1.323570
569,1.774305
570,1.357686
571,1.652433
572,1.535999
573,1.367399
574,1.426828
575,1.943473
576,1.806377
577,1.706065
578,1.692444
579,1.597329
580,1.664637
581,1.289664
582,1.787968
583,1.722844
584,1.336878
585,1.515541
586,1.129809
587,1.491300
588,1.460828
589,1.654006
590,1.456858
591,1.683213
592,1.654733
593,1.721957
594,1.641402
595,1.610072
596,1.638628
597,1.464834
598,2.119093
599,1.391234
600,1.738409
601,1.515478
602,1.322409
603,1.594960
604,1.608063
605,1.458534
606,1.574230
607,1.266607
608,1.464702
609,2.139009
610,1.225862
611,1.434020
612,2.044859
613,1.748910
614,1.908342
615,1.525406
616,1.843925
617,1.546745
618,1.615407
619,1.483867
620,1.417284
621,1.778901
622,1.704147
623,1.323889
624,1.662411
625,1.536296
626,1.648847
627,1.754918
628,1.603789
629,1.867263
630,1.963096
631,1.543611
632,1.489481
633,1.498850
634,1.636727
635,1.401118
636,1.317946
637,1.371886
638,1.674460
639,1.289298
640,1.361124
641,1.593441
642,1.432131
643,1.667287
644,2.012975
645,1.591554
646,1.466057
647,1.728486
648,1.508972
649,1.538108
650,1.709869
651,1.617388
652,1.713897
653,1.231213
654,1.461787
655,1.464464
656,1.846484
657,1.558160
658,1.659676
659,1.640634
660,1.749149
661,1.564566
662,1.474746
663,1.512908
664,1.584828
665,1.124433
666,1.720518
667,1.448750
668,1.572624
669,1.743197
670,1.438761
671,1.546158
672,1.822953
673,1.631998
674,1.424650
675,2.130321
676,2.015054
677,1.520199
678,1.743484
679,1.451430
680,1.628522
681,1.700586
682,1.216271
683,1.637044
684,1.327474
685,1.240705
686,1.470550
687,1.468250
688,1.753855
689,1.346888
690,1.693848
691,1.698881
692,1.755949
693,1.417907
694,1.197067
695,1.289950
696,1.684955
697,1.079965
698,1.449565
699,1.396918
700,1.438408
701,1.388432
702,1.668231
703,1.758764
704,1.318029
705,1.452349
706,1.416796
707,1.467289
708,2.120827
709,1.390689
710,1.698616
711,1.440325
712,1.719092
713,1.610952
714,1.478297
715,1.582416
716,1.366576
717,1.445060
718,1.275406
719,1.486147
720,1.583724
721,1.571151
722,1.503900
723,1.749738
724,1.745106
725,1.468174
726,1.397105
727,1.099100
728,1.575980
729,2.078505
730,1.111354
731,1.231426
732,1.619361
733,1.611365
734,1.698181
735,1.735108
736,1.488077
737,1.786838
738,1.656962
739,1.534237
740,1.432060
741,1.294753
742,1.949005
743,1.398015
744,1.734007
745,1.702463
746,1.332777
747,1.774691
748,1.251340
749,1.599999
750,1.536755
751,1.372355
752,1.369284
753,1.430583
754,1.485072
755,1.573706
756,1.340119
757,1.490792
758,1.543262
759,1.874240
760,1.529486
761,1.192231
762,1.481853
763,1.304632
764,1.287600
765,1.513327
766,1.512765
767,1.469878
768,1.167311
769,1.642923
770,1.461661
771,1.400551
772,1.634669
773,1.338829
774,1.585690
775,1.539965
776,1.650846
777,1.814894
778,1.427914
779,1.304816
780,1.342326
781,1.508045
782,1.293087
783,1.260341
784,1.133950
785,1.228131
786,0.983510
787,1.467971
788,1.699887
789,1.231629
790,1.271570
791,1.550527
792,1.343956
793,1.482859
794,1.335394
795,1.399440
796,1.557148
797,1.415882
798,1.156225
799,1.367669
800,1.226157
801,1.535746
802,1.540742
803,1.208346
804,1.315223
805,1.315521
806,1.354584
807,1.672825
808,1.289477
809,1.447133
810,1.497729
811,1.761850
812,1.356691
813,1.395471
814,1.323888
815,1.438668
816,1.347984
817,1.661111
818,1.276777
819,1.581159
820,1.504843
821,1.324222
822,1.372840
823,1.198331
824,1.383150
825,1.481448
826,1.351855
827,1.540694
828,1.655357
829,1.346683
830,1.348200
831,1.350384
832,1.306400
833,1.519207
834,1.351733
835,1.376435
836,1.343414
837,1.350443
838,1.241671
839,1.401421
840,1.126248
841,1.328446
842,1.020013
843,1.276189
844,1.111558
845,1.166818
846,1.373598
847,1.333120
848,1.228603
849,1.320087
850,1.247029
851,1.361665
852,1.358251
853,1.447919
854,1.453406
855,1.548506
856,1.615258
857,1.559625
858,1.259079
859,1.175190
860,1.447556
861,1.424903
862,1.318207
863,1.732890
864,1.491946
865,1.431178
866,1.364972
867,1.414072
868,1.441796
869,1.304033
870,1.372894
871,1.420302
872,1.145163
873,1.369853
874,1.228338
875,1.057835
876,1.326972
877,1.258373
878,1.536395
879,1.538350
880,1.223279
881,1.469438
882,1.427365
883,1.330766
884,1.613433
885,1.298357
886,1.162478
887,1.203482
888,1.317280
889,1.348456
890,1.401735
891,1.461721
892,1.250554
893,1.231845
894,1.173533
895,1.152280
896,1.198062
897,1.403395
898,1.366882
899,1.248264
900,1.288825
901,1.263797
902,1.342584
903,1.231740
904,1.429784
905,1.425083
906,1.303828
907,1.277432
908,1.012180
909,1.294388
910,1.150582
911,1.245493
912,1.394969
913,1.317802
914,1.301979
915,1.131786
916,1.311670
917,1.568841
918,1.412153
919,1.548902
920,1.440457
921,1.540561
922,1.418699
923,1.519093
924,1.183568
925,0.899083
926,1.120355
927,1.629208
928,1.438322
929,1.735265
930,1.640735
931,1.653362
932,1.399420
933,1.094124
934,1.294354
935,1.361565
936,1.215822
937,1.453683
938,1.248693
939,1.201969
940,1.322518
941,1.658940
942,1.435286
943,1.129883
944,1.506702
945,1.271172
946,1.415890
947,1.292751
948,1.339690
949,1.474081
950,1.295093
951,1.270504
952,1.392144
953,1.285218
954,1.420236
955,1.307005
956,1.153267
957,1.335978
958,1.244508
959,1.252429
960,1.085434
961,1.217109
962,1.381800
963,1.276359
964,1.276793
965,1.225892
966,1.804457
967,1.245661
968,1.466124
969,1.429287
970,1.243637
971,1.256847
972,1.428456
973,1.475169
974,1.249927
975,1.448850
976,1.403569
977,1.303969
978,1.417304
979,1.428415
980,1.417390
981,1.306462
982,1.395754
983,1.291422
984,1.237209
985,1.426345
986,1.216475
987,1.306549
988,1.277973
989,1.194475
990,1.113588
991,1.259815
992,1.315406
993,1.193832
994,1.163509
995,1.169729
996,0.898311
997,1.356110
998,1.178331
999,1.301962
1000,1.292178
1001,1.325924
1002,1.298703
1003,1.181386
1004,1.150164
1005,1.164662
1006,1.146254
1007,1.313251
1008,1.207024
1009,1.245290
1010,1.087891
1011,1.137276
1012,1.276486
1013,1.369642
1014,1.175044
1015,1.279745
1016,1.179970
1017,1.323556
1018,1.345493
1019,1.366498
1020,1.433339
1021,1.112540
1022,1.251908
1023,1.102265
1024,1.177588
1025,1.247736
1026,1.425072
1027,1.341962
1028,1.337671
1029,1.106594
1030,1.379508
1031,1.157488
1032,1.119176
1033,1.361941
1034,1.084465
1035,1.580621
1036,1.061269
1037,1.514035
1038,1.161217
1039,1.230503
1040,1.175759
1041,1.155899
1042,1.282384
1043,1.234883
1044,0.995630
1045,1.183839
1046,1.272494
1047,1.310134
1048,1.267743
1049,1.213557
1050,1.338737
1051,1.217045
1052,1.505530
1053,1.051862
1054,1.085614
1055,0.920166
1056,1.026653
1057,1.335559
1058,1.268341
1059,1.328503
1060,1.267895
1061,1.318281
1062,1.381925
1063,0.915105
1064,1.285767
1065,1.348526
1066,1.230709
1067,1.068636
1068,1.277513
1069,1.138002
1070,1.322937
1071,1.306883
1072,1.341666
1073,1.123975
1074,1.095208
1075,1.219802
1076,1.233224
1077,1.266542
1078,1.335431
1079,1.291621
1080,1.324927
1081,1.354835
1082,1.492603
1083,1.232625
1084,1.394504
1085,1.147206
1086,1.473407
1087,1.216125
1088,1.288824
1089,1.105569
1090,1.296974
1091,1.108098
1092,1.309033
1093,1.264304
1094,1.271416
1095,1.348431
1096,1.267491
1097,1.513042
1098,1.312140
1099,0.896819
1100,1.246342
1101,1.416453
1102,1.165230
1103,1.154759
1104,1.257779
1105,1.172642
1106,1.230057
1107,1.295835
1108,1.217025
1109,1.106968
1110,1.205695
1111,1.131827
1112,1.231482
1113,1.124844
1114,1.269433
1115,1.215545
1116,1.198022
1117,1.205697
1118,1.357660
1119,1.258260
1120,1.277821
1121,1.296356
1122,1.284127
1123,1.198644
1124,1.482557
1125,0.971957
1126,1.210851
1127,1.126472
1128,1.106273
1129,1.129199
1130,1.436194
1131,1.384626
1132,1.191421
1133,1.289383
1134,1.180331
1135,1.212288
1136,1.171071
1137,0.987501
1138,1.357434
1139,0.924763
1140,1.319808
1141,1.221110
1142,1.301288
1143,1.177430
1144,1.291847
1145,1.250398
1146,1.148212
1147,1.159382
1148,1.194273
1149,1.242237
1150,0.971449
1151,1.422476
1152,1.168030
1153,1.237345
1154,1.013974
1155,1.094438
1156,1.112332
1157,1.002107
1158,1.218804
1159,1.171626
1160,1.426184
1161,1.232718
1162,1.137121
1163,1.340543
1164,1.204785
1165,1.140424
1166,1.183246
1167,1.063408
1168,1.352288
1169,1.102286
1170,1.166175
1171,1.099317
1172,1.368529
1173,1.186221
1174,1.361025
1175,1.263476
1176,1.224863
1177,1.295576
1178,1.014724
1179,1.223774
1180,1.517200
1181,1.104306
1182,1.026679
1183,1.081904
1184,1.209550
1185,1.315020
1186,1.219925
1187,1.201387
1188,1.459012
1189,1.159130
1190,1.102610
1191,1.207830
1192,1.064921
1193,0.999454
1194,1.219115
1195,1.153037
1196,1.169481
1197,1.263580
1198,1.435118
1199,1.409038
1200,1.377380
1201,1.050697
1202,1.175862
1203,1.276970
1204,1.220884
1205,1.186955
1206,1.310002
1207,1.246303
1208,1.198789
1209,1.398568
1210,1.266014
1211,1.274035
1212,1.149062
1213,1.270963
1214,1.125867
1215,1.374919
1216,1.239783
1217,1.177823
1218,1.161705
1219,1.040736
1220,1.563207
1221,1.348060
1222,1.476196
1223,1.033816
1224,1.055893
1225,1.081162
1226,1.182605
1227,1.152397
1228,1.164885
1229,1.111835
1230,1.081659
1231,1.027330
1232,1.106324
1233,1.094458
1234,1.290554
1235,1.138896
1236,1.134424
1237,0.914474
1238,1.054061
1239,1.149568
1240,1.100117
1241,1.205414
1242,1.065688
1243,1.102441
1244,1.024130
1245,1.085321
1246,1.036879
1247,1.098385
1248,1.060281
1249,1.124062
1250,1.227713
1251,0.873623
1252,1.273266
1253,0.996137
1254,1.092661
1255,0.984466
1256,1.102903
1257,1.286321
1258,1.255373
1259,1.344893
1260,1.007737
1261,1.203553
1262,1.249493
1263,1.089373
1264,1.149056
1265,1.186766
1266,1.145452
1267,1.288926
1268,1.198387
1269,1.140640
1270,1.245633
1271,1.295824
1272,1.102731
1273,1.169761
1274,1.124195
1275,0.996326
1276,1.164326
1277,1.193275
1278,1.077832
1279,1.074674
1280,1.266092
1281,1.157371
1282,0.994527
1283,1.124144
1284,1.167853
1285,1.224350
1286,1.202115
1287,1.193628
1288,0.991275
1289,1.266593
1290,1.240371
1291,1.423026
1292,1.081954
1293,1.067132
1294,1.238618
1295,1.126067
1296,1.184421
1297,1.349205
1298,1.186731
1299,1.458807
1300,1.263227
1301,1.237538
1302,1.084964
1303,1.004547
1304,1.087005
1305,1.181330
1306,0.897825
1307,1.182075
1308,0.920731
1309,0.980929
1310,1.078176
1311,1.214889
1312,1.097893
1313,1.130933
1314,0.948831
1315,1.186294
1316,1.154059
1317,0.954098
1318,1.436248
1319,1.312098
1320,1.349566
1321,1.050713
1322,1.217654
1323,1.132028
1324,1.251297
1325,0.978825
1326,1.155286
1327,1.190742
1328,1.198132
1329,1.268886
1330,1.146694
1331,1.297248
1332,1.154263
1333,1.254867
1334,1.289518
1335,1.024863
1336,1.090759
1337,1.241261
1338,1.109130
1339,1.148879
1340,1.304868
1341,1.336808
1342,1.087758
1343,1.274102
1344,1.018921
1345,1.190344
1346,1.271710
1347,1.306242
1348,1.096516
1349,0.989275
1350,1.262263
1351,1.045185
1352,1.042129
1353,1.140382
1354,1.111208
1355,1.137691
1356,1.123395
1357,0.992852
1358,1.078197
1359,1.096273
1360,1.025285
1361,1.178908
1362,1.119116
1363,1.425364
1364,1.094019
1365,1.109710
1366,1.061775
1367,1.014366
1368,0.858076
1369,1.187132
1370,1.185864
1371,1.045966
1372,1.026205
1373,1.007116
1374,1.124327
1375,0.919916
1376,0.992834
1377,1.032439
1378,1.189790
1379,1.006214
1380,1.238500
1381,0.884931
1382,0.922307
1383,0.974532
1384,1.141252
1385,1.199129
1386,1.128393
1387,1.132016
1388,1.164968
1389,1.094850
1390,1.032158
1391,1.078403
1392,1.296653
1393,1.065472
1394,1.301794
1395,0.970285
1396,1.135351
1397,1.014760
1398,1.130421
1399,1.075819
1400,0.993349
1401,1.191282
1402,1.190269
1403,1.237911
1404,1.095885
1405,1.030972
1406,1.162331
1407,1.200419
1408,1.186974
1409,1.040619
1410,1.048687
1411,1.320954
1412,1.178752
1413,1.306948
1414,1.256155
1415,1.024694
1416,1.184258
1417,0.999496
1418,1.180446
1419,1.028505
1420,1.009999
1421,1.105413
1422,1.544821
1423,0.898354
1424,0.949485
1425,1.174083
1426,1.218392
1427,1.188030
1428,1.036128
1429,1.098888
1430,1.139321
1431,1.038619
1432,1.209381
1433,0.968042
1434,1.082896
1435,0.960434
1436,0.973017
1437,1.281987
1438,0.888667
1439,1.096523
1440,1.138174
1441,1.294324
1442,1.289181
1443,0.958151
1444,1.143370
1445,1.279184
1446,1.261565
1447,1.039049
1448,1.148326
1449,0.982682
1450,1.116647
1451,1.017783
1452,0.965433
1453,1.171850
1454,0.948476
1455,1.223968
1456,0.805939
1457,0.977323
1458,1.161609
1459,0.920531
1460,1.135213
1461,1.245106
1462,1.203559
1463,1.105531
1464,1.172728
1465,1.118102
1466,0.997120
1467,1.160519
1468,1.222643
1469,1.010657
1470,1.287244
1471,1.130193
1472,1.048774
1473,0.988878
1474,1.234809
1475,1.063668
1476,1.118803
1477,1.126454
1478,1.161480
1479,1.421899
1480,1.067863
1481,1.119482
1482,1.021705
1483,1.192713
1484,1.188820
1485,1.214259
1486,1.016096
1487,1.127317
1488,0.987411
1489,1.152713
1490,1.148620
1491,1.174307
1492,1.093785
1493,0.951036
1494,0.941737
1495,1.082208
1496,0.816413
1497,1.078701
1498,1.218470
1499,1.102350
1500,1.287904
1501,1.094646
1502,1.170765
1503,1.222529
1504,0.992275
1505,1.320669
1506,1.080528
1507,1.152252
1508,1.143629
1509,0.932135
1510,0.971938
1511,1.057140
1512,0.989683
1513,1.028008
1514,1.209805
1515,1.278263
1516,1.104062
1517,1.256599
1518,1.262223
1519,1.110099
1520,1.160228
1521,0.931828
1522,1.034034
1523,1.107904
1524,0.914431
1525,1.145878
1526,1.214435
1527,1.052795
1528,1.017579
1529,0.975530
1530,0.977907
1531,1.188631
1532,1.078142
1533,1.187013
1534,1.220698
1535,1.042627
1536,1.084983
1537,1.021498
1538,0.962159
1539,0.833495
1540,1.140386
1541,1.050036
1542,1.229822
1543,1.018692
1544,1.121205
1545,1.110400
1546,1.091423
1547,1.151842
1548,1.394023
1549,1.062318
1550,1.051669
1551,1.107072
1552,0.861078
1553,1.032741
1554,1.273586
1555,1.003982
1556,1.167742
1557,1.088633
1558,0.973596
1559,1.110610
1560,1.154659
1561,1.214648
1562,0.907235
1563,1.045225
1564,0.809932
1565,0.895872
1566,1.229176
1567,1.022364
1568,1.294062
1569,1.282650
1570,0.863753
1571,0.880038
1572,1.033355
1573,1.082023
1574,1.135992
1575,1.307066
1576,1.011679
1577,1.166013
1578,1.150278
1579,1.099140
1580,1.404180
1581,1.228362
1582,1.379422
1583,1.062645
1584,0.940361
1585,1.154664
1586,0.967211
1587,1.011808
1588,1.246231
1589,1.186338
1590,1.116475
1591,1.005620
1592,1.052369
1593,1.313131
1594,1.119628
1595,1.130948
1596,1.178969
1597,1.128628
1598,1.131185
1599,1.080505
1600,0.855778
1601,1.055150
1602,0.912043
1603,1.003422
1604,0.977114
1605,0.956877
1606,1.223561
1607,0.923063
1608,1.286269
1609,1.080507
1610,1.274382
1611,1.001924
1612,0.966816
1613,0.915909
1614,0.841572
1615,1.036965
1616,1.023771
1617,0.983909
1618,1.030241
1619,0.985011
1620,0.969348
1621,1.045455
1622,1.064163
1623,1.136019
1624,1.074884
1625,0.925873
1626,1.145870
1627,1.058737
1628,1.200671
1629,0.960191
1630,0.890867
1631,1.128878
1632,1.088086
1633,0.943952
1634,0.950647
1635,1.131031
1636,1.082003
1637,1.075142
1638,1.029235
1639,1.087579
1640,1.012807
1641,1.029659
1642,1.215541
1643,1.268213
1644,1.075135
1645,1.064369
1646,1.032991
1647,0.973347
1648,1.240678
1649,1.503538
1650,1.325351
1651,1.078905
1652,1.166095
1653,1.276174
1654,1.041419
1655,1.007553
1656,1.103412
1657,1.074550
1658,0.921016
1659,1.456601
1660,1.086539
1661,1.147122
1662,1.088291
1663,1.162730
1664,1.098412
1665,1.010825
1666,1.049916
1667,1.171930
1668,1.310690
1669,0.964167
1670,0.984054
1671,1.015348
1672,0.877600
1673,0.960298
1674,1.152234
1675,1.242964
1676,1.315779
1677,1.250222
1678,0.890871
1679,0.867230
1680,1.027470
1681,1.144052
1682,1.184483
1683,0.965228
1684,1.021976
1685,1.066121
1686,0.817773
1687,0.955497
1688,1.202509
1689,1.104858
1690,1.095753
1691,1.040259
1692,1.224948
1693,1.149157
1694,1.093479
1695,0.879278
1696,1.250985
1697,1.032856
1698,1.164004
1699,1.142598
1700,1.128139
1701,1.202188
1702,0.846970
1703,1.204046
1704,0.986037
1705,0.978957
1706,1.096255
1707,1.242339
1708,1.179627
1709,1.002081
1710,1.119293
1711,0.938734
1712,0.971418
1713,1.240423
1714,1.156700
1715,1.032288
1716,1.133812
1717,0.957868
1718,1.179913
1719,1.235433
1720,1.306772
1721,1.128529
1722,1.096985
1723,1.217575
1724,1.192867
1725,1.244036
1726,1.178185
1727,1.147212
1728,1.101154
1729,1.106492
1730,1.015412
1731,1.113471
1732,1.009359
1733,1.312505
1734,0.872840
1735,1.081833
1736,1.094818
1737,0.912649
1738,1.172276
1739,1.017677
1740,1.184820
1741,1.256988
1742,1.122359
1743,1.097084
1744,1.158840
1745,1.084517
1746,1.167284
1747,1.146611
1748,1.075845
1749,1.163401
1750,1.026034
1751,0.991141
1752,1.085155
1753,1.094304
1754,1.040188
1755,1.106396
1756,0.899200
1757,0.986132
1758,1.002792
1759,0.986402
1760,1.187613
1761,0.910972
1762,1.011184
1763,0.988031
1764,1.088814
1765,1.193365
1766,1.050916
1767,1.036989
1768,1.079437
1769,0.976590
1770,0.992733
1771,1.141973
1772,1.062347
1773,1.098248
1774,1.002626
1775,1.045474
1776,1.120523
1777,1.084686
1778,1.068889
1779,1.032290
1780,0.925892
1781,0.873724
1782,1.032522
1783,1.034699
1784,0.994454
1785,1.082251
1786,1.040904
1787,1.043418
1788,1.119790
1789,1.035297
1790,1.018780
1791,0.987404
1792,1.092421
1793,1.043943
1794,1.022669
1795,1.059175
1796,1.023953
1797,1.134133
1798,1.135406
1799,1.233267
1800,1.033649
1801,0.946542
1802,1.071800
1803,1.031386
1804,0.965752
1805,0.933678
1806,0.973101
1807,0.999280
1808,1.050103
1809,0.885108
1810,1.061174
1811,0.982088
1812,0.972789
1813,1.040549
1814,0.850777
1815,1.058715
1816,1.050253
1817,0.940638
1818,0.755381
1819,1.020427
1820,0.842565
1821,1.041327
1822,0.838625
1823,0.798071
1824,0.950723
1825,0.947965
1826,1.105321
1827,0.967743
1828,1.060082
1829,0.932482
1830,1.093397
1831,0.995497
1832,1.080215
1833,0.968940
1834,0.870444
1835,1.012916
1836,0.786951
1837,0.898287
1838,0.997404
1839,1.007644
1840,0.999014
1841,1.139573
1842,1.143368
1843,1.105819
1844,1.128679
1845,1.022793
1846,1.002537
1847,0.829031
1848,1.069291
1849,0.993307
1850,1.096268
1851,1.010752
1852,1.438652
1853,1.306896
1854,0.924990
1855,0.928797
1856,1.025081
1857,0.924252
1858,0.907965
1859,1.033217
1860,1.259330
1861,1.057459
1862,1.021345
1863,1.060314
1864,1.252439
1865,1.049293
1866,1.100891
1867,1.251075
1868,1.128587
1869,0.930609
1870,1.030520
1871,1.114630
1872,1.041010
1873,1.018451
1874,1.067772
1875,1.298678
1876,0.857881
1877,1.090525
1878,0.880951
1879,0.909589
1880,0.985017
1881,1.080256
1882,1.039248
1883,1.132601
1884,1.013865
1885,0.860936
1886,0.992150
1887,1.037009
1888,0.863185
1889,1.064057
1890,0.853902
1891,0.773414
1892,1.022844
1893,0.906608
1894,1.077504
1895,1.142411
1896,1.081089
1897,0.932226
1898,0.992235
1899,1.201469
1900,1.278999
1901,1.181883
1902,1.164724
1903,1.063061
1904,0.928865
1905,1.120358
1906,1.004582
1907,1.073056
1908,1.163385
1909,0.986976
1910,0.982972
1911,0.957130
1912,0.799144
1913,0.938664
1914,1.073156
1915,1.126418
1916,0.929831
1917,1.061073
1918,1.093177
1919,0.805327
1920,0.867375
1921,0.857553
1922,0.833946
1923,0.941845
1924,0.944840
1925,0.884194
1926,1.084608
1927,0.813652
1928,1.046672
1929,0.900017
1930,0.860294
1931,1.062540
1932,0.934496
1933,0.906342
1934,0.997623
1935,1.027329
1936,0.861261
1937,0.960840
1938,0.841682
1939,1.053282
1940,0.986027
1941,0.904605
1942,1.010463
1943,0.980530
1944,0.982580
1945,0.977042
1946,0.881865
1947,0.975907
1948,0.998386
1949,0.925505
1950,1.076475
1951,0.957264
1952,0.775699
1953,1.033621
1954,1.074716
1955,0.794976
1956,1.030073
1957,0.967705
1958,0.974888
1959,0.866659
1960,1.045031
1961,1.025848
1962,0.988023
1963,1.170770
1964,0.981198
1965,0.937193
1966,1.077435
1967,0.881966
1968,1.094977
1969,0.869950
1970,0.951546
1971,1.026021
1972,0.924966
1973,1.026145
1974,1.115100
1975,0.984480
1976,1.029008
1977,1.027639
1978,1.123034
1979,0.880056
1980,0.931073
1981,0.910798
1982,0.895474
1983,1.108912
1984,1.031186
1985,0.891910
1986,0.840044
1987,1.025176
1988,1.148054
1989,0.922932
1990,1.055576
1991,0.938115
1992,0.856052
1993,0.978751
1994,0.873505
1995,1.065796
1996,0.832916
1997,0.985318
1998,1.048221
1999,0.923677
2000,0.875112
2001,0.912925
2002,0.671667
2003,0.831820
2004,1.266432
2005,1.140783
2006,1.049160
2007,1.033483
2008,0.826815
2009,1.028201
2010,1.106465
2011,0.895667
2012,1.087386
2013,0.846647
2014,1.036313
2015,1.028693
2016,0.860169
2017,1.060942
2018,1.006065
2019,1.150806
2020,0.747869
2021,1.043250
2022,0.978555
2023,1.078244
2024,0.982917
2025,0.966241
2026,1.031452
2027,0.906533
2028,1.175871
2029,0.870041
2030,0.944582
2031,1.123626
2032,1.133501
2033,1.148742
2034,0.880022
2035,0.954641
2036,0.974550
2037,1.048419
2038,0.982140
2039,1.038873
2040,0.842991
2041,1.301982
2042,1.005973
2043,0.843327
2044,1.181792
2045,0.942764
2046,0.983206
2047,0.961337
2048,0.847374
2049,1.132300
2050,0.829308
2051,0.987396
2052,0.889444
2053,1.057301
2054,0.844118
2055,0.869575
2056,0.847885
2057,0.878750
2058,0.962696
2059,0.944539
2060,0.771352
2061,1.003896
2062,1.037938
2063,0.986627
2064,0.861143
2065,1.121354
2066,1.005637
2067,0.964889
2068,1.233596
2069,0.981004
2070,0.822111
2071,0.993443
2072,1.059198
2073,0.848446
2074,1.087504
2075,0.895777
2076,0.947280
2077,0.952294
2078,0.920787
2079,1.102728
2080,0.886966
2081,0.726325
2082,0.999764
2083,0.979316
2084,0.895136
2085,0.879473
2086,0.804483
2087,0.984616
2088,0.924097
2089,0.948450
2090,0.879259
2091,0.733772
2092,0.905778
2093,1.169597
2094,1.086491
2095,1.021996
2096,0.958364
2097,0.865104
2098,1.083299
2099,1.152712
2100,1.051112
2101,1.043551
2102,0.913140
2103,0.900783
2104,0.873578
2105,0.844012
2106,0.937702
2107,0.914443
2108,1.200386
2109,1.207746
2110,1.236749
2111,1.156760
2112,1.065956
2113,0.945463
2114,0.934166
2115,0.915938
2116,0.935450
2117,1.116542
2118,1.009242
2119,0.886808
2120,0.947506
2121,0.976293
2122,0.927864
2123,0.980828
2124,1.000885
2125,0.947777
2126,1.055212
2127,0.995980
2128,0.920410
2129,0.935181
2130,1.016006
2131,0.977678
2132,1.023804
2133,0.853350
2134,0.971721
2135,0.750822
2136,0.872127
2137,0.865440
2138,1.072723
2139,0.861056
2140,0.768697
2141,0.871267
2142,0.643178
2143,1.110048
2144,1.042726
2145,0.735824
2146,0.876573
2147,0.976620
2148,0.975519
2149,0.782035
2150,0.856312
2151,1.035950
2152,0.922698
2153,0.967481
2154,1.016047
2155,0.998255
2156,0.820457
2157,1.180115
2158,0.987924
2159,0.893012
2160,0.907412
2161,1.098075
2162,0.868032
2163,1.059686
2164,0.960191
2165,0.880528
2166,1.083738
2167,1.161440
2168,1.132161
2169,0.892725
2170,1.221414
2171,0.899672
2172,1.092818
2173,0.770891
2174,1.056314
2175,0.859537
2176,1.054631
2177,1.083796
2178,0.981561
2179,1.045372
2180,1.068692
2181,1.009798
2182,0.895772
2183,0.805266
2184,0.814801
2185,0.944540
2186,1.199399
2187,0.852762
2188,0.897700
2189,0.947711
2190,0.905410
2191,0.934581
2192,0.867116
2193,0.904548
2194,0.973494
2195,0.708743
2196,1.076050
2197,0.982035
2198,1.044299
2199,1.039526
2200,0.959231
2201,0.860097
2202,0.893103
2203,0.962400
2204,0.990622
2205,0.922978
2206,1.035972
2207,0.919604
2208,0.995422
2209,0.898163
2210,0.999536
2211,0.883825
2212,0.977931
2213,1.236229
2214,0.851802
2215,0.937957
2216,1.013766
2217,0.955033
2218,0.946435
2219,0.937302
2220,0.965263
2221,1.117535
2222,1.073925
2223,0.976417
2224,0.920149
2225,0.848321
2226,0.968311
2227,1.002215
2228,0.774154
2229,1.098250
2230,0.938717
2231,1.013859
2232,0.890066
2233,0.955040
2234,1.050559
2235,0.975560
2236,0.911923
2237,0.896229
2238,0.961627
2239,0.807312
2240,0.772395
2241,0.971598
2242,0.880709
2243,0.836855
2244,0.888068
2245,0.826721
2246,0.897030
2247,0.876648
2248,1.026036
2249,0.877545
2250,0.698190
2251,0.704680
2252,0.900026
2253,1.044439
2254,0.916901
2255,0.975295
2256,0.923940
2257,0.970909
2258,0.945089
2259,0.849202
2260,1.068563
2261,0.736104
2262,0.976112
2263,0.880627
2264,0.827387
2265,0.916507
2266,0.839674
2267,0.849843
2268,0.934756
2269,0.842783
2270,0.756327
2271,1.228199
2272,1.273497
2273,0.782353
2274,0.878120
2275,0.978130
2276,0.963207
2277,1.070575
2278,0.902943
2279,0.905961
2280,0.900804
2281,0.900601
2282,1.007728
2283,0.847053
2284,0.829890
2285,1.002429
2286,0.784939
2287,0.916055
2288,0.807557
2289,1.076315
2290,0.858523
2291,0.807563
2292,0.936161
2293,0.807137
2294,0.892136
2295,0.994113
2296,0.967025
2297,0.949473
2298,0.799636
2299,1.065674
2300,0.819062
2301,1.050975
2302,1.134363
2303,0.845442
2304,0.941453
2305,0.941714
2306,1.088073
2307,0.772088
2308,1.013564
2309,0.861889
2310,0.909123
2311,1.071704
2312,1.050766
2313,0.779285
2314,0.999533
2315,0.874550
2316,0.894971
2317,0.964179
2318,0.763332
2319,0.968314
2320,0.899729
2321,0.752070
2322,1.058684
2323,0.981373
2324,0.835156
2325,1.086482
2326,1.059239
2327,1.043478
2328,1.038399
2329,0.897983
2330,0.918078
2331,0.919791
2332,0.753052
2333,0.920711
2334,0.795246
2335,0.838037
2336,0.819864
2337,0.912928
2338,0.960260
2339,0.713805
2340,0.909924
2341,1.025516
2342,0.924304
2343,0.978416
2344,0.983076
2345,1.030586
2346,0.956061
2347,0.998591
2348,0.844915
2349,0.727137
2350,0.965313
2351,0.907645
2352,0.722699
2353,0.876681
2354,0.994249
2355,0.960478
2356,0.892014
2357,0.791858
2358,0.937087
2359,0.767670
2360,0.973772
2361,0.858645
2362,0.727083
2363,0.908348
2364,0.753904
2365,1.150996
2366,0.723618
2367,1.062401
2368,0.804769
2369,1.054505
2370,1.010320
2371,1.021092
2372,0.777654
2373,0.738732
2374,0.817936
2375,0.764268
2376,1.121651
2377,0.807193
2378,1.052792
2379,0.817848
2380,1.046189
2381,0.961393
2382,1.065300
2383,0.890184
2384,1.082659
2385,1.001775
2386,1.027034
2387,0.923747
2388,0.945984
2389,0.854229
2390,0.888032
2391,0.810401
2392,0.865663
2393,1.183670
2394,1.099180
2395,0.817134
2396,0.951427
2397,0.936516
2398,0.905522
2399,0.848384
2400,1.020677
2401,0.898380
2402,1.013008
2403,0.916059
2404,1.018983
2405,0.893906
2406,0.773789
2407,0.820179
2408,0.823036
2409,0.611647
2410,0.996079
2411,0.833919
2412,0.720806
2413,0.919745
2414,0.972662
2415,0.699044
2416,0.856455
2417,0.836252
2418,1.003816
2419,0.795212
2420,1.006178
2421,0.998789
2422,1.004706
2423,0.839442
2424,1.088521
2425,0.856639
2426,1.208727
2427,0.914363
2428,0.773506
2429,0.729067
2430,1.035006
2431,0.896029
2432,0.953797
2433,0.850443
2434,0.921972
2435,0.662589
2436,0.823823
2437,0.867182
2438,0.752101
2439,0.835397
2440,0.887599
2441,0.715826
2442,0.933587
2443,0.847015
2444,0.957124
2445,1.032519
2446,0.821220
2447,0.886880
2448,0.916328
2449,1.007150
2450,0.894220
2451,0.705054
2452,0.754398
2453,0.830639
2454,1.004075
2455,0.707400
2456,1.095240
2457,0.724737
2458,0.897663
2459,0.827612
2460,1.013245
2461,0.624009
2462,0.659437
2463,0.916177
2464,0.911991
2465,0.844761
2466,0.914675
2467,0.725518
2468,0.739236
2469,0.962270
2470,0.697332
2471,0.761004
2472,0.875530
2473,0.944900
2474,0.882950
2475,0.775719
2476,0.737252
2477,0.867080
2478,0.837364
2479,0.831592
2480,1.126614
2481,0.979122
2482,0.904237
2483,0.672313
2484,1.031493
2485,0.745066
2486,0.782818
2487,0.950285
2488,0.778612
2489,1.041322
2490,0.839278
2491,0.792725
2492,0.754933
2493,0.960995
2494,0.721891
2495,0.929726
2496,1.028457
2497,0.918445
2498,0.800573
2499,1.099248
2500,1.308484
2501,0.962947
2502,1.112905
2503,1.083439
2504,0.705213
2505,0.948350
2506,0.778276
2507,0.984204
2508,1.065506
2509,0.977043
2510,0.939609
2511,1.067829
2512,0.855349
2513,0.936178
2514,1.052054
2515,0.921741
2516,0.785399
2517,1.043080
2518,1.020686
2519,0.860698
2520,0.869551
2521,0.919104
2522,0.751711
2523,1.430225
2524,1.572514
2525,1.266114
2526,1.411092
2527,1.223870
2528,0.837581
2529,0.927029
2530,0.728314
2531,0.910802
2532,0.821797
2533,0.757449
2534,0.821253
2535,0.929363
2536,0.904469
2537,0.925975
2538,0.947575
2539,0.630997
2540,0.877800
2541,0.995055
2542,0.970571
2543,0.874706
2544,0.880592
2545,0.863256
2546,0.918730
2547,1.016564
2548,0.726599
2549,0.888463
2550,0.924938
2551,0.769111
2552,0.688352
2553,0.669717
2554,0.824099
2555,0.902034
2556,0.726508
2557,0.738510
2558,0.799001
2559,0.803421
2560,0.835753
2561,0.790054
2562,0.773522
2563,0.942834
2564,0.871290
2565,0.887434
2566,0.862173
2567,1.033881
2568,0.964116
2569,0.884490
2570,1.055923
2571,0.883128
2572,0.796260
2573,0.958827
2574,0.669037
2575,1.102231
2576,1.147794
2577,0.853195
2578,0.830480
2579,0.893234
2580,0.950001
2581,0.715463
2582,0.723632
2583,0.749612
2584,0.820651
2585,0.983073
2586,0.858673
2587,1.003708
2588,0.753013
2589,0.714692
2590,1.099221
2591,0.779188
2592,0.862471
2593,0.918905
2594,0.946608
2595,1.012428
2596,1.070638
2597,0.960174
2598,0.763875
2599,0.847276
2600,0.878127
2601,0.982817
2602,0.890811
2603,0.928283
2604,1.082524
2605,1.060337
2606,0.969690
2607,0.963568
2608,0.977975
2609,0.849178
2610,0.739061
2611,0.885725
2612,0.799713
2613,0.844698
2614,0.825725
2615,0.771248
2616,0.740328
2617,0.944071
2618,0.862332
2619,0.920153
2620,0.781316
2621,0.970681
2622,0.653647
2623,1.023690
2624,0.750739
2625,0.776896
2626,0.859402
2627,0.896972
2628,1.083475
2629,0.897960
2630,0.878369
2631,0.838713
2632,0.869202
2633,0.731290
2634,0.738145
2635,0.805129
2636,0.890052
2637,1.051912
2638,0.663357
2639,0.714897
2640,0.845046
2641,0.898644
2642,0.809297
2643,0.809831
2644,0.709996
2645,0.732880
2646,0.842375
2647,0.696014
2648,0.691557
2649,0.588652
2650,0.603438
2651,0.827126
2652,0.759967
2653,1.060097
2654,0.876069
2655,0.875535
2656,0.803162
2657,0.806037
2658,0.622626
2659,0.785184
2660,0.771898
2661,0.872624
2662,0.913489
2663,0.896727
2664,1.022547
2665,0.961566
2666,0.980411
2667,1.025317
2668,0.763382
2669,0.785391
2670,0.932262
2671,1.128184
2672,0.825947
2673,0.784853
2674,0.871150
2675,0.830510
2676,0.687729
2677,0.712220
2678,0.896421
2679,0.509664
2680,0.880243
2681,0.811778
2682,0.755458
2683,0.682658
2684,0.830278
2685,0.843255
2686,0.968022
2687,0.743715
2688,0.771583
2689,0.761715
2690,0.888803
2691,0.818889
2692,0.764112
2693,0.696663
2694,0.803468
2695,0.658942
2696,0.805394
2697,0.860474
2698,0.900583
2699,0.999733
2700,0.979156
2701,0.883355
2702,0.802615
2703,0.874473
2704,0.751134
2705,0.770187
2706,0.799016
2707,0.919209
2708,0.790087
2709,0.847959
2710,0.762648
2711,0.750200
2712,0.762405
2713,0.744704
2714,0.761588
2715,0.980506
2716,0.781629
2717,0.913976
2718,0.598759
2719,0.729194
2720,0.931192
2721,0.782589
2722,0.875721
2723,0.770617
2724,0.850827
2725,0.877461
2726,0.733048
2727,0.829331
2728,0.812492
2729,0.797444
2730,0.691097
2731,0.794758
2732,0.894221
2733,0.872526
2734,0.834600
2735,0.898549
2736,1.089932
2737,0.960620
2738,0.713938
2739,1.024844
2740,0.845693
2741,0.803575
2742,0.929123
2743,0.900604
2744,0.845823
2745,0.952318
2746,0.755137
2747,0.669720
2748,0.873033
2749,0.614903
2750,0.742184
2751,0.558757
2752,0.913415
2753,0.771502
2754,0.652394
2755,0.689429
2756,0.929480
2757,0.766308
2758,0.785534
2759,0.798540
2760,0.785555
2761,0.720290
2762,0.689887
2763,0.933778
2764,0.662332
2765,0.606054
2766,0.760453
2767,0.806917
2768,0.821474
2769,0.542513
2770,0.908184
2771,0.789371
2772,0.634425
2773,0.969900
2774,0.745942
2775,0.732695
2776,0.893016
2777,0.811323
2778,1.027593
2779,0.804834
2780,0.935395
2781,0.647057
2782,0.702033
2783,0.635573
2784,0.815155
2785,0.870759
2786,0.636289
2787,0.724482
2788,0.808355
2789,0.698342
2790,0.821485
2791,0.606257
2792,0.665093
2793,0.906242
2794,0.684700
2795,0.678312
2796,0.786546
2797,0.829463
2798,0.874352
2799,0.867609
2800,0.937159
2801,0.862674
2802,0.784657
2803,0.757591
2804,0.789985
2805,0.776709
2806,0.801179
2807,0.800569
2808,0.571454
2809,0.832094
2810,0.868187
2811,0.737349
2812,0.828100
2813,0.895762
2814,0.719541
2815,0.769017
2816,1.062561
2817,0.853087
2818,0.942284
2819,0.648718
2820,0.813145
2821,0.659592
2822,0.725973
2823,0.611039
2824,0.614806
2825,1.087923
2826,0.588179
2827,0.796647
2828,0.691159
2829,0.831580
2830,1.163006
2831,0.953191
2832,0.815021
2833,0.874537
2834,0.810776
2835,0.629057
2836,0.874163
2837,0.859460
2838,0.771694
2839,0.734241
2840,0.755537
2841,0.886217
2842,0.732071
2843,1.141573
2844,0.908657
2845,0.730608
2846,0.747902
2847,0.714122
2848,0.855806
2849,0.863627
2850,0.846265
2851,0.794348
2852,0.695330
2853,0.965893
2854,0.798175
2855,0.735494
2856,0.757941
2857,0.606905
2858,0.799415
2859,0.918857
2860,0.884729
2861,0.716633
2862,0.639298
2863,0.958428
2864,0.809266
2865,0.747782
2866,0.734076
2867,0.771963
2868,0.634747
2869,0.791349
2870,1.057903
2871,0.966658
2872,0.685770
2873,0.782562
2874,0.766652
2875,0.746190
2876,0.812211
2877,0.775524
2878,0.814909
2879,0.767510
2880,0.802376
2881,0.742871
2882,0.942837
2883,0.787177
2884,0.910662
2885,0.637421
2886,0.967339
2887,1.019026
2888,0.835023
2889,0.675863
2890,0.821218
2891,0.823245
2892,0.805589
2893,0.864311
2894,0.917897
2895,0.773305
2896,0.716572
2897,0.897828
2898,0.747050
2899,0.912338
2900,0.885292
2901,0.854078
2902,0.969948
2903,0.808724
2904,0.779713
2905,0.891762
2906,0.884718
2907,0.735149
2908,0.766381
2909,0.695747
2910,0.719292
2911,0.884496
2912,0.925503
2913,0.772663
2914,0.593329
2915,0.761114
2916,0.831404
2917,0.786738
2918,0.890517
2919,0.933434
2920,0.720513
2921,0.896704
2922,0.932517
2923,0.643514
2924,0.863165
2925,0.808207
2926,0.813786
2927,0.773540
2928,0.800041
2929,0.787258
2930,0.740511
2931,0.691600
2932,0.901763
2933,0.624256
2934,0.769272
2935,0.856194
2936,0.911236
2937,0.747907
2938,0.808481
2939,0.637807
2940,0.678783
2941,0.809256
2942,0.616083
2943,0.813418
2944,0.765594
2945,0.854543
2946,0.809700
2947,0.693868
2948,0.827299
2949,0.604106
2950,0.674067
2951,0.675913
2952,0.865469
2953,0.833226
2954,0.808737
2955,0.844425
2956,0.890995
2957,0.724891
2958,0.556787
2959,0.848066
2960,0.831325
2961,0.795707
2962,0.840222
2963,0.679853
2964,0.817232
2965,0.701454
2966,0.777727
2967,0.964885
2968,0.708319
2969,0.734272
2970,0.803613
2971,0.716485
2972,0.797151
2973,0.714734
2974,0.550940
2975,0.675074
2976,0.629678
2977,0.908525
2978,0.818499
2979,0.737615
2980,0.729059
2981,0.907532
2982,0.766587
2983,0.637107
2984,0.824485
2985,0.867768
2986,0.949377
2987,0.859871
2988,0.794084
2989,0.747038
2990,0.831681
2991,0.706328
2992,0.732268
2993,0.913581
2994,0.666265
2995,0.737827
2996,0.748251
2997,0.853417
2998,0.872652
2999,0.943114
3000,0.635353
3001,0.702444
3002,0.708244
3003,0.739631
3004,0.806229
3005,0.639641
3006,0.558760
3007,0.666330
3008,0.910308
3009,0.824398
3010,0.661537
3011,0.589953
3012,0.633224
3013,0.770661
3014,0.865198
3015,0.770631
3016,0.769559
3017,0.633599
3018,0.715081
3019,0.644996
3020,0.840470
3021,0.746826
3022,0.755389
3023,0.836868
3024,0.666824
3025,0.863622
3026,0.604610
3027,0.653170
3028,0.728575
3029,0.807656
3030,0.609424
3031,0.736950
3032,0.877747
3033,0.788733
3034,0.522638
3035,0.728132
3036,0.628725
3037,0.603396
3038,0.840022
3039,0.716099
3040,0.875176
3041,0.668985
3042,0.886802
3043,0.722974
3044,0.704767
3045,0.628148
3046,0.653578
3047,0.547315
3048,0.772406
3049,0.865810
3050,0.972963
3051,0.854918
3052,0.853996
3053,0.813879
3054,0.957645
3055,0.594087
3056,0.743694
3057,0.549274
3058,0.767911
3059,0.644543
3060,0.618678
3061,0.722172
3062,0.598368
3063,0.753376
3064,0.748097
3065,0.709479
3066,0.666156
3067,0.820706
3068,0.840127
3069,0.774048
3070,0.924257
3071,0.766212
3072,0.737505
3073,0.647698
3074,0.621741
3075,0.741316
3076,0.873442
3077,0.779996
3078,0.690065
3079,0.713176
3080,0.895752
3081,0.597369
3082,0.698262
3083,0.754636
3084,0.678686
3085,0.694631
3086,0.729773
3087,0.778291
3088,0.932233
3089,0.779730
3090,0.645063
3091,0.576556
3092,0.759604
3093,0.624521
3094,0.690057
3095,0.822449
3096,0.819526
3097,0.912866
3098,0.609296
3099,0.712302
3100,0.702225
3101,0.992513
3102,0.758013
3103,0.784772
3104,0.571554
3105,0.800521
3106,0.674949
3107,0.856231
3108,0.866183
3109,0.743129
3110,0.922542
3111,0.867879
3112,0.724122
3113,1.002127
3114,0.814008
3115,0.871169
3116,0.850568
3117,0.851666
3118,0.732980
3119,0.632595
3120,0.834667
3121,0.546719
3122,0.794344
3123,0.503967
3124,0.571694
3125,0.676567
3126,0.888156
3127,0.767689
3128,0.731858
3129,0.761270
3130,0.947121
3131,0.630309
3132,0.881097
3133,0.665529
3134,0.854516
3135,0.528737
3136,0.774050
3137,0.822395
3138,0.776546
3139,0.759831
3140,0.780877
3141,0.698117
3142,0.560475
3143,0.770726
3144,0.671412
3145,0.741298
3146,0.746231
3147,0.761260
3148,0.476672
3149,0.683154
3150,0.791026
3151,0.573047
3152,0.629933
3153,0.782348
3154,0.643373
3155,0.873566
3156,0.632910
3157,0.626911
3158,0.695932
3159,0.680405
3160,0.677973
3161,0.721189
3162,0.587515
3163,0.672990
3164,0.547655
3165,0.556418
3166,0.672273
3167,0.694843
3168,0.583235
3169,0.662664
3170,0.699039
3171,0.692888
3172,0.878256
3173,0.744986
3174,0.817754
3175,0.579324
3176,0.807586
3177,0.729275
3178,0.664915
3179,0.630864
3180,0.681803
3181,0.657898
3182,0.641560
3183,0.741010
3184,0.819855
3185,0.641190
3186,0.452092
3187,0.511554
3188,0.613953
3189,0.692069
3190,0.802205
3191,0.620965
3192,0.695227
3193,0.851968
3194,0.660918
3195,0.748401
3196,0.761479
3197,0.638084
3198,0.680246
3199,0.781643
3200,0.807499
3201,0.644727
3202,0.678080
3203,0.797055
3204,0.843924
3205,0.717982
3206,0.530410
3207,0.594376
3208,0.862353
3209,0.767388
3210,0.570071
3211,0.678798
3212,0.705860
3213,0.685153
3214,0.739797
3215,0.763644
3216,0.758638
3217,0.672579
3218,0.696179
3219,0.801005
3220,0.622309
3221,0.652969
3222,0.875578
3223,0.610305
3224,0.850674
3225,0.746699
3226,0.617509
3227,0.750595
3228,0.692327
3229,0.667707
3230,0.639078
3231,0.613849
3232,0.634045
3233,0.601979
3234,0.646486
3235,0.670007
3236,0.696525
3237,0.551483
3238,0.632676
3239,0.501074
3240,0.754370
3241,0.677636
3242,0.773395
3243,0.758238
3244,0.519850
3245,0.750335
3246,0.768460
3247,0.503884
3248,0.728031
3249,0.763840
3250,0.589544
3251,0.655581
3252,0.598740
3253,0.643347
3254,0.621670
3255,0.719345
3256,0.562724
3257,0.680417
3258,0.671627
3259,0.692923
3260,0.521652
3261,0.497241
3262,0.661523
3263,0.722550
3264,0.627777
3265,0.420414
3266,0.639830
3267,0.755096
3268,0.642619
3269,0.563883
3270,0.568068
3271,0.644330
3272,0.514786
3273,0.591032
3274,0.749486
3275,0.558859
3276,0.576536
3277,0.577990
3278,0.696418
3279,0.610262
3280,0.642613
3281,0.566541
3282,0.560041
3283,0.497245
3284,0.699081
3285,0.784682
3286,0.683980
3287,0.555869
3288,0.592676
3289,0.595515
3290,0.683621
3291,0.721973
3292,0.780009
3293,0.566404
3294,0.595001
3295,0.547316
3296,0.625166
3297,0.613771
3298,0.529286
3299,0.579668
3300,0.687883
3301,0.779600
3302,0.754359
3303,0.608392
3304,0.548052
3305,0.486591
3306,0.665085
3307,0.579502
3308,0.842675
3309,0.795832
3310,0.966939
3311,0.545409
3312,0.517151
3313,0.731489
3314,0.891209
3315,0.784357
3316,0.943378
3317,0.735639
3318,0.680567
3319,0.829322
3320,0.982488
3321,0.861564
3322,0.794026
3323,0.613695
3324,0.478571
3325,0.674016
3326,0.752541
3327,0.587268
3328,0.635675
3329,0.536036
3330,0.560639
3331,0.589467
3332,0.765048
3333,0.591609
3334,0.625479
3335,0.590210
3336,0.697674
3337,0.622243
3338,0.545083
3339,0.684742
3340,0.630100
3341,0.559393
3342,0.668355
3343,0.534122
3344,0.719981
3345,0.628593
3346,0.523098
3347,0.556267
3348,0.601169
3349,0.674459
3350,0.525193
3351,0.666922
3352,0.653478
3353,0.648283
3354,0.512152
3355,0.580155
3356,0.545598
3357,0.439706
3358,0.735443
3359,0.751860
3360,0.674354
3361,0.785797
3362,0.832453
3363,0.601029
3364,0.657867
3365,0.709608
3366,0.578128
3367,0.634884
3368,0.518722
3369,0.741601
3370,0.542049
3371,0.665393
3372,0.655948
3373,0.554853
3374,0.487701
3375,0.620798
3376,0.856899
3377,0.660951
3378,0.667737
3379,0.687008
3380,0.520701
3381,0.596451
3382,0.541553
3383,0.927762
3384,0.719566
3385,0.605084
3386,0.580551
3387,0.767653
3388,0.479474
3389,0.493678
3390,0.561654
3391,0.396396
3392,0.540600
3393,0.601490
3394,0.754342
3395,0.702794
3396,0.539153
3397,0.609458
3398,0.669745
3399,0.573992
3400,0.671114
3401,0.762013
3402,0.600081
3403,0.760443
3404,0.508973
3405,0.622767
3406,0.546057
3407,0.787714
3408,0.661601
3409,1.013804
3410,0.624967
3411,0.584381
3412,0.511944
3413,0.751939
3414,0.798811
3415,0.454488
3416,0.701859
3417,0.675018
3418,0.638792
3419,0.563119
3420,0.506024
3421,0.691509
3422,0.630940
3423,0.559586
3424,0.543711
3425,0.577508
3426,0.651461
3427,0.579439
3428,0.546238
3429,0.508818
3430,0.481430
3431,0.502965
3432,0.525133
3433,0.596903
3434,0.587882
3435,0.618848
3436,0.593341
3437,0.735445
3438,0.559691
3439,0.694474
3440,0.646253
3441,0.536612
3442,0.516253
3443,0.614172
3444,0.682688
3445,0.461686
3446,0.729397
3447,0.667365
3448,0.467141
3449,0.470683
3450,0.551076
3451,0.620593
3452,0.649432
3453,0.800659
3454,0.613832
3455,0.532611
3456,0.640301
3457,0.657534
3458,0.540170
3459,0.422131
3460,0.440674
3461,0.522348
3462,0.698058
3463,0.538348
3464,0.454459
3465,0.666043
3466,0.614784
3467,0.543412
3468,0.518593
3469,0.559622
3470,0.524507
3471,0.527572
3472,0.453069
3473,0.529659
3474,0.520971
3475,0.478322
3476,0.565741
3477,0.396198
3478,0.657149
3479,0.570250
3480,0.499975
3481,0.593742
3482,0.654771
3483,0.626120
3484,0.557150
3485,0.521547
3486,0.866818
3487,0.933391
3488,0.632222
3489,0.729820
3490,0.477545
3491,0.608189
3492,0.583289
3493,0.616445
3494,0.696256
3495,0.414606
3496,0.470370
3497,0.511875
3498,0.491960
3499,0.613487
3500,0.569969
3501,0.498342
3502,0.375980
3503,0.481795
3504,0.607072
3505,0.473440
3506,0.527808
3507,0.504263
3508,0.585673
3509,0.551980
3510,0.510477
3511,0.459971
3512,0.526015
3513,0.651607
3514,0.675399
3515,0.598122
3516,0.571708
3517,0.374055
3518,0.574122
3519,0.623121
3520,0.502396
3521,0.472013
3522,0.571388
3523,0.644771
3524,0.654410
3525,0.814282
3526,0.528913
3527,0.515076
3528,0.537068
3529,0.704337
3530,0.654076
3531,0.657439
3532,0.541028
3533,0.624608
3534,0.638912
3535,0.635737
3536,0.647147
3537,0.590509
3538,0.734810
3539,0.651870
3540,0.514724
3541,0.670474
3542,0.578726
3543,0.629518
3544,0.683467
3545,0.649519
3546,0.547538
3547,0.523880
3548,0.592049
3549,0.741980
3550,0.841492
3551,0.683512
3552,0.497544
3553,0.604442
3554,0.524442
3555,0.580412
3556,0.666979
3557,0.434784
3558,0.549653
3559,0.675856
3560,0.508123
3561,0.431779
3562,0.575173
3563,0.430445
3564,0.442792
3565,0.452924
3566,0.659265
3567,0.402660
3568,0.615133
3569,0.474429
3570,0.578083
3571,0.487743
3572,0.625129
3573,0.679932
3574,0.521459
3575,0.584637
3576,0.492071
3577,0.598743
3578,0.525280
3579,0.575055
3580,0.523682
3581,0.538148
3582,0.499198
3583,0.527233
3584,0.475366
3585,0.530242
3586,0.479867
3587,0.406938
3588,0.470142
3589,0.434873
3590,0.494370
3591,0.472134
3592,0.482391
3593,0.641253
3594,0.589904
3595,0.521674
3596,0.287762
3597,0.566808
3598,0.608875
3599,0.579710
3600,0.534672
3601,0.415368
3602,0.594419
3603,0.470116
3604,0.383226
3605,0.227908
3606,0.411159
3607,0.505038
3608,0.661722
3609,0.426601
3610,0.497275
3611,0.360212
3612,0.505862
3613,0.432231
3614,0.584808
3615,0.424802
3616,0.489793
3617,0.576179
3618,0.522839
3619,0.496033
3620,0.592381
3621,0.583997
3622,0.602024
3623,0.482632
3624,0.604393
3625,0.588518
3626,0.533196
3627,0.468550
3628,0.375706
3629,0.432623
3630,0.428534
3631,0.442847
3632,0.506225
3633,0.417390
3634,0.482398
3635,0.521213
3636,0.456341
3637,0.473279
3638,0.503294
3639,0.452337
3640,0.530303
3641,0.534059
3642,0.419656
3643,0.492580
3644,0.467382
3645,0.584144
3646,0.435399
3647,0.606083
3648,0.595239
3649,0.634563
3650,0.537512
3651,0.450131
3652,0.487141
3653,0.529920
3654,0.600810
3655,0.565770
3656,0.535122
3657,0.469008
3658,0.463684
3659,0.484741
3660,0.642405
3661,0.532725
3662,0.584014
3663,0.464007
3664,0.485147
3665,0.619488
3666,0.627093
3667,0.637279
3668,0.510987
3669,0.451231
3670,0.454023
3671,0.578862
3672,0.474771
3673,0.449649
3674,0.443218
3675,0.437636
3676,0.521027
3677,0.455711
3678,0.488836
3679,0.625022
3680,0.449053
3681,0.363275
3682,0.466209
3683,0.398428
3684,0.560879
3685,0.575019
3686,0.516909
3687,0.547993
3688,0.501048
3689,0.462808
3690,0.433835
3691,0.466543
3692,0.321384
3693,0.517598
3694,0.405564
3695,0.442219
3696,0.484756
3697,0.487252
3698,0.691873
3699,0.536582
3700,0.472522
3701,0.481542
3702,0.620524
3703,0.511221
3704,0.555580
3705,0.537508
3706,0.531397
3707,0.477328
3708,0.604917
3709,0.405862
3710,0.528177
3711,0.520961
3712,0.389232
3713,0.354693
3714,0.570474
3715,0.482137
3716,0.422511
3717,0.418994
3718,0.450602
3719,0.419795
3720,0.438565
3721,0.447704
3722,0.552791
3723,0.608514
3724,0.550989
3725,0.462512
3726,0.426403
3727,0.412892
3728,0.561502
3729,0.469076
3730,0.474658
3731,0.507200
3732,0.465857
3733,0.516398
3734,0.659264
3735,0.479315
3736,0.541950
3737,0.458425
3738,0.430837
3739,0.516502
3740,0.595922
3741,0.475342
3742,0.447637
3743,0.603708
3744,0.455918
3745,0.355749
3746,0.457392
3747,0.472939
3748,0.353789
3749,0.375712
3750,0.419815
3751,0.392494
3752,0.462392
3753,0.461579
3754,0.371093
3755,0.500784
3756,0.459801
3757,0.336482
3758,0.472712
3759,0.603453
3760,0.534974
3761,0.536669
3762,0.394562
3763,0.341848
3764,0.294569
3765,0.558458
3766,0.451727
3767,0.529063
3768,0.419715
3769,0.435752
3770,0.424655
3771,0.484439
3772,0.417588
3773,0.431744
3774,0.387431
3775,0.418246
3776,0.497516
3777,0.420401
3778,0.413877
3779,0.433927
3780,0.535654
3781,0.571012
3782,0.499283
3783,0.498112
3784,0.427163
3785,0.550625
3786,0.492980
3787,0.496886
3788,0.350149
3789,0.388621
3790,0.532049
3791,0.556436
3792,0.532715
3793,0.461769
3794,0.374892
3795,0.602857
3796,0.599244
3797,0.434013
3798,0.359784
3799,0.456932
3800,0.454588
3801,0.402042
3802,0.684963
3803,0.474427
3804,0.543836
3805,0.536267
3806,0.449020
3807,0.496056
3808,0.500797
3809,0.570115
3810,0.514009
3811,0.495675
3812,0.513685
3813,0.492715
3814,0.471264
3815,0.437427
3816,0.568417
3817,0.547988
3818,0.374869
3819,0.469323
3820,0.460253
3821,0.520790
3822,0.554372
3823,0.519419
3824,0.380047
3825,0.469141
3826,0.542514
3827,0.464067
3828,0.381094
3829,0.331753
3830,0.312220
3831,0.517226
3832,0.386053
3833,0.469258
3834,0.335113
3835,0.454319
3836,0.533844
3837,0.406321
3838,0.570773
3839,0.369523
3840,0.513705
3841,0.603046
3842,0.583396
3843,0.610395
3844,0.490350
3845,0.337152
3846,0.684378
3847,0.556633
3848,0.541304
3849,0.378144
3850,0.383094
3851,0.396012
3852,0.518358
3853,0.461785
3854,0.467278
3855,0.525767
3856,0.630056
3857,0.535264
3858,0.532049
3859,0.389744
3860,0.503010
3861,0.575245
3862,0.660977
3863,0.461787
3864,0.477859
3865,0.597192
3866,0.552119
3867,0.583846
3868,0.503633
3869,0.486134
3870,0.465077
3871,0.427060
3872,0.541522
3873,0.416155
3874,0.462508
3875,0.560127
3876,0.561578
3877,0.493603
3878,0.397790
3879,0.462052
3880,0.364913
3881,0.441198
3882,0.464755
3883,0.384790
3884,0.379457
3885,0.481541
3886,0.647387
3887,0.509109
3888,0.531942
3889,0.410679
3890,0.449481
3891,0.448127
3892,0.351580
3893,0.432674
3894,0.387456
3895,0.494245
3896,0.477969
3897,0.476517
3898,0.456607
3899,0.346762
3900,0.456247
3901,0.488686
3902,0.435303
3903,0.509750
3904,0.509837
3905,0.569545
3906,0.619716
3907,0.576877
3908,0.563242
3909,0.411872
3910,0.359078
3911,0.379859
3912,0.418903
3913,0.431932
3914,0.450491
3915,0.399528
3916,0.392163
3917,0.335048
3918,0.371822
3919,0.442608
3920,0.392518
3921,0.378861
3922,0.439752
3923,0.389263
3924,0.332555
3925,0.388215
3926,0.438145
3927,0.426402
3928,0.390626
3929,0.383946
3930,0.393660
3931,0.504833
3932,0.472953
3933,0.426450
3934,0.422260
3935,0.457187
3936,0.358504
3937,0.403145
3938,0.436371
3939,0.461829
3940,0.369693
3941,0.393997
3942,0.442209
3943,0.436330
3944,0.421562
3945,0.405603
3946,0.452674
3947,0.836843
3948,0.456487
3949,0.407886
3950,0.408171
3951,0.322828
3952,0.309243
3953,0.427418
3954,0.582256
3955,0.559185
3956,0.463260
3957,0.445358
3958,0.439397
3959,0.432954
3960,0.559039
3961,0.518529
3962,0.584235
3963,0.380499
3964,0.508049
3965,0.515268
3966,0.606834
3967,0.588399
3968,0.353547
3969,0.368734
3970,0.432753
3971,0.414117
3972,0.464688
3973,0.346848
3974,0.359290
3975,0.387181
3976,0.383611
3977,0.528888
3978,0.526229
3979,0.351869
3980,0.379903
3981,0.459658
3982,0.533275
3983,0.451644
3984,0.477025
3985,0.440579
3986,0.394153
3987,0.406917
3988,0.362502
3989,0.408575
3990,0.436604
3991,0.410953
3992,0.540599
3993,0.481713
3994,0.378865
3995,0.387102
3996,0.398156
3997,0.437876
3998,0.325441
3999,0.413590
4000,0.398752
4001,0.380891
4002,0.359308
4003,0.378685
4004,0.423547
4005,0.363904
4006,0.435079
4007,0.327051
4008,0.444100
4009,0.357448
4010,0.411968
4011,0.414889
4012,0.346125
4013,0.355193
4014,0.379929
4015,0.416352
4016,0.379586
4017,0.380533
4018,0.399895
4019,0.403821
4020,0.347986
4021,0.333166
4022,0.364081
4023,0.339547
4024,0.361089
4025,0.463248
4026,0.426575
4027,0.366391
4028,0.331227
4029,0.328860
4030,0.369825
4031,0.371543
4032,0.361206
4033,0.427089
4034,0.413991
4035,0.507198
4036,0.333128
4037,0.388778
4038,0.309400
4039,0.446743
4040,0.431528
4041,0.355978
4042,0.366840
4043,0.461676
4044,0.407278
4045,0.488111
4046,0.355615
4047,0.434860
4048,0.465878
4049,0.457056
4050,0.434603
4051,0.617161
4052,0.536938
4053,0.590530
4054,0.576754
4055,0.567880
4056,0.386975
4057,0.404367
4058,0.424886
4059,0.371681
4060,0.554449
4061,0.436245
4062,0.438178
4063,0.449456
4064,0.334362
4065,0.307911
4066,0.357290
4067,0.511888
4068,0.528553
4069,0.412996
4070,0.305034
4071,0.334527
4072,0.486386
4073,0.444267
4074,0.504977
4075,0.436773
4076,0.331205
4077,0.343273
4078,0.419971
4079,0.437658
4080,0.445140
4081,0.473144
4082,0.433920
4083,0.443290
4084,0.478174
4085,0.355120
4086,0.538638
4087,0.471377
4088,0.479794
4089,0.412787
4090,0.378211
4091,0.342535
4092,0.300765
4093,0.403828
4094,0.440085
4095,0.521827
4096,0.538602
4097,0.442978
4098,0.310121
4099,0.415437
4100,0.331185
4101,0.382450
4102,0.350150
4103,0.306819
4104,0.361162
4105,0.286025
4106,0.388086
4107,0.342067
4108,0.385469
4109,0.350182
4110,0.434031
4111,0.405917
4112,0.445982
4113,0.247240
4114,0.300910
4115,0.407708
4116,0.382284
4117,0.335863
4118,0.354204
4119,0.401722
4120,0.360927
4121,0.381090
4122,0.373096
4123,0.396098
4124,0.408803
4125,0.383866
4126,0.369701
4127,0.374306
4128,0.520956
4129,0.487287
4130,0.443676
4131,0.461597
4132,0.408008
4133,0.468162
4134,0.477061
4135,0.532553
4136,0.405165
4137,0.461032
4138,0.312836
4139,0.419617
4140,0.399162
4141,0.391301
4142,0.299593
4143,0.347170
4144,0.272269
4145,0.277791
4146,0.312910
4147,0.313054
4148,0.335440
4149,0.343962
4150,0.347434
4151,0.344865
4152,0.425440
4153,0.324910
4154,0.452180
4155,0.366274
4156,0.353752
4157,0.417067
4158,0.411351
4159,0.348814
4160,0.393439
4161,0.405568
4162,0.295802
4163,0.358427
4164,0.339540
4165,0.307025
4166,0.359030
4167,0.320027
4168,0.382347
4169,0.311813
4170,0.382800
4171,0.370189
4172,0.404066
4173,0.368303
4174,0.340248
4175,0.399309
4176,0.197643
4177,0.381858
4178,0.460038
4179,0.330030
4180,0.426624
4181,0.356702
4182,0.465658
4183,0.282185
4184,0.406492
4185,0.379873
4186,0.357513
4187,0.313471
4188,0.415421
4189,0.353354
4190,0.313641
4191,0.301269
4192,0.299276
4193,0.314648
4194,0.329810
4195,0.360544
4196,0.357739
4197,0.433688
4198,0.531755
4199,0.424665
4200,0.385174
4201,0.360335
4202,0.379199
4203,0.479326
4204,0.376256
4205,0.390166
4206,0.330938
4207,0.375096
4208,0.449473
4209,0.720738
4210,0.533252
4211,0.515928
4212,0.287036
4213,0.335738
4214,0.427438
4215,0.410411
4216,0.375338
4217,0.405165
4218,0.391552
4219,0.401804
4220,0.530095
4221,0.361130
4222,0.378657
4223,0.408072
4224,0.563539
4225,0.495689
4226,0.413234
4227,0.549388
4228,0.571117
4229,0.602521
4230,0.421577
4231,0.545649
4232,0.467771
4233,0.423760
4234,0.385946
4235,0.312178
4236,0.395077
4237,0.455072
4238,0.348504
4239,0.387182
4240,0.416239
4241,0.387906
4242,0.394732
4243,0.317989
4244,0.396692
4245,0.394102
4246,0.329530
4247,0.320265
4248,0.331380
4249,0.345127
4250,0.381226
4251,0.290277
4252,0.333964
4253,0.365284
4254,0.284654
4255,0.364721
4256,0.384737
4257,0.394329
4258,0.407276
4259,0.346008
4260,0.325989
4261,0.378916
4262,0.341554
4263,0.382825
4264,0.270824
4265,0.314036
4266,0.320999
4267,0.304032
4268,0.262467
4269,0.247585
4270,0.288825
4271,0.271796
4272,0.330526
4273,0.301934
4274,0.300104
4275,0.351535
4276,0.401377
4277,0.246977
4278,0.341548
4279,0.272576
4280,0.332354
4281,0.378194
4282,0.354109
4283,0.326732
4284,0.294866
4285,0.329584
4286,0.352451
4287,0.325387
4288,0.370049
4289,0.390960
4290,0.372684
4291,0.398836
4292,0.347632
4293,0.467511
4294,0.328523
4295,0.309609
4296,0.583770
4297,0.416783
4298,0.472473
4299,0.482372
4300,0.374187
4301,0.245580
4302,0.416258
4303,0.503118
4304,0.469734
4305,0.415148
4306,0.381268
4307,0.476208
4308,0.389693
4309,0.284604
4310,0.432591
4311,0.431331
4312,0.417118
4313,0.316113
4314,0.393281
4315,0.509371
4316,0.346198
4317,0.399490
4318,0.415977
4319,0.371538
4320,0.375554
4321,0.458702
4322,0.330215
4323,0.394834
4324,0.300259
4325,0.411615
4326,0.387631
4327,0.407506
4328,0.487964
4329,0.425533
4330,0.385678
4331,0.388730
4332,0.375213
4333,0.423584
4334,0.323491
4335,0.338544
4336,0.381058
4337,0.546276
4338,0.511108
4339,0.319901
4340,0.302117
4341,0.384383
4342,0.306516
4343,0.469110
4344,0.393431
4345,0.515174
4346,0.390269
4347,0.295910
4348,0.330042
4349,0.401333
4350,0.412273
4351,0.318153
4352,0.326832
4353,0.351883
4354,0.317998
4355,0.340439
4356,0.373456
4357,0.335699
4358,0.392210
4359,0.299548
4360,0.396309
4361,0.336232
4362,0.285121
4363,0.326367
4364,0.300087
4365,0.371433
4366,0.336333
4367,0.278638
4368,0.443659
4369,0.382970
4370,0.425503
4371,0.307372
4372,0.392521
4373,0.326286
4374,0.366913
4375,0.338124
4376,0.349938
4377,0.227120
4378,0.377376
4379,0.299731
4380,0.289205
4381,0.360873
4382,0.300658
4383,0.278933
4384,0.344237
4385,0.357587
4386,0.361532
4387,0.362253
4388,0.284696
4389,0.327249
4390,0.381712
4391,0.333374
4392,0.359325
4393,0.294479
4394,0.258440
4395,0.312781
4396,0.370819
4397,0.270301
4398,0.448052
4399,0.307326
4400,0.341511
4401,0.372356
4402,0.427274
4403,0.437505
4404,0.253377
4405,0.341788
4406,0.420999
4407,0.409148
4408,0.356170
4409,0.400755
4410,0.376458
4411,0.383494
4412,0.536631
4413,0.477086
4414,0.504931
4415,0.561306
4416,0.304274
4417,0.386556
4418,0.324210
4419,0.361289
4420,0.307019
4421,0.302576
4422,0.369216
4423,0.336604
4424,0.488002
4425,0.368371
4426,0.347345
4427,0.400904
4428,0.350922
4429,0.420469
4430,0.364455
4431,0.292434
4432,0.358094
4433,0.448677
4434,0.335021
4435,0.340712
4436,0.357293
4437,0.317980
4438,0.300161
4439,0.287432
4440,0.378498
4441,0.373952
4442,0.382111
4443,0.302289
4444,0.317870
4445,0.345029
4446,0.499197
4447,0.473562
4448,0.297209
4449,0.331795
4450,0.312947
4451,0.426081
4452,0.451008
4453,0.388992
4454,0.362390
4455,0.334573
4456,0.281628
4457,0.394230
4458,0.389202
4459,0.346537
4460,0.388338
4461,0.493973
4462,0.373789
4463,0.383426
4464,0.404274
4465,0.626718
4466,0.399083
4467,0.340750
4468,0.372821
4469,0.338090
4470,0.301024
4471,0.291942
4472,0.234217
4473,0.252670
4474,0.310661
4475,0.343822
4476,0.350826
4477,0.312364
4478,0.289466
4479,0.377816
4480,0.509975
4481,0.334722
4482,0.341792
4483,0.301805
4484,0.362242
4485,0.380281
4486,0.309489
4487,0.328871
4488,0.364283
4489,0.318751
4490,0.278709
4491,0.365573
4492,0.449768
4493,0.313118
4494,0.338495
4495,0.396921
4496,0.520467
4497,0.363843
4498,0.385239
4499,0.364074
4500,0.350553
4501,0.378030
4502,0.316784
4503,0.411323
4504,0.385708
4505,0.269669
4506,0.290218
4507,0.278876
4508,0.360148
4509,0.355969
4510,0.283772
4511,0.275279
4512,0.284446
4513,0.297579
4514,0.351091
4515,0.240376
4516,0.303252
4517,0.279491
4518,0.314229
4519,0.255887
4520,0.305156
4521,0.310944
4522,0.310261
4523,0.415222
4524,0.343969
4525,0.351047
4526,0.248531
4527,0.301487
4528,0.401905
4529,0.348028
4530,0.424046
4531,0.363533
4532,0.314382
4533,0.336912
4534,0.334330
4535,0.410867
4536,0.332990
4537,0.324064
4538,0.495696
4539,0.294746
4540,0.258768
4541,0.311516
4542,0.353289
4543,0.295103
4544,0.351542
4545,0.293938
4546,0.272489
4547,0.343550
4548,0.279764
4549,0.295138
4550,0.267123
4551,0.303768
4552,0.270304
4553,0.287711
4554,0.246513
4555,0.297417
4556,0.312416
4557,0.305544
4558,0.270957
4559,0.321780
4560,0.311321
4561,0.300512
4562,0.317844
4563,0.315235
4564,0.281811
4565,0.334655
4566,0.323164
4567,0.254185
4568,0.240448
4569,0.305848
4570,0.346027
4571,0.380772
4572,0.339388
4573,0.265852
4574,0.269698
4575,0.313839
4576,0.279719
4577,0.302953
4578,0.343513
4579,0.279686
4580,0.350021
4581,0.363237
4582,0.289597
4583,0.286033
4584,0.281194
4585,0.305159
4586,0.342401
4587,0.309024
4588,0.291084
4589,0.328988
4590,0.356695
4591,0.286375
4592,0.290515
4593,0.276570
4594,0.327293
4595,0.343856
4596,0.278417
4597,0.281086
4598,0.303056
4599,0.307654
4600,0.300519
4601,0.305252
4602,0.409724
4603,0.340081
4604,0.291101
4605,0.317919
4606,0.332600
4607,0.323715
4608,0.314703
4609,0.335188
4610,0.354699
4611,0.373851
4612,0.479055
4613,0.366012
4614,0.349421
4615,0.318118
4616,0.317508
4617,0.313710
4618,0.271374
4619,0.319117
4620,0.338430
4621,0.374074
4622,0.389178
4623,0.364840
4624,0.332445
4625,0.268158
4626,0.287407
4627,0.282531
4628,0.392825
4629,0.332761
4630,0.292352
4631,0.293622
4632,0.242920
4633,0.404243
4634,0.346645
4635,0.374607
4636,0.381968
4637,0.332715
4638,0.358914
4639,0.292512
4640,0.263922
4641,0.239755
4642,0.287740
4643,0.320583
4644,0.411596
4645,0.330364
4646,0.273045
4647,0.237561
4648,0.266242
4649,0.304941
4650,0.295982
4651,0.311222
4652,0.223036
4653,0.430583
4654,0.447595
4655,0.330586
4656,0.344250
4657,0.303717
4658,0.295611
4659,0.295985
4660,0.259356
4661,0.435076
4662,0.280460
4663,0.265043
4664,0.268900
4665,0.279535
4666,0.305855
4667,0.370791
4668,0.339610
4669,0.326492
4670,0.298790
4671,0.303323
4672,0.303315
4673,0.307543
4674,0.393477
4675,0.343070
4676,0.304657
4677,0.314666
4678,0.275997
4679,0.239215
4680,0.409037
4681,0.314571
4682,0.436097
4683,0.355879
4684,0.285602
4685,0.262752
4686,0.315362
4687,0.277610
4688,0.317057
4689,0.256285
4690,0.355222
4691,0.277175
4692,0.526441
4693,0.308755
4694,0.417512
4695,0.361496
4696,0.268902
4697,0.303413
4698,0.398937
4699,0.332317
4700,0.321238
4701,0.288253
4702,0.424148
4703,0.406248
4704,0.279781
4705,0.373258
4706,0.376257
4707,0.446445
4708,0.464825
4709,0.485127
4710,0.372555
4711,0.317346
4712,0.440182
4713,0.357410
4714,0.276844
4715,0.244470
4716,0.262246
4717,0.291941
4718,0.328835
4719,0.361294
4720,0.277454
4721,0.327851
4722,0.329549
4723,0.383861
4724,0.312401
4725,0.327306
4726,0.332269
4727,0.231482
4728,0.292533
4729,0.340413
4730,0.307223
4731,0.235642
4732,0.265263
4733,0.399230
4734,0.427804
4735,0.292554
4736,0.267687
4737,0.281266
4738,0.269497
4739,0.250833
4740,0.264278
4741,0.483691
4742,0.403398
4743,0.339806
4744,0.311563
4745,0.272406
4746,0.329890
4747,0.339851
4748,0.276227
4749,0.359388
4750,0.245487
4751,0.338414
4752,0.355139
4753,0.389000
4754,0.257522
4755,0.350364
4756,0.448075
4757,0.360856
4758,0.402944
4759,0.421166
4760,0.279918
4761,0.298719
4762,0.275174
4763,0.355211
4764,0.374265
4765,0.250535
4766,0.296706
4767,0.332359
4768,0.313153
4769,0.258272
4770,0.312259
4771,0.248736
4772,0.291287
4773,0.244608
4774,0.307248
4775,0.340593
4776,0.320902
4777,0.261844
4778,0.314675
4779,0.334174
4780,0.330353
4781,0.309407
4782,0.367268
4783,0.259557
4784,0.329467
4785,0.248182
4786,0.276212
4787,0.327527
4788,0.334610
4789,0.330816
4790,0.320939
4791,0.356431
4792,0.261849
4793,0.297120
4794,0.289140
4795,0.310400
4796,0.317994
4797,0.280046
4798,0.483135
4799,0.347660
4800,0.326270
4801,0.323320
4802,0.229687
4803,0.305056
4804,0.336988
4805,0.318178
4806,0.341394
4807,0.370854
4808,0.348564
4809,0.322712
4810,0.240179
4811,0.481413
4812,0.350496
4813,0.311600
4814,0.294863
4815,0.246471
4816,0.354155
4817,0.308057
4818,0.277730
4819,0.289828
4820,0.346199
4821,0.319648
4822,0.350462
4823,0.325079
4824,0.273999
4825,0.428924
4826,0.348186
4827,0.245749
4828,0.480181
4829,0.288873
4830,0.630137
4831,0.410670
4832,0.382851
4833,0.418996
4834,0.406412
4835,0.366495
4836,0.313221
4837,0.317496
4838,0.369563
4839,0.320673
4840,0.278941
4841,0.318357
4842,0.396649
4843,0.434714
4844,0.313128
4845,0.249511
4846,0.298510
4847,0.328220
4848,0.276882
4849,0.271719
4850,0.369544
4851,0.322768
4852,0.280555
4853,0.254428
4854,0.262047
4855,0.252821
4856,0.254967
4857,0.235559
4858,0.261428
4859,0.225356
4860,0.269021
4861,0.330843
4862,0.305650
4863,0.233372
4864,0.232724
4865,0.310741
4866,0.286702
4867,0.231263
4868,0.233711
4869,0.385345
4870,0.251550
4871,0.301547
4872,0.234997
4873,0.271399
4874,0.224154
4875,0.326445
4876,0.301711
4877,0.285344
4878,0.322559
4879,0.257311
4880,0.290213
4881,0.287585
4882,0.429250
4883,0.323106
4884,0.340212
4885,0.326061
4886,0.487079
4887,0.352318
4888,0.293181
4889,0.315830
4890,0.421702
4891,0.309750
4892,0.361570
4893,0.284294
4894,0.296683
4895,0.279651
4896,0.253282
4897,0.339135
4898,0.264145
4899,0.265520
4900,0.259922
4901,0.229846
4902,0.305138
4903,0.307324
4904,0.318983
4905,0.231200
4906,0.354765
4907,0.404868
4908,0.446527
4909,0.326615
4910,0.254310
4911,0.316567
4912,0.319391
4913,0.311551
4914,0.303051
4915,0.313814
4916,0.346980
4917,0.347756
4918,0.280602
4919,0.321927
4920,0.536303
4921,0.437341
4922,0.309450
4923,0.472704
4924,0.454541
4925,0.561410
4926,0.447410
4927,0.369066
4928,0.303299
4929,0.370863
4930,0.347316
4931,0.312145
4932,0.486245
4933,0.307480
4934,0.366764
4935,0.261686
4936,0.284329
4937,0.265960
4938,0.325714
4939,0.229953
4940,0.280622
4941,0.252157
4942,0.309406
4943,0.361542
4944,0.298852
4945,0.422848
4946,0.478097
4947,0.402192
4948,0.538067
4949,0.348231
4950,0.419427
4951,0.637121
4952,0.480171
4953,0.678523
4954,0.607913
4955,0.452323
4956,0.484595
4957,0.382661
4958,0.377575
4959,0.292977
4960,0.418603
4961,0.280257
4962,0.572405
4963,0.311916
4964,0.338847
4965,0.305058
4966,0.423417
4967,0.440037
4968,0.294739
4969,0.264142
4970,0.301815
4971,0.276796
4972,0.332997
4973,0.372675
4974,0.311492
4975,0.295233
4976,0.375324
4977,0.406715
4978,0.345306
4979,0.441056
4980,0.402700
4981,0.370106
4982,0.427732
4983,0.386278
4984,0.315543
4985,0.355875
4986,0.357930
4987,0.341086
4988,0.457717
4989,0.348444
4990,0.322795
4991,0.382300
4992,0.358712
4993,0.337465
4994,0.368077
4995,0.347355
4996,0.397019
4997,0.404938
4998,0.293824
4999,0.260722
5000,0.367997
5001,0.319617
5002,0.340951
5003,0.272674
5004,0.258309
5005,0.320184
5006,0.232856
5007,0.226882
5008,0.292744
5009,0.295680
5010,0.242880
5011,0.258530
5012,0.254844
5013,0.227842
5014,0.213333
5015,0.234977
5016,0.218550
5017,0.352677
5018,0.194660
5019,0.250646
5020,0.278678
5021,0.226457
5022,0.301501
5023,0.324489
5024,0.262706
5025,0.328557
5026,0.265104
5027,0.247981
5028,0.324806
5029,0.255508
5030,0.339515
5031,0.327566
5032,0.355668
5033,0.321506
5034,0.267954
5035,0.294334
5036,0.324817
5037,0.223550
5038,0.247821
5039,0.290458
5040,0.244991
5041,0.312362
5042,0.407193
5043,0.291777
5044,0.309434
5045,0.306091
5046,0.272082
5047,0.220300
5048,0.242548
5049,0.295586
5050,0.308910
5051,0.273271
5052,0.245337
5053,0.230871
5054,0.252220
5055,0.301951
5056,0.437594
5057,0.287265
5058,0.248770
5059,0.252067
5060,0.240745
5061,0.232927
5062,0.299560
5063,0.208254
5064,0.228511
5065,0.218467
5066,0.256747
5067,0.288465
5068,0.304079
5069,0.286724
5070,0.341182
5071,0.356543
5072,0.242070
5073,0.259437
5074,0.332974
5075,0.339098
5076,0.279524
5077,0.314466
5078,0.253292
5079,0.263849
5080,0.283359
5081,0.357526
5082,0.272287
5083,0.267013
5084,0.229288
5085,0.379673
5086,0.345894
5087,0.267915
5088,0.325421
5089,0.346171
5090,0.308259
5091,0.295522
5092,0.292194
5093,0.322025
5094,0.270070
5095,0.306055
5096,0.283028
5097,0.255735
5098,0.273813
5099,0.357965
5100,0.285356
5101,0.343429
5102,0.244765
5103,0.261822
5104,0.243881
5105,0.294868
5106,0.333172
5107,0.315016
5108,0.257993
5109,0.318737
5110,0.262615
5111,0.224484
5112,0.245956
5113,0.270463
5114,0.256279
5115,0.282979
5116,0.218254
5117,0.257862
5118,0.283256
5119,0.278049
5120,0.314276
5121,0.240159
5122,0.256912
5123,0.264573
5124,0.218263
5125,0.226120
5126,0.263602
5127,0.305736
5128,0.287360
5129,0.297530
5130,0.282892
5131,0.252014
5132,0.195454
5133,0.255247
5134,0.254225
5135,0.246073
5136,0.263905
5137,0.258735
5138,0.298705
5139,0.214770
5140,0.221264
5141,0.320820
5142,0.386827
5143,0.293649
5144,0.332403
5145,0.309008
5146,0.261209
5147,0.279291
5148,0.288572
5149,0.294082
5150,0.326195
5151,0.247669
5152,0.292000
5153,0.340745
5154,0.317452
5155,0.295362
5156,0.287667
5157,0.224419
5158,0.192185
5159,0.255473
5160,0.276350
5161,0.202285
5162,0.252856
5163,0.270493
5164,0.271226
5165,0.278854
5166,0.241555
5167,0.245014
5168,0.329487
5169,0.339824
5170,0.340473
5171,0.293943
5172,0.397744
5173,0.288818
5174,0.301580
5175,0.317561
5176,0.246709
5177,0.213570
5178,0.200217
5179,0.248204
5180,0.290971
5181,0.282492
5182,0.259572
5183,0.317394
5184,0.333458
5185,0.302571
5186,0.262102
5187,0.247237
5188,0.262311
5189,0.273031
5190,0.226264
5191,0.277766
5192,0.247912
5193,0.278747
5194,0.236672
5195,0.191984
5196,0.342575
5197,0.315722
5198,0.301587
5199,0.274173
5200,0.299837
5201,0.295978
5202,0.279339
5203,0.255116
5204,0.283035
5205,0.308481
5206,0.310316
5207,0.260871
5208,0.218211
5209,0.522240
5210,0.565227
5211,0.401804
5212,0.423820
5213,0.422264
5214,0.271512
5215,0.272678
5216,0.378338
5217,0.402664
5218,0.413603
5219,0.253283
5220,0.251451
5221,0.338065
5222,0.393758
5223,0.346826
5224,0.295245
5225,0.239908
5226,0.274528
5227,0.263463
5228,0.248692
5229,0.259607
5230,0.302598
5231,0.290285
5232,0.235105
5233,0.384572
5234,0.372688
5235,0.363640
5236,0.269748
5237,0.282902
5238,0.355155
5239,0.291436
5240,0.248578
5241,0.399711
5242,0.278614
5243,0.219094
5244,0.250769
5245,0.274999
5246,0.264629
5247,0.235935
5248,0.252311
5249,0.221860
5250,0.246512
5251,0.217953
5252,0.235222
5253,0.249322
5254,0.263910
5255,0.275903
5256,0.303730
5257,0.251477
5258,0.264141
5259,0.255172
5260,0.317881
5261,0.278604
5262,0.232806
5263,0.211371
5264,0.287641
5265,0.304669
5266,0.225199
5267,0.288089
5268,0.383039
5269,0.283685
5270,0.265108
5271,0.289467
5272,0.234123
5273,0.264879
5274,0.290567
5275,0.382126
5276,0.259030
5277,0.248837
5278,0.216188
5279,0.324679
5280,0.298726
5281,0.289400
5282,0.357773
5283,0.180861
5284,0.243318
5285,0.225274
5286,0.215156
5287,0.223257
5288,0.301193
5289,0.311176
5290,0.222645
5291,0.282144
5292,0.235312
5293,0.269104
5294,0.274109
5295,0.292985
5296,0.225757
5297,0.229984
5298,0.268434
5299,0.268870
5300,0.271226
5301,0.208690
5302,0.209347
5303,0.281772
5304,0.310199
5305,0.244825
5306,0.261018
5307,0.249770
5308,0.222568
5309,0.347035
5310,0.376793
5311,0.224701
5312,0.221263
5313,0.300669
5314,0.288677
5315,0.314116
5316,0.293203
5317,0.307907
5318,0.335007
5319,0.386077
5320,0.331432
5321,0.340785
5322,0.245907
5323,0.299958
5324,0.296395
5325,0.261158
5326,0.287804
5327,0.310741
5328,0.290483
5329,0.912479
5330,0.861490
5331,0.590238
5332,0.409474
5333,0.373678
5334,0.533556
5335,0.563159
5336,0.248358
5337,0.354049
5338,0.402251
5339,0.454307
5340,0.365454
5341,0.285668
5342,0.262103
5343,0.315624
5344,0.385644
5345,0.310011
5346,0.289780
5347,0.261886
5348,0.244217
5349,0.309660
5350,0.360806
5351,0.290042
5352,0.263193
5353,0.186171
5354,0.262152
5355,0.291773
5356,0.211766
5357,0.284110
5358,0.371495
5359,0.259959
5360,0.304296
5361,0.265633
5362,0.204177
5363,0.246049
5364,0.292934
5365,0.230586
5366,0.244697
5367,0.335396
5368,0.272240
5369,0.244437
5370,0.314273
5371,0.336838
5372,0.275790
5373,0.236155
5374,0.322989
5375,0.312493
5376,0.328513
5377,0.290260
5378,0.311829
5379,0.267512
5380,0.253182
5381,0.257207
5382,0.276547
5383,0.303347
5384,0.270775
5385,0.242570
5386,0.366331
5387,0.282447
5388,0.361541
5389,0.276429
5390,0.267182
5391,0.279182
5392,0.204843
5393,0.225933
5394,0.250388
5395,0.278300
5396,0.258507
5397,0.280867
5398,0.250171
5399,0.295019
5400,0.239800
5401,0.271633
5402,0.257644
5403,0.298289
5404,0.261702
5405,0.209174
5406,0.286063
5407,0.230935
5408,0.205392
5409,0.209895
5410,0.288670
5411,0.225500
5412,0.255860
5413,0.230453
5414,0.251509
5415,0.228037
5416,0.263618
5417,0.230635
5418,0.252247
5419,0.317792
5420,0.344614
5421,0.350947
5422,0.211044
5423,0.295060
5424,0.356332
5425,0.267328
5426,0.354817
5427,0.271594
5428,0.288973
5429,0.320035
5430,0.270939
5431,0.219444
5432,0.280988
5433,0.270349
5434,0.294430
5435,0.275043
5436,0.216061
5437,0.308410
5438,0.295687
5439,0.328648
5440,0.243609
5441,0.262409
5442,0.186176
5443,0.254628
5444,0.265805
5445,0.231758
5446,0.206604
5447,0.238904
5448,0.267237
5449,0.316301
5450,0.259204
5451,0.257566
5452,0.290661
5453,0.275661
5454,0.379348
5455,0.334608
5456,0.243022
5457,0.349352
5458,0.237035
5459,0.338053
5460,0.325391
5461,0.259271
5462,0.221509
5463,0.307381
5464,0.278287
5465,0.293029
5466,0.324872
5467,0.249536
5468,0.231478
5469,0.235061
5470,0.294242
5471,0.336773
5472,0.343100
5473,0.328022
5474,0.276288
5475,0.255446
5476,0.266526
5477,0.231438
5478,0.279489
5479,0.265813
5480,0.228883
5481,0.231221
5482,0.429606
5483,0.232450
5484,0.330108
5485,0.261291
5486,0.295945
5487,0.283627
5488,0.251327
5489,0.342423
5490,0.261150
5491,0.302942
5492,0.245676
5493,0.276582
5494,0.267663
5495,0.246995
5496,0.374420
5497,0.315021
5498,0.277283
5499,0.291188
5500,0.287918
5501,0.344404
5502,0.300734
5503,0.294179
5504,0.254319
5505,0.270427
5506,0.188365
5507,0.211981
5508,0.272868
5509,0.251794
5510,0.224825
5511,0.227538
5512,0.215579
5513,0.247883
5514,0.249352
5515,0.201195
5516,0.203288
5517,0.198214
5518,0.247040
5519,0.261028
5520,0.265718
5521,0.247459
5522,0.207741
5523,0.230263
5524,0.341016
5525,0.312302
5526,0.236036
5527,0.198974
5528,0.247562
5529,0.288271
5530,0.293631
5531,0.291071
5532,0.257865
5533,0.248499
5534,0.278380
5535,0.290814
5536,0.395084
5537,0.272496
5538,0.413634
5539,0.290185
5540,0.264530
5541,0.208320
5542,0.284777
5543,0.306669
5544,0.285416
5545,0.284143
5546,0.269762
5547,0.259179
5548,0.254046
5549,0.223543
5550,0.251176
5551,0.316680
5552,0.239188
5553,0.299757
5554,0.276707
5555,0.278355
5556,0.284041
5557,0.300752
5558,0.251573
5559,0.214787
5560,0.287800
5561,0.251376
5562,0.238621
5563,0.244496
5564,0.260698
5565,0.274057
5566,0.452960
5567,0.272912
5568,0.273516
5569,0.252187
5570,0.228743
5571,0.284414
5572,0.305341
5573,0.302163
5574,0.244780
5575,0.380406
5576,0.439213
5577,0.421869
5578,0.446468
5579,0.245915
5580,0.265444
5581,0.207787
5582,0.215917
5583,0.293438
5584,0.293821
5585,0.258566
5586,0.248084
5587,0.303591
5588,0.282821
5589,0.239240
5590,0.322580
5591,0.383392
5592,0.402850
5593,0.268501
5594,0.293624
5595,0.399239
5596,0.343064
5597,0.301669
5598,0.258684
5599,0.296478
5600,0.248952
5601,0.197629
5602,0.214643
5603,0.184279
5604,0.218583
5605,0.247514
5606,0.272008
5607,0.239158
5608,0.219319
5609,0.251648
5610,0.269168
5611,0.211965
5612,0.274177
5613,0.218068
5614,0.260767
5615,0.245528
5616,0.248572
5617,0.272332
5618,0.359021
5619,0.290795
5620,0.241025
5621,0.209602
5622,0.268994
5623,0.249026
5624,0.250657
5625,0.218361
5626,0.232678
5627,0.248949
5628,0.254548
5629,0.295764
5630,0.222783
5631,0.307685
5632,0.239817
5633,0.202816
5634,0.197808
5635,0.222020
5636,0.233672
5637,0.266901
5638,0.241675
5639,0.260600
5640,0.225237
5641,0.271340
5642,0.235223
5643,0.253396
5644,0.206236
5645,0.244100
5646,0.305088
5647,0.245852
5648,0.271898
5649,0.260277
5650,0.256617
5651,0.288084
5652,0.237039
5653,0.215748
5654,0.248139
5655,0.247199
5656,0.250553
5657,0.229298
5658,0.410382
5659,0.273517
5660,0.266858
5661,0.305189
5662,0.275445
5663,0.278755
5664,0.267892
5665,0.288896
5666,0.298153
5667,0.231138
5668,0.268311
5669,0.208218
5670,0.250427
5671,0.243615
5672,0.275776
5673,0.303318
5674,0.251214
5675,0.235145
5676,0.262455
5677,0.232706
5678,0.277017
5679,0.261311
5680,0.245881
5681,0.269042
5682,0.184612
5683,0.295496
5684,0.253495
5685,0.243867
5686,0.318334
5687,0.345786
5688,0.326719
5689,0.298136
5690,0.330671
5691,0.319751
5692,0.247374
5693,0.249923
5694,0.375183
5695,0.294819
5696,0.221280
5697,0.232972
5698,0.252607
5699,0.210358
5700,0.254989
5701,0.242656
5702,0.213524
5703,0.252997
5704,0.254843
5705,0.234330
5706,0.197820
5707,0.185783
5708,0.214655
5709,0.184556
5710,0.299234
5711,0.265130
5712,0.257685
5713,0.241204
5714,0.167050
5715,0.196430
5716,0.246840
5717,0.309407
5718,0.189349
5719,0.199055
5720,0.214708
5721,0.203285
5722,0.252556
5723,0.237424
5724,0.223199
5725,0.202704
5726,0.261168
5727,0.270910
5728,0.203617
5729,0.240958
5730,0.254397
5731,0.256877
5732,0.229366
5733,0.233653
5734,0.186836
5735,0.224954
5736,0.220163
5737,0.258800
5738,0.256904
5739,0.191190
5740,0.191186
5741,0.154484
5742,0.221813
5743,0.263702
5744,0.326594
5745,0.322172
5746,0.197914
5747,0.258935
5748,0.264124
5749,0.244887
5750,0.249547
5751,0.273292
5752,0.314645
5753,0.274817
5754,0.372431
5755,0.285069
5756,0.243596
5757,0.345208
5758,0.245275
5759,0.209342
5760,0.246637
5761,0.295327
5762,0.287492
5763,0.220532
5764,0.264081
5765,0.307821
5766,0.241313
5767,0.271827
5768,0.212982
5769,0.260812
5770,0.249081
5771,0.152353
5772,0.236356
5773,0.182927
5774,0.256562
5775,0.253887
5776,0.316587
5777,0.210367
5778,0.196252
5779,0.242692
5780,0.241499
5781,0.257341
5782,0.255706
5783,0.280837
5784,0.232602
5785,0.207207
5786,0.249812
5787,0.232523
5788,0.241484
5789,0.213508
5790,0.291864
5791,0.239478
5792,0.240149
5793,0.218835
5794,0.269199
5795,0.249932
5796,0.232758
5797,0.183022
5798,0.342865
5799,0.337780
5800,0.236331
5801,0.212456
5802,0.260972
5803,0.203374
5804,0.192039
5805,0.225575
5806,0.286092
5807,0.345675
5808,0.273195
5809,0.217373
5810,0.248647
5811,0.196509
5812,0.282414
5813,0.235729
5814,0.316581
5815,0.289317
5816,0.262879
5817,0.207432
5818,0.304122
5819,0.282270
5820,0.281622
5821,0.237800
5822,0.259573
5823,0.245505
5824,0.294453
5825,0.284530
5826,0.273255
5827,0.217299
5828,0.315593
5829,0.284437
5830,0.198557
5831,0.214341
5832,0.255234
5833,0.269042
5834,0.251846
5835,0.276443
5836,0.343635
5837,0.304343
5838,0.337287
5839,0.291770
5840,0.270290
5841,0.200569
5842,0.258075
5843,0.221638
5844,0.276849
5845,0.301896
5846,0.233248
5847,0.277333
5848,0.272255
5849,0.252744
5850,0.307480
5851,0.355463
5852,0.287472
5853,0.181719
5854,0.246429
5855,0.356347
5856,0.260274
5857,0.282661
5858,0.324573
5859,0.342398
5860,0.425865
5861,0.248976
5862,0.262717
5863,0.276160
5864,0.330571
5865,0.256267
5866,0.272159
5867,0.246377
5868,0.314613
5869,0.376080
5870,0.282911
5871,0.251023
5872,0.383069
5873,0.280978
5874,0.316284
5875,0.298821
5876,0.311058
5877,0.334476
5878,0.198973
5879,0.255015
5880,0.319197
5881,0.258823
5882,0.212362
5883,0.295271
5884,0.272087
5885,0.302401
5886,0.263385
5887,0.168644
5888,0.258900
5889,0.341037
5890,0.286661
5891,0.225149
5892,0.234253
5893,0.254870
5894,0.212850
5895,0.261402
5896,0.257020
5897,0.263837
5898,0.281120
5899,0.273494
5900,0.263500
5901,0.192016
5902,0.226029
5903,0.326525
5904,0.274717
5905,0.250234
5906,0.259707
5907,0.243129
5908,0.326936
5909,0.291567
5910,0.247416
5911,0.259632
5912,0.332142
5913,0.222046
5914,0.251688
5915,0.238768
5916,0.259898
5917,0.359926
5918,0.292017
5919,0.195148
5920,0.265497
5921,0.368592
5922,0.285050
5923,0.271640
5924,0.252125
5925,0.222340
5926,0.263249
5927,0.262255
5928,0.206806
5929,0.216524
5930,0.177814
5931,0.212862
5932,0.202745
5933,0.196370
5934,0.205635
5935,0.218990
5936,0.239946
5937,0.242835
5938,0.249132
5939,0.231344
5940,0.233357
5941,0.237342
5942,0.315262
5943,0.185419
5944,0.272336
5945,0.248685
5946,0.168166
5947,0.189076
5948,0.182532
5949,0.188493
5950,0.203329
5951,0.307389
5952,0.291054
5953,0.244694
5954,0.303869
5955,0.345562
5956,0.312787
5957,0.199810
5958,0.255884
5959,0.293884
5960,0.229122
5961,0.186874
5962,0.233940
5963,0.359876
5964,0.375431
5965,0.215944
5966,0.188343
5967,0.169816
5968,0.211975
5969,0.243308
5970,0.437232
5971,0.186870
5972,0.241032
5973,0.332342
5974,0.298577
5975,0.234416
5976,0.233077
5977,0.324252
5978,0.376462
5979,0.316537
5980,0.337000
5981,0.235994
5982,0.272151
5983,0.297634
5984,0.340916
5985,0.383504
5986,0.339667
5987,0.689404
5988,0.345679
5989,0.260488
5990,0.268216
5991,0.311147
5992,0.276630
5993,0.262881
5994,0.304239
5995,0.239633
5996,0.323058
5997,0.262124
5998,0.202843
5999,0.163411
6000,0.248011
6001,0.244507
6002,0.275347
6003,0.279653
6004,0.267635
6005,0.252681
6006,0.178122
6007,0.282101
6008,0.221768
6009,0.217637
6010,0.297409
6011,0.209096
6012,0.174427
6013,0.201477
6014,0.234947
6015,0.307500
6016,0.215231
6017,0.287228
6018,0.245560
6019,0.228288
6020,0.211151
6021,0.240300
6022,0.261172
6023,0.254266
6024,0.228579
6025,0.190578
6026,0.232379
6027,0.223795
6028,0.217019
6029,0.197880
6030,0.227707
6031,0.226209
6032,0.223055
6033,0.221659
6034,0.220755
6035,0.258131
6036,0.236236
6037,0.190355
6038,0.170107
6039,0.256305
6040,0.205110
6041,0.245119
6042,0.314247
6043,0.276838
6044,0.283885
6045,0.203452
6046,0.278780
6047,0.333151
6048,0.214062
6049,0.260082
6050,0.302997
6051,0.254861
6052,0.377248
6053,0.268184
6054,0.311343
6055,0.278126
6056,0.202911
6057,0.221781
6058,0.253104
6059,0.215126
6060,0.164707
6061,0.225213
6062,0.282753
6063,0.336749
6064,0.258663
6065,0.217257
6066,0.251936
6067,0.244018
6068,0.317803
6069,0.241788
6070,0.211161
6071,0.268406
6072,0.259950
6073,0.208148
6074,0.259215
6075,0.244347
6076,0.237168
6077,0.240675
6078,0.212317
6079,0.218195
6080,0.247864
6081,0.264775
6082,0.267761
6083,0.292236
6084,0.243963
6085,0.192438
6086,0.325897
6087,0.284967
6088,0.274885
6089,0.370411
6090,0.308177
6091,0.346336
6092,0.215211
6093,0.549728
6094,0.373783
6095,0.330816
6096,0.268690
6097,0.219016
6098,0.303150
6099,0.273558
6100,0.191813
6101,0.300080
6102,0.332484
6103,0.286662
6104,0.206317
6105,0.277544
6106,0.391283
6107,0.373278
6108,0.327586
6109,0.252071
6110,0.290651
6111,0.249354
6112,0.361398
6113,0.352211
6114,0.260190
6115,0.289100
6116,0.237180
6117,0.237987
6118,0.255069
6119,0.240722
6120,0.246055
6121,0.256342
6122,0.284008
6123,0.258573
6124,0.244469
6125,0.214336
6126,0.244500
6127,0.210412
6128,0.197016
6129,0.198270
6130,0.220905
6131,0.220365
6132,0.244903
6133,0.232452
6134,0.210942
6135,0.263200
6136,0.395838
6137,0.278906
6138,0.216454
6139,0.264181
6140,0.380541
6141,0.263809
6142,0.220720
6143,0.259980
6144,0.292287
6145,0.263756
6146,0.292648
6147,0.256352
6148,0.233380
6149,0.224665
6150,0.238524
6151,0.244626
6152,0.221125
6153,0.228274
6154,0.254875
6155,0.208129
6156,0.226851
6157,0.223272
6158,0.236886
6159,0.217251
6160,0.268066
6161,0.226902
6162,0.228717
6163,0.193615
6164,0.219760
6165,0.242387
6166,0.271496
6167,0.252148
6168,0.210403
6169,0.249198
6170,0.235944
6171,0.229112
6172,0.442791
6173,0.355446
6174,0.379927
6175,0.301465
6176,0.255855
6177,0.476900
6178,0.275679
6179,0.369196
6180,0.220705
6181,0.271687
6182,0.355047
6183,0.319625
6184,0.216147
6185,0.229975
6186,0.401278
6187,0.444489
6188,0.428377
6189,0.338889
6190,0.326549
6191,0.382432
6192,0.397129
6193,0.300225
6194,0.301889
6195,0.343224
6196,0.266045
6197,0.325336
6198,0.263560
6199,0.261957
6200,0.255079
6201,0.232383
6202,0.299408
6203,0.380372
6204,0.268503
6205,0.312142
6206,0.204250
6207,0.243346
6208,0.280868
6209,0.212195
6210,0.172925
6211,0.215746
6212,0.223807
6213,0.268610
6214,0.228338
6215,0.181435
6216,0.189273
6217,0.263395
6218,0.174002
6219,0.237939
6220,0.299048
6221,0.289681
6222,0.242026
6223,0.216612
6224,0.240953
6225,0.252396
6226,0.171514
6227,0.239377
6228,0.259340
6229,0.236092
6230,0.241804
6231,0.272064
6232,0.261072
6233,0.247872
6234,0.286789
6235,0.281905
6236,0.296007
6237,0.220556
6238,0.209282
6239,0.285767
6240,0.234526
6241,0.236340
6242,0.224594
6243,0.231591
6244,0.228373
6245,0.253741
6246,0.276488
6247,0.279862
6248,0.242840
6249,0.204475
6250,0.263554
6251,0.215915
6252,0.176206
6253,0.184440
6254,0.262089
6255,0.205601
6256,0.213426
6257,0.249308
6258,0.273394
6259,0.224398
6260,0.247034
6261,0.267973
6262,0.302979
6263,0.222707
6264,0.265519
6265,0.257214
6266,0.257684
6267,0.195359
6268,0.215380
6269,0.224078
6270,0.189930
6271,0.182632
6272,0.229050
6273,0.213213
6274,0.252515
6275,0.200716
6276,0.204168
6277,0.179957
6278,0.193719
6279,0.212794
6280,0.198141
6281,0.273586
6282,0.229108
6283,0.235320
6284,0.262752
6285,0.249644
6286,0.250721
6287,0.274900
6288,0.254331
6289,0.266948
6290,0.275464
6291,0.230760
6292,0.285249
6293,0.198462
6294,0.245575
6295,0.202479
6296,0.303759
6297,0.283550
6298,0.336586
6299,0.267906
6300,0.338870
6301,0.256943
6302,0.230432
6303,0.282146
6304,0.395703
6305,0.223249
6306,0.225261
6307,0.306813
6308,0.353775
6309,0.256137
6310,0.312350
6311,0.287641
6312,0.194547
6313,0.271389
6314,0.321239
6315,0.282963
6316,0.283155
6317,0.251538
6318,0.343021
6319,0.238063
6320,0.331117
6321,0.232995
6322,0.290088
6323,0.278124
6324,0.277387
6325,0.210534
6326,0.202445
6327,0.289689
6328,0.265492
6329,0.233514
6330,0.295266
6331,0.295111
6332,0.232969
6333,0.388091
6334,0.210624
6335,0.228934
6336,0.257577
6337,0.207377
6338,0.273710
6339,0.283523
6340,0.184306
6341,0.312731
6342,0.210606
6343,0.191575
6344,0.177441
6345,0.227869
6346,0.223365
6347,0.211250
6348,0.210633
6349,0.273603
6350,0.266015
6351,0.381923
6352,0.223670
6353,0.239836
6354,0.242123
6355,0.367327
6356,0.257971
6357,0.248272
6358,0.474272
6359,0.338811
6360,0.703367
6361,0.366039
6362,0.232903
6363,0.319140
6364,0.308328
6365,0.247471
6366,0.168195
6367,0.245355
6368,0.312615
6369,0.303961
6370,0.302744
6371,0.271744
6372,0.255746
6373,0.252214
6374,0.335535
6375,0.274800
6376,0.233824
6377,0.327304
6378,0.370127
6379,0.312881
6380,0.273872
6381,0.298342
6382,0.306299
6383,0.252675
6384,0.288023
6385,0.302794
6386,0.242154
6387,0.214038
6388,0.220848
6389,0.206879
6390,0.267554
6391,0.169665
6392,0.242691
6393,0.214525
6394,0.229082
6395,0.258760
6396,0.317511
6397,0.241185
6398,0.209199
6399,0.300166
6400,0.268785
6401,0.224575
6402,0.323556
6403,0.243558
6404,0.305052
6405,0.289566
6406,0.201388
6407,0.249090
6408,0.236210
6409,0.213228
6410,0.260079
6411,0.378267
6412,0.255188
6413,0.204383
6414,0.275879
6415,0.280788
6416,0.197274
6417,0.216128
6418,0.278377
6419,0.199570
6420,0.256202
6421,0.207446
6422,0.297677
6423,0.214049
6424,0.273789
6425,0.285664
6426,0.377022
6427,0.272631
6428,0.315646
6429,0.271730
6430,0.269813
6431,0.182411
6432,0.276011
6433,0.226031
6434,0.250999
6435,0.253681
6436,0.188560
6437,0.187178
6438,0.223100
6439,0.322289
6440,0.260164
6441,0.281549
6442,0.348513
6443,0.281415
6444,0.197063
6445,0.247598
6446,0.273655
6447,0.288219
6448,0.217363
6449,0.199713
6450,0.351527
6451,0.289302
6452,0.236714
6453,0.227406
6454,0.256579
6455,0.207803
6456,0.238950
6457,0.229622
6458,0.252228
6459,0.245736
6460,0.222823
6461,0.208089
6462,0.187790
6463,0.247560
6464,0.263536
6465,0.210270
6466,0.197694
6467,0.257229
6468,0.188293
6469,0.244374
6470,0.216577
6471,0.272455
6472,0.261013
6473,0.188843
6474,0.223006
6475,0.203055
6476,0.208796
6477,0.205831
6478,0.203606
6479,0.234878
6480,0.223971
6481,0.203205
6482,0.265109
6483,0.240343
6484,0.269853
6485,0.269676
6486,0.221426
6487,0.231549
6488,0.268474
6489,0.291302
6490,0.201758
6491,0.179821
6492,0.182564
6493,0.265959
6494,0.266882
6495,0.241015
6496,0.161056
6497,0.255341
6498,0.228998
6499,0.241644
6500,0.214469
6501,0.201267
6502,0.374758
6503,0.299293
6504,0.336115
6505,0.321753
6506,0.235909
6507,0.387018
6508,0.387643
6509,0.229684
6510,0.227015
6511,0.357098
6512,0.386650
6513,0.373843
6514,0.259036
6515,0.217224
6516,0.260506
6517,0.233701
6518,0.262515
6519,0.255522
6520,0.217521
6521,0.295220
6522,0.328653
6523,0.285313
6524,0.183795
6525,0.232342
6526,0.336664
6527,0.284121
6528,0.227023
6529,0.212292
6530,0.286837
6531,0.278881
6532,0.252609
6533,0.198575
6534,0.263386
6535,0.263880
6536,0.274195
6537,0.267925
6538,0.309902
6539,0.284723
6540,0.186100
6541,0.254415
6542,0.233557
6543,0.252817
6544,0.190909
6545,0.210157
6546,0.248426
6547,0.200647
6548,0.193855
6549,0.249428
6550,0.228244
6551,0.211404
6552,0.202275
6553,0.184970
6554,0.223740
6555,0.206330
6556,0.193673
6557,0.203101
6558,0.207560
6559,0.193322
6560,0.185383
6561,0.215924
6562,0.223738
6563,0.223581
6564,0.206340
6565,0.288725
6566,0.276204
6567,0.332522
6568,0.230207
6569,0.215545
6570,0.256541
6571,0.245077
6572,0.234789
6573,0.244457
6574,0.181774
6575,0.216325
6576,0.226334
6577,0.228613
6578,0.230115
6579,0.183344
6580,0.218162
6581,0.198007
6582,0.183448
6583,0.193098
6584,0.322880
6585,0.260176
6586,0.237538
6587,0.222318
6588,0.187230
6589,0.299796
6590,0.189063
6591,0.207250
6592,0.237871
6593,0.211516
6594,0.224449
6595,0.248954
6596,0.284428
6597,0.249972
6598,0.188385
6599,0.236248
6600,0.253104
6601,0.244539
6602,0.188277
6603,0.230948
6604,0.207327
6605,0.229208
6606,0.197186
6607,0.259891
6608,0.189851
6609,0.218568
6610,0.168827
6611,0.187688
6612,0.196525
6613,0.196450
6614,0.233730
6615,0.182779
6616,0.182645
6617,0.216434
6618,0.200071
6619,0.240645
6620,0.267868
6621,0.195678
6622,0.230703
6623,0.161730
6624,0.191105
6625,0.167291
6626,0.152421
6627,0.286288
6628,0.267501
6629,0.243445
6630,0.320111
6631,0.271874
6632,0.203391
6633,0.265920
6634,0.225073
6635,0.224009
6636,0.182439
6637,0.231243
6638,0.245905
6639,0.342806
6640,0.347184
6641,0.200546
6642,0.216206
6643,0.413016
6644,0.295092
6645,0.347520
6646,0.284361
6647,0.346866
6648,0.471833
6649,0.533430
6650,0.368275
6651,0.334473
6652,0.381607
6653,0.343983
6654,0.346070
6655,0.291143
6656,0.316661
6657,0.271999
6658,0.314980
6659,0.320636
6660,0.455801
6661,0.361761
6662,0.303973
6663,0.257137
6664,0.333787
6665,0.207747
6666,0.324380
6667,0.210796
6668,0.200543
6669,0.209624
6670,0.237361
6671,0.219937
6672,0.238252
6673,0.287640
6674,0.295366
6675,0.210283
6676,0.264759
6677,0.191998
6678,0.223099
6679,0.193250
6680,0.172384
6681,0.175812
6682,0.208391
6683,0.145909
6684,0.212336
6685,0.234302
6686,0.208525
6687,0.203984
6688,0.237939
6689,0.228596
6690,0.186894
6691,0.180243
6692,0.178154
6693,0.254006
6694,0.182997
6695,0.211608
6696,0.163190
6697,0.244530
6698,0.184921
6699,0.211605
6700,0.226631
6701,0.311672
6702,0.266490
6703,0.228320
6704,0.214542
6705,0.210889
6706,0.189879
6707,0.181754
6708,0.256640
6709,0.293945
6710,0.238639
6711,0.207951
6712,0.213525
6713,0.222927
6714,0.224907
6715,0.240036
6716,0.192156
6717,0.232659
6718,0.219579
6719,0.185528
6720,0.221763
6721,0.252432
6722,0.209873
6723,0.243029
6724,0.261987
6725,0.242666
6726,0.286039
6727,0.209978
6728,0.227356
6729,0.195021
6730,0.188872
6731,0.217415
6732,0.217255
6733,0.191906
6734,0.175342
6735,0.189567
6736,0.188857
6737,0.174157
6738,0.155925
6739,0.197017
6740,0.203173
6741,0.271020
6742,0.185499
6743,0.177188
6744,0.217868
6745,0.221404
6746,0.200900
6747,0.185006
6748,0.210012
6749,0.256639
6750,0.239576
6751,0.189869
6752,0.197934
6753,0.229333
6754,0.192786
6755,0.217208
6756,0.158146
6757,0.251651
6758,0.197203
6759,0.248847
6760,0.215052
6761,0.336080
6762,0.260355
6763,0.279645
6764,0.292451
6765,0.255611
6766,0.400340
6767,0.324656
6768,0.209457
6769,0.196083
6770,0.238139
6771,0.331685
6772,0.303660
6773,0.193664
6774,0.201305
6775,0.270635
6776,0.216758
6777,0.245119
6778,0.267108
6779,0.259569
6780,0.222019
6781,0.211192
6782,0.278243
6783,0.401041
6784,0.431124
6785,0.282210
6786,0.235149
6787,0.372588
6788,0.439492
6789,0.323984
6790,0.249936
6791,0.313613
6792,0.443245
6793,0.279939
6794,0.775129
6795,0.324043
6796,0.301613
6797,0.677280
6798,0.688635
6799,0.374411
6800,0.283223
6801,0.246101
6802,0.323527
6803,0.349208
6804,0.314233
6805,0.250661
6806,0.259076
6807,0.244312
6808,0.281340
6809,0.265652
6810,0.202288
6811,0.237628
6812,0.213490
6813,0.239218
6814,0.189433
6815,0.205353
6816,0.183263
6817,0.194947
6818,0.256550
6819,0.202299
6820,0.183436
6821,0.158243
6822,0.188070
6823,0.181575
6824,0.212041
6825,0.189187
6826,0.225269
6827,0.219722
6828,0.227805
6829,0.212487
6830,0.244820
6831,0.229695
6832,0.259334
6833,0.200987
6834,0.193737
6835,0.215652
6836,0.166410
6837,0.229951
6838,0.205334
6839,0.205625
6840,0.199450
6841,0.192931
6842,0.199691
6843,0.192190
6844,0.208980
6845,0.222551
6846,0.218564
6847,0.181355
6848,0.177603
6849,0.283470
6850,0.336223
6851,0.296638
6852,0.248276
6853,0.204837
6854,0.240043
6855,0.192094
6856,0.269650
6857,0.245111
6858,0.330879
6859,0.273138
6860,0.197504
6861,0.125376
6862,0.281416
6863,0.326980
6864,0.303963
6865,0.297005
6866,0.232705
6867,0.232452
6868,0.249590
6869,0.172453
6870,0.315536
6871,0.310495
6872,0.325161
6873,0.284344
6874,0.269622
6875,0.263170
6876,0.190637
6877,0.320096
6878,0.339172
6879,0.325039
6880,0.379246
6881,0.430256
6882,0.374166
6883,0.321354
6884,0.316014
6885,0.432829
6886,0.259835
6887,0.250648
6888,0.266965
6889,0.346951
6890,0.221871
6891,0.299701
6892,0.348725
6893,0.333308
6894,0.246100
6895,0.225323
6896,0.254408
6897,0.247406
6898,0.231065
6899,0.250809
6900,0.215587
6901,0.290298
6902,0.247657
6903,0.189443
6904,0.181959
6905,0.204494
6906,0.196616
6907,0.233902
6908,0.190262
6909,0.234076
6910,0.224740
6911,0.160318
6912,0.192922
6913,0.232763
6914,0.243465
6915,0.228564
6916,0.188358
6917,0.222954
6918,0.212520
6919,0.275194
6920,0.211341
6921,0.185703
6922,0.193377
6923,0.175395
6924,0.190052
6925,0.210092
6926,0.210380
6927,0.242214
6928,0.203985
6929,0.206137
6930,0.201683
6931,0.211551
6932,0.252044
6933,0.176945
6934,0.153373
6935,0.216909
6936,0.208892
6937,0.230890
6938,0.264671
6939,0.295207
6940,0.233054
6941,0.261627
6942,0.301966
6943,0.171278
6944,0.225568
6945,0.237274
6946,0.288790
6947,0.274574
6948,0.240818
6949,0.206730
6950,0.194292
6951,0.292935
6952,0.257385
6953,0.204360
6954,0.263731
6955,0.207382
6956,0.243774
6957,0.223460
6958,0.288043
6959,0.244057
6960,0.220158
6961,0.266497
6962,0.202536
6963,0.230226
6964,0.172503
6965,0.198819
6966,0.198649
6967,0.246025
6968,0.263876
6969,0.199492
6970,0.214322
6971,0.218863
6972,0.193529
6973,0.187735
6974,0.200165
6975,0.184166
6976,0.223189
6977,0.188847
6978,0.183070
6979,0.198740
6980,0.266242
6981,0.160555
6982,0.233890
6983,0.226419
6984,0.289802
6985,0.215100
6986,0.223860
6987,0.177462
6988,0.213225
6989,0.254937
6990,0.272343
6991,0.250305
6992,0.273444
6993,0.238456
6994,0.207374
6995,0.239059
6996,0.207930
6997,0.240228
6998,0.252218
6999,0.247028
7000,0.244117
7001,0.267920
7002,0.232809
7003,0.202121
7004,0.270589
7005,0.240479
7006,0.256843
7007,0.209108
7008,0.295488
7009,0.199151
7010,0.225938
7011,0.305402
7012,0.252638
7013,0.184757
7014,0.207529
7015,0.218942
7016,0.368762
7017,0.243744
7018,0.183066
7019,0.251775
7020,0.241244
7021,0.252380
7022,0.183367
7023,0.184887
7024,0.273865
7025,0.196719
7026,0.238487
7027,0.197220
7028,0.203968
7029,0.218353
7030,0.255817
7031,0.196605
7032,0.233002
7033,0.341777
7034,0.218200
7035,0.247208
7036,0.168158
7037,0.159688
7038,0.180073
7039,0.225569
7040,0.278391
7041,0.248600
7042,0.212670
7043,0.174790
7044,0.201762
7045,0.189695
7046,0.173932
7047,0.161775
7048,0.156665
7049,0.200720
7050,0.225174
7051,0.231868
7052,0.263156
7053,0.259885
7054,0.221444
7055,0.259516
7056,0.237232
7057,0.292286
7058,0.178798
7059,0.242896
7060,0.201048
7061,0.237626
7062,0.282966
7063,0.260925
7064,0.239577
7065,0.195775
7066,0.208399
7067,0.194077
7068,0.206274
7069,0.197360
7070,0.242044
7071,0.246583
7072,0.209347
7073,0.195007
7074,0.247732
7075,0.207637
7076,0.242602
7077,0.183355
7078,0.200591
7079,0.213934
7080,0.227528
7081,0.242060
7082,0.160401
7083,0.180687
7084,0.197375
7085,0.232109
7086,0.231098
7087,0.210937
7088,0.218848
7089,0.182290
7090,0.219556
7091,0.154149
7092,0.220508
7093,0.206911
7094,0.205868
7095,0.250510
7096,0.266898
7097,0.218128
7098,0.221734
7099,0.244404
7100,0.225927
7101,0.192782
7102,0.218112
7103,0.190895
7104,0.244305
7105,0.198094
7106,0.209955
7107,0.204821
7108,0.221015
7109,0.184635
7110,0.195063
7111,0.200358
7112,0.216423
7113,0.248352
7114,0.165512
7115,0.226620
7116,0.176036
7117,0.190620
7118,0.183006
7119,0.230295
7120,0.196142
7121,0.184067
7122,0.253226
7123,0.224256
7124,0.191195
7125,0.210806
7126,0.169932
7127,0.270334
7128,0.258355
7129,0.211499
7130,0.282829
7131,0.245212
7132,0.241199
7133,0.220144
7134,0.209997
7135,0.289777
7136,0.239221
7137,0.225715
7138,0.212238
7139,0.190374
7140,0.247095
7141,0.255276
7142,0.209862
7143,0.289212
7144,0.229423
7145,0.205749
7146,0.226871
7147,0.227681
7148,0.231649
7149,0.138175
7150,0.176511
7151,0.155810
7152,0.220597
7153,0.212398
7154,0.206018
7155,0.204789
7156,0.212345
7157,0.239474
7158,0.179814
7159,0.187169
7160,0.197818
7161,0.210914
7162,0.261998
7163,0.219039
7164,0.215378
7165,0.182448
7166,0.185367
7167,0.222552
7168,0.212530
7169,0.202983
7170,0.190018
7171,0.234052
7172,0.172234
7173,0.207147
7174,0.175615
7175,0.184825
7176,0.176059
7177,0.174656
7178,0.189978
7179,0.197258
7180,0.219132
7181,0.223000
7182,0.179477
7183,0.212302
7184,0.206577
7185,0.193108
7186,0.240976
7187,0.355810
7188,0.180424
7189,0.231522
7190,0.233132
7191,0.209907
7192,0.201963
7193,0.151929
7194,0.213192
7195,0.222655
7196,0.219406
7197,0.197427
7198,0.197061
7199,0.245641
7200,0.214308
7201,0.314595
7202,0.306659
7203,0.479405
7204,0.295628
7205,0.251061
7206,0.192103
7207,0.237123
7208,0.239713
7209,0.255756
7210,0.190085
7211,0.213649
7212,0.147718
7213,0.193859
7214,0.176376
7215,0.207498
7216,0.185861
7217,0.245978
7218,0.227894
7219,0.254677
7220,0.192900
7221,0.230556
7222,0.194535
7223,0.242542
7224,0.223926
7225,0.178365
7226,0.154484
7227,0.246603
7228,0.175165
7229,0.192462
7230,0.224576
7231,0.197125
7232,0.293437
7233,0.221880
7234,0.342558
7235,0.295554
7236,0.210050
7237,0.178481
7238,0.177234
7239,0.218754
7240,0.319564
7241,0.233957
7242,0.209753
7243,0.223996
7244,0.215584
7245,0.287307
7246,0.295182
7247,0.244800
7248,0.175406
7249,0.191510
7250,0.225631
7251,0.244817
7252,0.179041
7253,0.215185
7254,0.244593
7255,0.178430
7256,0.217334
7257,0.303644
7258,0.342599
7259,0.179592
7260,0.195730
7261,0.208224
7262,0.233276
7263,0.286016
7264,0.347385
7265,0.382214
7266,0.235817
7267,0.245972
7268,0.248288
7269,0.273681
7270,0.235367
7271,0.217259
7272,0.169600
7273,0.245765
7274,0.321275
7275,0.247486
7276,0.237760
7277,0.242213
7278,0.211951
7279,0.194005
7280,0.213923
7281,0.225407
7282,0.202497
7283,0.196844
7284,0.174771
7285,0.191932
7286,0.240628
7287,0.184291
7288,0.179633
7289,0.201943
7290,0.184529
7291,0.205962
7292,0.178881
7293,0.186738
7294,0.177279
7295,0.214341
7296,0.195609
7297,0.243234
7298,0.149600
7299,0.193552
7300,0.170649
7301,0.205848
7302,0.187549
7303,0.195663
7304,0.221532
7305,0.181836
7306,0.204548
7307,0.192009
7308,0.160590
7309,0.223916
7310,0.209629
7311,0.210340
7312,0.240068
7313,0.246353
7314,0.166393
7315,0.259836
7316,0.177643
7317,0.156783
7318,0.243752
7319,0.225380
7320,0.266101
7321,0.209469
7322,0.200335
7323,0.248302
7324,0.248434
7325,0.248262
7326,0.207882
7327,0.167366
7328,0.239721
7329,0.198804
7330,0.155301
7331,0.217483
7332,0.183100
7333,0.203578
7334,0.167464
7335,0.157261
7336,0.208405
7337,0.180736
7338,0.177187
7339,0.153530
7340,0.196426
7341,0.153168
7342,0.190751
7343,0.244630
7344,0.215972
7345,0.211912
7346,0.172990
7347,0.299524
7348,0.192026
7349,0.389433
7350,0.248858
7351,0.291955
7352,0.292695
7353,0.219051
7354,0.229568
7355,0.374152
7356,0.364688
7357,0.353680
7358,0.254653
7359,0.293832
7360,0.287392
7361,0.251081
7362,0.231301
7363,0.309189
7364,0.280444
7365,0.331595
7366,0.281692
7367,0.211121
7368,0.196401
7369,0.286255
7370,0.195888
7371,0.159245
7372,0.208894
7373,0.158979
7374,0.223689
7375,0.176932
7376,0.127814
7377,0.249626
7378,0.233848
7379,0.299946
7380,0.239569
7381,0.238588
7382,0.161706
7383,0.275817
7384,0.272839
7385,0.323170
7386,0.215716
7387,0.185986
7388,0.201867
7389,0.195885
7390,0.195035
7391,0.253023
7392,0.174388
7393,0.165406
7394,0.168988
7395,0.182337
7396,0.171799
7397,0.202099
7398,0.152746
7399,0.202512
7400,0.164909
7401,0.162233
7402,0.187353
7403,0.193053
7404,0.173207
7405,0.188049
7406,0.178108
7407,0.170177
7408,0.168647
7409,0.169478
7410,0.191327
7411,0.203436
7412,0.201610
7413,0.176038
7414,0.145289
7415,0.170612
7416,0.284798
7417,0.177503
7418,0.195374
7419,0.184122
7420,0.219257
7421,0.200324
7422,0.209316
7423,0.247739
7424,0.184626
7425,0.216387
7426,0.204962
7427,0.195599
7428,0.219829
7429,0.217255
7430,0.252885
7431,0.162222
7432,0.245168
7433,0.145573
7434,0.172330
7435,0.217645
7436,0.197846
7437,0.174951
7438,0.162432
7439,0.184832
7440,0.167117
7441,0.192958
7442,0.216316
7443,0.255071
7444,0.241113
7445,0.208067
7446,0.212400
7447,0.239809
7448,0.270329
7449,0.232527
7450,0.175407
7451,0.246015
7452,0.186452
7453,0.158842
7454,0.198879
7455,0.158225
7456,0.180491
7457,0.202327
7458,0.232407
7459,0.218788
7460,0.171377
7461,0.166423
7462,0.173539
7463,0.215935
7464,0.154989
7465,0.163428
7466,0.187988
7467,0.208784
7468,0.179241
7469,0.198717
7470,0.182476
7471,0.176526
7472,0.200106
7473,0.194157
7474,0.216387
7475,0.208810
7476,0.163476
7477,0.202986
7478,0.220529
7479,0.176463
7480,0.147883
7481,0.150379
7482,0.182859
7483,0.147237
7484,0.194160
7485,0.195923
7486,0.203164
7487,0.189860
7488,0.216485
7489,0.261541
7490,0.230681
7491,0.160848
7492,0.188966
7493,0.256234
7494,0.249848
7495,0.289969
7496,0.227444
7497,0.180721
7498,0.293348
7499,0.234733
7500,0.228154
7501,0.212983
7502,0.270738
7503,0.239523
7504,0.181705
7505,0.187403
7506,0.283133
7507,0.202443
7508,0.251799
7509,0.278935
7510,0.265042
7511,0.184137
7512,0.215673
7513,0.203597
7514,0.180081
7515,0.186213
7516,0.133885
7517,0.152990
7518,0.205476
7519,0.157464
7520,0.183901
7521,0.169686
7522,0.167933
7523,0.156325
7524,0.208278
7525,0.174173
7526,0.186491
7527,0.227021
7528,0.219875
7529,0.200952
7530,0.179888
7531,0.157923
7532,0.150479
7533,0.232460
7534,0.196884
7535,0.153772
7536,0.196307
7537,0.201489
7538,0.203374
7539,0.225885
7540,0.245143
7541,0.187204
7542,0.186227
7543,0.198784
7544,0.210218
7545,0.216337
7546,0.213306
7547,0.237926
7548,0.221597
7549,0.205767
7550,0.213120
7551,0.223419
7552,0.215191
7553,0.210870
7554,0.218218
7555,0.150007
7556,0.167993
7557,0.212339
7558,0.241377
7559,0.187535
7560,0.190473
7561,0.176401
7562,0.134314
7563,0.211004
7564,0.223387
7565,0.218793
7566,0.173982
7567,0.205727
7568,0.231127
7569,0.226167
7570,0.236649
7571,0.261852
7572,0.217011
7573,0.247977
7574,0.262744
7575,0.281779
7576,0.222659
7577,0.185920
7578,0.215920
7579,0.223721
7580,0.244685
7581,0.309033
7582,0.244701
7583,0.214021
7584,0.200409
7585,0.219527
7586,0.279479
7587,0.235163
7588,0.208313
7589,0.202419
7590,0.227264
7591,0.228787
7592,0.233579
7593,0.212481
7594,0.249217
7595,0.171380
7596,0.192532
7597,0.228226
7598,0.190728
7599,0.165671
7600,0.235535
7601,0.205818
7602,0.239851
7603,0.193784
7604,0.142246
7605,0.146446
7606,0.230169
7607,0.207192
7608,0.198521
7609,0.196881
7610,0.171411
7611,0.216690
7612,0.255407
7613,0.170116
7614,0.188745
7615,0.193142
7616,0.194670
7617,0.197325
7618,0.199875
7619,0.192331
7620,0.190016
7621,0.298866
7622,0.344707
7623,0.232660
7624,0.219726
7625,0.194372
7626,0.226267
7627,0.166865
7628,0.184805
7629,0.181328
7630,0.183466
7631,0.180979
7632,0.242266
7633,0.206390
7634,0.190272
7635,0.207316
7636,0.190854
7637,0.206571
7638,0.176743
7639,0.273439
7640,0.204765
7641,0.216626
7642,0.204084
7643,0.238265
7644,0.252409
7645,0.238641
7646,0.267563
7647,0.279146
7648,0.211447
7649,0.220310
7650,0.185903
7651,0.201557
7652,0.258166
7653,0.323656
7654,0.218684
7655,0.207188
7656,0.171413
7657,0.194105
7658,0.158916
7659,0.194991
7660,0.205707
7661,0.238261
7662,0.193962
7663,0.238186
7664,0.217252
7665,0.262206
7666,0.198590
7667,0.259398
7668,0.200960
7669,0.177802
7670,0.159708
7671,0.160968
7672,0.226407
7673,0.194665
7674,0.203015
7675,0.209401
7676,0.217089
7677,0.224373
7678,0.268960
7679,0.235396
7680,0.168173
7681,0.216181
7682,0.219050
7683,0.174138
7684,0.222697
7685,0.227244
7686,0.159590
7687,0.172016
7688,0.220695
7689,0.161426
7690,0.237328
7691,0.353482
7692,0.232817
7693,0.174945
7694,0.248229
7695,0.426557
7696,0.287908
7697,0.300290
7698,0.227806
7699,0.272844
7700,0.253657
7701,0.213518
7702,0.172371
7703,0.251777
7704,0.224780
7705,0.153953
7706,0.183769
7707,0.227508
7708,0.172549
7709,0.169009
7710,0.218750
7711,0.245662
7712,0.225832
7713,0.178039
7714,0.165935
7715,0.167528
7716,0.233879
7717,0.254949
7718,0.229184
7719,0.237271
7720,0.248747
7721,0.186176
7722,0.166065
7723,0.321922
7724,0.250147
7725,0.211544
7726,0.265833
7727,0.298441
7728,0.229055
7729,0.285926
7730,0.208340
7731,0.307265
7732,0.205610
7733,0.155703
7734,0.220503
7735,0.291016
7736,0.179983
7737,0.244604
7738,0.202063
7739,0.229303
7740,0.227546
7741,0.194769
7742,0.201757
7743,0.196348
7744,0.229506
7745,0.174088
7746,0.209812
7747,0.151112
7748,0.182434
7749,0.203503
7750,0.303196
7751,0.213482
7752,0.183466
7753,0.186107
7754,0.232280
7755,0.269752
7756,0.211258
7757,0.201521
7758,0.202267
7759,0.226456
7760,0.236902
7761,0.230521
7762,0.202712
7763,0.250166
7764,0.255283
7765,0.207307
7766,0.310989
7767,0.221662
7768,0.165122
7769,0.178161
7770,0.179854
7771,0.214063
7772,0.177749
7773,0.166120
7774,0.158291
7775,0.198661
7776,0.218570
7777,0.161777
7778,0.191318
7779,0.165394
7780,0.208981
7781,0.194777
7782,0.239465
7783,0.177008
7784,0.164868
7785,0.219248
7786,0.195252
7787,0.222069
7788,0.157273
7789,0.196431
7790,0.247806
7791,0.214375
7792,0.266786
7793,0.210224
7794,0.224288
7795,0.212517
7796,0.222382
7797,0.211880
7798,0.165510
7799,0.167098
7800,0.141611
7801,0.175103
7802,0.188195
7803,0.196339
7804,0.146587
7805,0.187502
7806,0.179712
7807,0.234388
7808,0.199828
7809,0.217475
7810,0.197584
7811,0.224256
7812,0.258405
7813,0.256876
7814,0.271465
7815,0.185974
7816,0.168081
7817,0.155442
7818,0.218109
7819,0.189274
7820,0.140498
7821,0.187486
7822,0.253449
7823,0.218645
7824,0.225848
7825,0.220755
7826,0.206277
7827,0.356986
7828,0.205038
7829,0.202812
7830,0.232572
7831,0.238504
7832,0.231186
7833,0.206359
7834,0.212267
7835,0.211557
7836,0.229556
7837,0.172070
7838,0.172081
7839,0.204315
7840,0.170989
7841,0.186436
7842,0.156274
7843,0.215630
7844,0.158447
7845,0.229339
7846,0.193725
7847,0.202646
7848,0.192703
7849,0.230756
7850,0.211866
7851,0.243027
7852,0.218058
7853,0.173380
7854,0.244974
7855,0.287737
7856,0.279788
7857,0.272200
7858,0.197237
7859,0.211893
7860,0.176568
7861,0.143985
7862,0.191820
7863,0.234654
7864,0.308237
7865,0.245954
7866,0.190792
7867,0.193435
7868,0.217307
7869,0.278964
7870,0.213126
7871,0.241243
7872,0.265189
7873,0.288088
7874,0.341390
7875,0.228338
7876,0.239969
7877,0.258537
7878,0.196721
7879,0.297004
7880,0.249446
7881,0.236230
7882,0.196570
7883,0.249618
7884,0.201894
7885,0.244154
7886,0.218695
7887,0.208133
7888,0.189296
7889,0.196052
7890,0.246546
7891,0.137197
7892,0.183703
7893,0.167914
7894,0.178424
7895,0.187591
7896,0.215158
7897,0.300787
7898,0.162144
7899,0.186722
7900,0.158274
7901,0.190109
7902,0.213064
7903,0.200119
7904,0.179043
7905,0.367744
7906,0.274855
7907,0.255733
7908,0.231227
7909,0.238387
7910,0.201452
7911,0.253399
7912,0.271357
7913,0.377178
7914,0.289238
7915,0.330954
7916,0.380994
7917,0.284897
7918,0.231201
7919,0.181727
7920,0.227999
7921,0.223830
7922,0.218474
7923,0.255285
7924,0.307688
7925,0.179392
7926,0.198118
7927,0.269403
7928,0.214223
7929,0.194658
7930,0.210134
7931,0.188525
7932,0.203266
7933,0.194584
7934,0.198639
7935,0.179665
7936,0.179032
7937,0.149981
7938,0.198703
7939,0.163367
7940,0.181451
7941,0.172377
7942,0.142867
7943,0.190481
7944,0.183093
7945,0.217353
7946,0.178613
7947,0.174750
7948,0.149593
7949,0.224911
7950,0.184696
7951,0.181069
7952,0.163296
7953,0.162594
7954,0.196278
7955,0.175739
7956,0.185967
7957,0.185592
7958,0.194546
7959,0.174002
7960,0.166062
7961,0.220389
7962,0.185364
7963,0.178922
7964,0.174943
7965,0.151497
7966,0.168946
7967,0.155549
7968,0.192932
7969,0.223102
7970,0.238309
7971,0.214773
7972,0.158620
7973,0.156107
7974,0.227762
7975,0.186878
7976,0.160625
7977,0.178310
7978,0.265267
7979,0.325839
7980,0.213748
7981,0.233330
7982,0.276440
7983,0.232194
7984,0.197998
7985,0.201230
7986,0.211539
7987,0.203568
7988,0.173779
7989,0.217593
7990,0.223516
7991,0.218032
7992,0.219924
7993,0.204940
7994,0.208038
7995,0.215594
7996,0.183360
7997,0.133847
7998,0.196015
7999,0.226065
8000,0.187922
8001,0.183205
8002,0.134656
8003,0.145332
8004,0.229621
8005,0.238001
8006,0.240373
8007,0.229226
8008,0.230837
8009,0.167100
8010,0.202696
8011,0.191127
8012,0.233336
8013,0.240267
8014,0.231318
8015,0.327536
8016,0.182045
8017,0.179627
8018,0.200976
8019,0.187672
8020,0.179612
8021,0.185511
8022,0.219573
8023,0.184963
8024,0.176343
8025,0.179773
8026,0.196365
8027,0.215245
8028,0.207235
8029,0.252596
8030,0.197753
8031,0.178113
8032,0.204838
8033,0.187583
8034,0.151761
8035,0.198065
8036,0.221983
8037,0.172827
8038,0.198165
8039,0.227294
8040,0.212546
8041,0.220137
8042,0.203585
8043,0.179480
8044,0.241590
8045,0.285904
8046,0.151529
8047,0.223391
8048,0.180239
8049,0.169922
8050,0.205514
8051,0.202329
8052,0.146012
8053,0.197821
8054,0.196706
8055,0.198545
8056,0.210610
8057,0.181814
8058,0.216532
8059,0.160902
8060,0.148126
8061,0.175349
8062,0.193835
8063,0.169549
8064,0.154037
8065,0.164312
8066,0.157799
8067,0.210590
8068,0.236685
8069,0.179888
8070,0.139231
8071,0.165230
8072,0.184191
8073,0.334568
8074,0.289870
8075,0.271200
8076,0.254254
8077,0.272717
8078,0.251140
8079,0.290837
8080,0.216056
8081,0.246973
8082,0.263269
8083,0.272783
8084,0.210420
8085,0.205883
8086,0.253496
8087,0.356080
8088,0.300263
8089,0.189756
8090,0.148853
8091,0.192042
8092,0.182163
8093,0.197073
8094,0.160107
8095,0.212629
8096,0.182616
8097,0.136682
8098,0.249441
8099,0.257795
8100,0.238970
8101,0.206228
8102,0.271141
8103,0.274152
8104,0.365421
8105,0.235995
8106,0.205128
8107,0.204928
8108,0.300263
8109,0.231852
8110,0.195390
8111,0.175821
8112,0.198703
8113,0.196336
8114,0.175105
8115,0.138893
8116,0.199607
8117,0.209721
8118,0.171127
8119,0.179960
8120,0.245440
8121,0.234431
8122,0.188298
8123,0.176983
8124,0.230038
8125,0.235744
8126,0.156311
8127,0.163242
8128,0.153388
8129,0.212790
8130,0.145635
8131,0.375028
8132,0.208535
8133,0.245458
8134,0.242016
8135,0.190356
8136,0.208101
8137,0.168281
8138,0.207693
8139,0.191475
8140,0.209847
8141,0.230308
8142,0.145751
8143,0.178394
8144,0.163264
8145,0.145902
8146,0.227281
8147,0.198366
8148,0.215639
8149,0.161469
8150,0.184854
8151,0.183970
8152,0.149028
8153,0.171214
8154,0.184177
8155,0.202008
8156,0.206019
8157,0.205882
8158,0.146090
8159,0.161754
8160,0.190417
8161,0.175741
8162,0.242388
8163,0.153237
8164,0.252461
8165,0.185237
8166,0.197287
8167,0.189422
8168,0.255795
8169,0.280373
8170,0.175859
8171,0.264306
8172,0.249598
8173,0.196414
8174,0.208563
8175,0.275103
8176,0.302756
8177,0.197919
8178,0.170767
8179,0.191122
8180,0.157772
8181,0.169554
8182,0.157281
8183,0.178105
8184,0.167337
8185,0.189502
8186,0.205490
8187,0.170959
8188,0.194526
8189,0.183318
8190,0.162895
8191,0.162403
8192,0.184778
8193,0.169875
8194,0.131518
8195,0.161646
8196,0.197656
8197,0.187518
8198,0.188938
8199,0.146304
8200,0.140576
8201,0.194852
8202,0.221096
8203,0.263017
8204,0.182120
8205,0.204802
8206,0.336969
8207,0.353323
8208,0.357780
8209,0.191460
8210,0.252523
8211,0.314445
8212,0.320995
8213,0.210829
8214,0.241661
8215,0.238808
8216,0.265995
8217,0.221339
8218,0.223801
8219,0.296514
8220,0.252178
8221,0.270170
8222,0.260288
8223,0.312062
8224,0.343995
8225,0.282728
8226,0.204911
8227,0.282431
8228,0.256925
8229,0.234413
8230,0.185659
8231,0.263963
8232,0.383530
8233,0.349974
8234,0.262786
8235,0.244364
8236,0.246390
8237,0.185112
8238,0.191127
8239,0.234545
8240,0.143912
8241,0.186587
8242,0.250296
8243,0.230143
8244,0.153532
8245,0.237059
8246,0.229862
8247,0.235333
8248,0.191232
8249,0.199893
8250,0.209540
8251,0.177500
8252,0.216164
8253,0.168061
8254,0.219703
8255,0.197138
8256,0.204232
8257,0.167553
8258,0.147895
8259,0.155105
8260,0.186303
8261,0.145670
8262,0.165919
8263,0.207280
8264,0.172067
8265,0.153510
8266,0.124117
8267,0.179220
8268,0.187548
8269,0.149894
8270,0.178132
8271,0.183521
8272,0.178657
8273,0.191593
8274,0.195903
8275,0.198937
8276,0.206209
8277,0.181545
8278,0.196558
8279,0.184380
8280,0.154045
8281,0.176542
8282,0.181626
8283,0.184565
8284,0.165851
8285,0.154289
8286,0.164543
8287,0.177325
8288,0.176493
8289,0.177619
8290,0.136049
8291,0.189727
8292,0.162551
8293,0.139794
8294,0.187737
8295,0.239467
8296,0.234483
8297,0.203074
8298,0.179310
8299,0.211205
8300,0.255109
8301,0.318296
8302,0.244160
8303,0.199195
8304,0.196911
8305,0.192969
8306,0.154194
8307,0.191493
8308,0.199569
8309,0.158890
8310,0.151880
8311,0.169311
8312,0.158228
8313,0.152373
8314,0.174510
8315,0.204573
8316,0.150175
8317,0.250945
8318,0.181674
8319,0.171917
8320,0.145127
8321,0.159209
8322,0.152868
8323,0.186041
8324,0.269776
8325,0.221892
8326,0.207523
8327,0.172602
8328,0.211973
8329,0.256642
8330,0.193674
8331,0.190691
8332,0.213575
8333,0.152459
8334,0.177850
8335,0.222177
8336,0.169813
8337,0.154259
8338,0.260331
8339,0.174422
8340,0.137825
8341,0.113362
8342,0.133435
8343,0.155099
8344,0.236748
8345,0.140252
8346,0.196646
8347,0.174645
8348,0.151270
8349,0.212095
8350,0.222106
8351,0.192204
8352,0.202866
8353,0.190371
8354,0.204405
8355,0.211235
8356,0.210334
8357,0.206333
8358,0.241573
8359,0.209459
8360,0.184786
8361,0.141416
8362,0.154240
8363,0.171961
8364,0.216249
8365,0.199108
8366,0.214993
8367,0.170771
8368,0.168276
8369,0.151923
8370,0.204603
8371,0.269288
8372,0.253711
8373,0.173399
8374,0.164993
8375,0.179630
8376,0.141184
8377,0.190224
8378,0.236487
8379,0.221670
8380,0.224835
8381,0.184322
8382,0.134047
8383,0.235347
8384,0.250623
8385,0.223881
8386,0.168710
8387,0.190127
8388,0.172113
8389,0.182669
8390,0.194438
8391,0.155365
8392,0.150289
8393,0.147576
8394,0.171461
8395,0.149403
8396,0.151701
8397,0.151291
8398,0.186485
8399,0.141190
8400,0.138431
8401,0.156386
8402,0.124135
8403,0.152609
8404,0.165300
8405,0.136271
8406,0.158985
8407,0.139108
8408,0.155356
8409,0.182142
8410,0.221591
8411,0.218665
8412,0.188654
8413,0.161160
8414,0.192639
8415,0.161079
8416,0.162086
8417,0.185288
8418,0.131948
8419,0.141274
8420,0.157175
8421,0.173578
8422,0.180848
8423,0.141787
8424,0.212847
8425,0.222326
8426,0.169569
8427,0.152389
8428,0.178838
8429,0.202866
8430,0.183197
8431,0.156651
8432,0.189390
8433,0.162407
8434,0.126888
8435,0.155513
8436,0.144236
8437,0.150635
8438,0.135365
8439,0.150732
8440,0.165441
8441,0.144387
8442,0.155085
8443,0.216391
8444,0.171571
8445,0.175653
8446,0.158915
8447,0.173144
8448,0.158881
8449,0.148195
8450,0.185833
8451,0.154793
8452,0.200112
8453,0.160068
8454,0.183947
8455,0.179419
8456,0.379349
8457,0.208428
8458,0.277623
8459,0.192429
8460,0.251796
8461,0.349693
8462,0.246965
8463,0.255016
8464,0.222055
8465,0.189446
8466,0.182238
8467,0.169744
8468,0.160312
8469,0.165904
8470,0.200770
8471,0.238513
8472,0.181538
8473,0.176281
8474,0.200399
8475,0.232735
8476,0.220673
8477,0.232454
8478,0.181894
8479,0.190075
8480,0.209784
8481,0.138301
8482,0.213483
8483,0.162639
8484,0.205624
8485,0.154139
8486,0.196032
8487,0.186277
8488,0.176838
8489,0.165182
8490,0.213018
8491,0.197347
8492,0.195454
8493,0.183399
8494,0.240685
8495,0.219711
8496,0.170741
8497,0.153571
8498,0.192104
8499,0.209478
8500,0.174045
8501,0.154848
8502,0.222078
8503,0.223532
8504,0.206330
8505,0.176364
8506,0.180833
8507,0.192685
8508,0.217976
8509,0.169597
8510,0.171489
8511,0.203249
8512,0.169912
8513,0.167703
8514,0.164594
8515,0.150674
8516,0.213672
8517,0.173880
8518,0.218893
8519,0.198448
8520,0.220328
8521,0.174874
8522,0.224278
8523,0.187278
8524,0.208270
8525,0.206379
8526,0.222611
8527,0.182272
8528,0.155741
8529,0.212871
8530,0.191578
8531,0.279552
8532,0.183864
8533,0.209657
8534,0.198672
8535,0.175126
8536,0.216951
8537,0.210037
8538,0.196175
8539,0.165302
8540,0.183316
8541,0.168797
8542,0.207990
8543,0.212133
8544,0.150577
8545,0.155064
8546,0.255775
8547,0.191891
8548,0.230722
8549,0.172046
8550,0.154524
8551,0.165485
8552,0.166034
8553,0.176684
8554,0.208751
8555,0.196862
8556,0.223980
8557,0.186873
8558,0.228048
8559,0.171810
8560,0.139832
8561,0.129104
8562,0.201452
8563,0.182413
8564,0.162859
8565,0.193865
8566,0.176251
8567,0.146833
8568,0.158520
8569,0.170768
8570,0.168437
8571,0.156664
8572,0.148931
8573,0.152189
8574,0.194314
8575,0.174494
8576,0.135189
8577,0.150423
8578,0.151856
8579,0.173578
8580,0.232715
8581,0.149173
8582,0.132051
8583,0.192494
8584,0.189721
8585,0.189178
8586,0.229131
8587,0.166546
8588,0.168109
8589,0.212614
8590,0.184252
8591,0.182931
8592,0.197688
8593,0.136570
8594,0.140075
8595,0.217306
8596,0.219022
8597,0.247119
8598,0.195297
8599,0.162791
8600,0.215130
8601,0.215513
8602,0.169831
8603,0.140358
8604,0.240345
8605,0.150617
8606,0.173175
8607,0.171610
8608,0.227787
8609,0.237415
8610,0.174731
8611,0.149312
8612,0.168776
8613,0.179186
8614,0.102321
8615,0.177421
8616,0.205791
8617,0.194486
8618,0.197726
8619,0.205713
8620,0.181061
8621,0.199570
8622,0.142212
8623,0.217933
8624,0.467586
8625,0.385236
8626,0.226705
8627,0.200569
8628,0.205353
8629,0.198413
8630,0.192298
8631,0.252710
8632,0.221187
8633,0.221489
8634,0.220467
8635,0.204551
8636,0.153253
8637,0.326028
8638,0.216342
8639,0.204889
8640,0.227251
8641,0.283229
8642,0.189926
8643,0.155976
8644,0.214113
8645,0.178481
8646,0.177636
8647,0.133281
8648,0.194197
8649,0.203212
8650,0.174992
8651,0.174171
8652,0.202185
8653,0.154001
8654,0.225325
8655,0.210601
8656,0.142877
8657,0.207554
8658,0.284113
8659,0.222292
8660,0.156226
8661,0.159436
8662,0.187132
8663,0.195685
8664,0.128843
8665,0.195997
8666,0.233802
8667,0.246720
8668,0.123944
8669,0.152436
8670,0.204577
8671,0.139971
8672,0.190022
8673,0.199589
8674,0.200083
8675,0.239622
8676,0.244490
8677,0.216544
8678,0.193079
8679,0.198603
8680,0.278581
8681,0.143000
8682,0.164251
8683,0.219881
8684,0.253739
8685,0.251304
8686,0.194027
8687,0.171366
8688,0.175848
8689,0.280497
8690,0.196469
8691,0.130282
8692,0.145836
8693,0.185263
8694,0.220248
8695,0.245387
8696,0.178331
8697,0.150583
8698,0.148733
8699,0.174443
8700,0.169676
8701,0.161636
8702,0.218199
8703,0.159631
8704,0.187928
8705,0.163996
8706,0.297311
8707,0.193885
8708,0.231359
8709,0.169411
8710,0.258416
8711,0.261959
8712,0.370608
8713,0.241625
8714,0.205998
8715,0.156575
8716,0.209463
8717,0.223082
8718,0.228254
8719,0.369728
8720,0.271644
8721,0.261506
8722,0.199452
8723,0.214860
8724,0.219275
8725,0.237916
8726,0.238639
8727,0.217819
8728,0.192569
8729,0.180778
8730,0.204511
8731,0.231678
8732,0.220212
8733,0.205690
8734,0.219319
8735,0.237819
8736,0.209088
8737,0.154914
8738,0.150213
8739,0.166137
8740,0.185705
8741,0.144494
8742,0.133528
8743,0.162754
8744,0.171647
8745,0.176693
8746,0.150988
8747,0.183300
8748,0.224622
8749,0.192861
8750,0.230830
8751,0.302022
8752,0.404005
8753,0.342633
8754,0.228382
8755,0.166076
8756,0.272911
8757,0.236097
8758,0.188688
8759,0.178259
8760,0.174347
8761,0.191515
8762,0.169597
8763,0.232732
8764,0.214495
8765,0.248391
8766,0.225741
8767,0.164207
8768,0.277882
8769,0.176258
8770,0.219149
8771,0.219242
8772,0.214102
8773,0.228274
8774,0.212194
8775,0.165364
8776,0.167141
8777,0.184048
8778,0.148875
8779,0.144910
8780,0.204534
8781,0.185304
8782,0.172062
8783,0.215935
8784,0.211111
8785,0.181237
8786,0.173175
8787,0.157582
8788,0.142323
8789,0.156687
8790,0.139255
8791,0.167509
8792,0.155241
8793,0.168058
8794,0.150410
8795,0.144129
8796,0.151891
8797,0.153413
8798,0.134493
8799,0.142606
8800,0.186826
8801,0.155399
8802,0.169383
8803,0.214589
8804,0.171488
8805,0.182852
8806,0.254800
8807,0.189389
8808,0.156195
8809,0.193941
8810,0.200595
8811,0.186019
8812,0.199186
8813,0.182986
8814,0.236861
8815,0.279701
8816,0.207138
8817,0.162905
8818,0.214784
8819,0.232939
8820,0.226009
8821,0.148543
8822,0.199804
8823,0.158688
8824,0.165432
8825,0.211770
8826,0.181151
8827,0.174426
8828,0.169732
8829,0.204951
8830,0.167054
8831,0.185438
8832,0.177085
8833,0.163250
8834,0.184684
8835,0.157053
8836,0.228911
8837,0.167956
8838,0.145088
8839,0.171447
8840,0.160130
8841,0.166802
8842,0.151457
8843,0.171803
8844,0.125738
8845,0.149578
8846,0.156712
8847,0.169916
8848,0.173686
8849,0.161391
8850,0.160050
8851,0.146098
8852,0.186007
8853,0.155064
8854,0.178269
8855,0.181326
8856,0.176813
8857,0.166887
8858,0.127205
8859,0.141602
8860,0.195795
8861,0.139548
8862,0.196216
8863,0.208999
8864,0.156981
8865,0.195768
8866,0.214964
8867,0.184675
8868,0.181491
8869,0.221591
8870,0.232434
8871,0.145016
8872,0.191492
8873,0.205277
8874,0.147082
8875,0.165789
8876,0.189043
8877,0.271807
8878,0.176148
8879,0.177833
8880,0.254704
8881,0.159594
8882,0.132408
8883,0.165757
8884,0.200677
8885,0.174788
8886,0.133443
8887,0.141970
8888,0.171118
8889,0.136205
8890,0.155959
8891,0.147387
8892,0.115453
8893,0.137865
8894,0.169151
8895,0.192970
8896,0.175881
8897,0.206810
8898,0.164734
8899,0.154775
8900,0.172074
8901,0.164752
8902,0.147376
8903,0.175379
8904,0.151289
8905,0.146537
8906,0.146954
8907,0.146719
8908,0.225845
8909,0.254423
8910,0.188377
8911,0.324462
8912,0.207187
8913,0.198434
8914,0.200548
8915,0.260123
8916,0.177946
8917,0.189219
8918,0.193394
8919,0.198698
8920,0.205486
8921,0.166086
8922,0.187447
8923,0.182340
8924,0.157917
8925,0.186676
8926,0.185825
8927,0.220909
8928,0.182717
8929,0.166829
8930,0.174343
8931,0.177571
8932,0.198510
8933,0.169054
8934,0.176906
8935,0.153267
8936,0.148920
8937,0.131634
8938,0.166953
8939,0.206891
8940,0.140454
8941,0.166458
8942,0.174848
8943,0.174575
8944,0.156687
8945,0.151342
8946,0.180629
8947,0.180437
8948,0.125845
8949,0.176473
8950,0.166773
8951,0.142458
8952,0.153112
8953,0.195801
8954,0.181107
8955,0.153579
8956,0.172011
8957,0.136316
8958,0.166019
8959,0.149382
8960,0.144646
8961,0.145719
8962,0.134006
8963,0.203757
8964,0.218154
8965,0.172256
8966,0.204281
8967,0.175779
8968,0.139760
8969,0.189371
8970,0.183601
8971,0.135158
8972,0.134787
8973,0.126512
8974,0.202011
8975,0.138152
8976,0.152962
8977,0.136414
8978,0.203346
8979,0.182320
8980,0.180610
8981,0.164879
8982,0.180675
8983,0.173284
8984,0.228305
8985,0.231858
8986,0.223044
8987,0.233956
8988,0.232370
8989,0.192480
8990,0.152094
8991,0.164083
8992,0.217502
8993,0.246219
8994,0.236064
8995,0.195119
8996,0.150716
8997,0.204228
8998,0.167657
8999,0.179773
9000,0.138911
9001,0.163370
9002,0.196922
9003,0.129916
9004,0.159260
9005,0.201264
9006,0.158451
9007,0.207378
9008,0.186334
9009,0.146345
9010,0.126230
9011,0.189710
9012,0.151910
9013,0.132881
9014,0.142098
9015,0.173077
9016,0.158499
9017,0.260672
9018,0.186788
9019,0.187267
9020,0.159791
9021,0.191082
9022,0.185789
9023,0.216894
9024,0.182287
9025,0.207909
9026,0.156719
9027,0.254878
9028,0.239710
9029,0.204417
9030,0.194279
9031,0.255350
9032,0.225007
9033,0.186523
9034,0.161578
9035,0.166245
9036,0.135610
9037,0.165647
9038,0.149702
9039,0.217170
9040,0.148777
9041,0.183597
9042,0.276198
9043,0.211634
9044,0.160577
9045,0.157455
9046,0.219799
9047,0.207279
9048,0.180402
9049,0.154783
9050,0.226085
9051,0.137373
9052,0.180120
9053,0.196857
9054,0.155306
9055,0.184080
9056,0.248264
9057,0.229357
9058,0.165650
9059,0.168477
9060,0.144929
9061,0.157939
9062,0.194977
9063,0.194885
9064,0.153394
9065,0.202353
9066,0.190504
9067,0.177502
9068,0.314775
9069,0.161525
9070,0.150618
9071,0.167760
9072,0.150092
9073,0.177587
9074,0.201530
9075,0.203729
9076,0.183727
9077,0.218179
9078,0.219793
9079,0.144057
9080,0.177623
9081,0.171350
9082,0.197418
9083,0.152852
9084,0.165402
9085,0.140770
9086,0.125490
9087,0.171088
9088,0.173170
9089,0.127213
9090,0.139861
9091,0.140612
9092,0.153338
9093,0.131517
9094,0.138551
9095,0.160344
9096,0.116389
9097,0.115432
9098,0.124654
9099,0.188708
9100,0.210794
9101,0.170921
9102,0.132608
9103,0.165287
9104,0.157015
9105,0.146515
9106,0.154875
9107,0.140634
9108,0.187370
9109,0.132434
9110,0.139724
9111,0.142060
9112,0.140745
9113,0.194477
9114,0.215978
9115,0.192536
9116,0.189790
9117,0.206663
9118,0.273079
9119,0.245441
9120,0.215505
9121,0.196607
9122,0.310442
9123,0.206195
9124,0.212313
9125,0.194803
9126,0.233544
9127,0.183844
9128,0.186083
9129,0.228579
9130,0.333684
9131,0.253661
9132,0.181771
9133,0.189028
9134,0.213727
9135,0.171505
9136,0.166793
9137,0.188767
9138,0.216654
9139,0.186645
9140,0.145554
9141,0.157170
9142,0.229997
9143,0.262769
9144,0.226923
9145,0.168513
9146,0.188137
9147,0.262871
9148,0.208268
9149,0.170973
9150,0.185660
9151,0.213358
9152,0.256940
9153,0.160423
9154,0.193450
9155,0.317535
9156,0.195213
9157,0.130228
9158,0.159987
9159,0.197197
9160,0.225678
9161,0.155657
9162,0.216788
9163,0.262711
9164,0.248834
9165,0.190337
9166,0.147134
9167,0.287860
9168,0.309580
9169,0.255065
9170,0.207106
9171,0.201566
9172,0.197904
9173,0.245923
9174,0.265407
9175,0.301020
9176,0.206325
9177,0.232311
9178,0.203141
9179,0.184875
9180,0.194406
9181,0.172708
9182,0.175321
9183,0.117966
9184,0.174174
9185,0.209319
9186,0.170685
9187,0.142543
9188,0.158707
9189,0.158061
9190,0.161160
9191,0.141737
9192,0.144156
9193,0.163805
9194,0.197735
9195,0.169562
9196,0.143020
9197,0.160483
9198,0.171544
9199,0.148126
9200,0.229361
9201,0.170229
9202,0.167075
9203,0.210252
9204,0.253491
9205,0.219735
9206,0.184640
9207,0.157473
9208,0.177182
9209,0.146927
9210,0.163445
9211,0.157778
9212,0.181148
9213,0.170697
9214,0.204680
9215,0.151844
9216,0.171510
9217,0.202051
9218,0.150235
9219,0.163193
9220,0.226584
9221,0.235505
9222,0.162581
9223,0.143916
9224,0.161731
9225,0.194859
9226,0.157389
9227,0.191355
9228,0.124360
9229,0.198771
9230,0.174260
9231,0.160184
9232,0.153602
9233,0.119347
9234,0.154391
9235,0.198382
9236,0.197558
9237,0.145048
9238,0.158317
9239,0.138542
9240,0.158275
9241,0.142243
9242,0.146857
9243,0.161399
9244,0.184440
9245,0.148630
9246,0.143586
9247,0.142637
9248,0.171722
9249,0.170441
9250,0.200509
9251,0.157039
9252,0.170555
9253,0.210800
9254,0.198117
9255,0.237383
9256,0.216557
9257,0.147328
9258,0.175518
9259,0.197620
9260,0.246298
9261,0.189174
9262,0.173682
9263,0.186051
9264,0.197382
9265,0.147506
9266,0.158416
9267,0.185548
9268,0.179001
9269,0.157915
9270,0.202232
9271,0.141106
9272,0.122476
9273,0.195810
9274,0.198105
9275,0.150566
9276,0.171063
9277,0.206305
9278,0.167594
9279,0.147733
9280,0.142332
9281,0.207423
9282,0.164928
9283,0.118668
9284,0.154366
9285,0.187167
9286,0.155542
9287,0.132664
9288,0.119329
9289,0.128942
9290,0.160055
9291,0.149410
9292,0.130544
9293,0.197504
9294,0.152902
9295,0.162380
9296,0.117062
9297,0.131217
9298,0.150864
9299,0.163243
9300,0.125994
9301,0.111925
9302,0.126914
9303,0.147495
9304,0.171296
9305,0.132891
9306,0.175799
9307,0.152401
9308,0.164564
9309,0.143193
9310,0.174773
9311,0.153027
9312,0.128507
9313,0.131350
9314,0.140390
9315,0.172251
9316,0.226749
9317,0.225546
9318,0.168658
9319,0.171452
9320,0.147666
9321,0.120848
9322,0.146783
9323,0.156903
9324,0.148263
9325,0.179894
9326,0.202743
9327,0.163890
9328,0.139173
9329,0.153007
9330,0.175479
9331,0.181218
9332,0.146986
9333,0.132624
9334,0.131350
9335,0.185676
9336,0.148602
9337,0.149438
9338,0.172218
9339,0.164363
9340,0.164418
9341,0.125342
9342,0.151837
9343,0.129341
9344,0.173486
9345,0.139167
9346,0.163637
9347,0.127341
9348,0.131752
9349,0.166954
9350,0.210563
9351,0.157070
9352,0.161765
9353,0.174727
9354,0.168426
9355,0.176340
9356,0.159965
9357,0.153153
9358,0.159561
9359,0.141519
9360,0.351212
9361,0.229387
9362,0.189686
9363,0.152148
9364,0.162076
9365,0.191193
9366,0.218612
9367,0.255894
9368,0.223684
9369,0.213289
9370,0.143897
9371,0.180026
9372,0.236217
9373,0.184393
9374,0.156207
9375,0.213530
9376,0.170120
9377,0.138400
9378,0.173759
9379,0.168056
9380,0.131577
9381,0.143490
9382,0.168809
9383,0.178880
9384,0.131874
9385,0.138132
9386,0.131400
9387,0.218644
9388,0.216419
9389,0.184318
9390,0.162708
9391,0.109265
9392,0.136204
9393,0.147791
9394,0.124931
9395,0.119285
9396,0.127363
9397,0.157605
9398,0.165298
9399,0.171700
9400,0.138955
9401,0.581081
9402,0.221062
9403,1.017525
9404,0.370390
9405,0.312978
9406,0.256220
9407,0.281343
9408,0.245454
9409,0.290515
9410,0.228022
9411,0.278501
9412,0.198913
9413,0.187492
9414,0.166199
9415,0.202206
9416,0.282304
9417,0.185516
9418,0.149724
9419,0.260251
9420,0.183735
9421,0.161787
9422,0.202749
9423,0.188005
9424,0.153709
9425,0.274689
9426,0.205447
9427,0.217169
9428,0.259746
9429,0.174264
9430,0.224437
9431,0.256596
9432,0.157125
9433,0.145273
9434,0.185422
9435,0.161600
9436,0.208905
9437,0.208428
9438,0.221253
9439,0.203316
9440,0.141645
9441,0.147559
9442,0.144313
9443,0.186468
9444,0.188702
9445,0.156574
9446,0.114643
9447,0.135763
9448,0.212624
9449,0.197339
9450,0.146518
9451,0.181493
9452,0.168520
9453,0.134953
9454,0.127742
9455,0.175457
9456,0.181605
9457,0.137218
9458,0.152774
9459,0.154658
9460,0.173241
9461,0.158383
9462,0.152438
9463,0.167085
9464,0.114227
9465,0.133697
9466,0.156952
9467,0.133226
9468,0.144876
9469,0.158802
9470,0.145222
9471,0.155051
9472,0.133209
9473,0.227068
9474,0.156027
9475,0.200074
9476,0.149277
9477,0.141650
9478,0.166123
9479,0.120504
9480,0.141011
9481,0.135507
9482,0.135347
9483,0.218178
9484,0.163524
9485,0.168852
9486,0.172389
9487,0.186040
9488,0.145507
9489,0.156976
9490,0.137259
9491,0.202035
9492,0.173686
9493,0.163053
9494,0.155643
9495,0.204086
9496,0.213788
9497,0.187709
9498,0.250597
9499,0.242365
9500,0.156789
9501,0.182561
9502,0.271165
9503,0.228554
9504,0.210295
9505,0.169428
9506,0.220097
9507,0.169230
9508,0.157639
9509,0.187629
9510,0.145252
9511,0.179081
9512,0.172580
9513,0.186192
9514,0.129728
9515,0.138290
9516,0.128202
9517,0.168962
9518,0.168330
9519,0.147761
9520,0.153840
9521,0.154957
9522,0.142528
9523,0.132348
9524,0.131950
9525,0.139980
9526,0.116904
9527,0.125596
9528,0.131293
9529,0.178237
9530,0.112067
9531,0.126467
9532,0.154082
9533,0.158752
9534,0.196828
9535,0.144494
9536,0.131836
9537,0.126283
9538,0.166466
9539,0.179045
9540,0.196357
9541,0.167517
9542,0.152539
9543,0.174454
9544,0.157339
9545,0.206139
9546,0.150986
9547,0.192372
9548,0.203679
9549,0.288641
9550,0.171497
9551,0.140091
9552,0.167816
9553,0.186566
9554,0.154220
9555,0.289541
9556,0.159154
9557,0.187076
9558,0.142986
9559,0.199788
9560,0.360620
9561,0.134714
9562,0.123957
9563,0.164751
9564,0.172541
9565,0.191188
9566,0.153950
9567,0.149776
9568,0.327204
9569,0.161859
9570,0.162228
9571,0.209816
9572,0.173062
9573,0.149618
9574,0.159555
9575,0.222185
9576,0.193133
9577,0.152166
9578,0.167259
9579,0.256047
9580,0.188455
9581,0.120821
9582,0.188864
9583,0.251766
9584,0.240777
9585,0.176762
9586,0.223014
9587,0.187051
9588,0.249310
9589,0.161478
9590,0.265282
9591,0.289792
9592,0.307629
9593,0.188937
9594,0.165173
9595,0.144578
9596,0.208704
9597,0.149688
9598,0.197363
9599,0.239029
9600,0.209353
9601,0.139083
9602,0.186599
9603,0.195815
9604,0.170961
9605,0.172502
9606,0.178144
9607,0.150122
9608,0.149713
9609,0.170717
9610,0.139621
9611,0.159457
9612,0.184311
9613,0.215419
9614,0.172884
9615,0.178236
9616,0.237888
9617,0.208511
9618,0.151397
9619,0.149992
9620,0.248716
9621,0.244660
9622,0.187327
9623,0.159959
9624,0.199270
9625,0.195538
9626,0.179158
9627,0.142770
9628,0.161086
9629,0.147374
9630,0.134522
9631,0.172635
9632,0.237409
9633,0.203755
9634,0.221701
9635,0.191301
9636,0.149316
9637,0.170052
9638,0.282031
9639,0.229663
9640,0.164100
9641,0.129189
9642,0.193324
9643,0.163657
9644,0.182731
9645,0.273134
9646,0.217036
9647,0.212391
9648,0.177597
9649,0.189819
9650,0.205475
9651,0.224716
9652,0.231135
9653,0.145562
9654,0.202344
9655,0.231194
9656,0.198438
9657,0.154835
9658,0.174902
9659,0.308020
9660,0.214231
9661,0.151910
9662,0.133132
9663,0.163373
9664,0.184347
9665,0.154084
9666,0.128387
9667,0.134938
9668,0.173509
9669,0.138762
9670,0.140220
9671,0.119339
9672,0.120681
9673,0.144433
9674,0.147705
9675,0.122949
9676,0.164746
9677,0.114372
9678,0.113354
9679,0.101967
9680,0.116941
9681,0.160682
9682,0.135896
9683,0.123897
9684,0.133905
9685,0.135451
9686,0.135783
9687,0.160918
9688,0.157737
9689,0.124899
9690,0.117496
9691,0.198350
9692,0.182457
9693,0.139406
9694,0.126537
9695,0.156706
9696,0.145293
9697,0.131722
9698,0.169965
9699,0.172018
9700,0.194051
9701,0.208218
9702,0.142734
9703,0.148233
9704,0.176382
9705,0.170899
9706,0.142717
9707,0.116587
9708,0.145529
9709,0.127253
9710,0.123660
9711,0.132394
9712,0.106290
9713,0.153373
9714,0.165361
9715,0.128905
9716,0.134885
9717,0.170024
9718,0.143160
9719,0.152644
9720,0.159798
9721,0.146005
9722,0.128966
9723,0.147344
9724,0.154582
9725,0.138067
9726,0.136568
9727,0.218568
9728,0.166479
9729,0.152945
9730,0.157821
9731,0.210041
9732,0.178861
9733,0.143347
9734,0.152509
9735,0.147846
9736,0.150948
9737,0.156892
9738,0.153338
9739,0.136728
9740,0.133309
9741,0.182011
9742,0.211033
9743,0.163459
9744,0.154295
9745,0.088524
9746,0.181239
9747,0.216238
9748,0.258260
9749,0.154268
9750,0.175828
9751,0.159749
9752,0.179310
9753,0.138939
9754,0.154604
9755,0.162371
9756,0.155094
9757,0.130198
9758,0.163517
9759,0.189263
9760,0.149219
9761,0.212306
9762,0.152809
9763,0.168507
9764,0.210241
9765,0.141120
9766,0.140784
9767,0.165670
9768,0.133579
9769,0.155461
9770,0.173389
9771,0.182881
9772,0.162240
9773,0.125565
9774,0.162679
9775,0.127473
9776,0.126006
9777,0.205729
9778,0.188548
9779,0.199270
9780,0.156168
9781,0.164782
9782,0.164732
9783,0.170436
9784,0.150470
9785,0.227765
9786,0.247219
9787,0.210381
9788,0.187592
9789,0.155072
9790,0.349535
9791,0.134677
9792,0.136469
9793,0.212386
9794,0.193872
9795,0.273174
9796,0.233455
9797,0.195212
9798,0.163002
9799,0.171876
9800,0.150344
9801,0.140991
9802,0.173712
9803,0.181099
9804,0.218911
9805,0.166702
9806,0.203044
9807,0.156341
9808,0.157015
9809,0.160606
9810,0.133588
9811,0.152180
9812,0.175938
9813,0.149702
9814,0.107974
9815,0.150697
9816,0.152512
9817,0.114428
9818,0.145203
9819,0.156498
9820,0.139172
9821,0.220898
9822,0.216499
9823,0.175916
9824,0.125667
9825,0.159226
9826,0.172982
9827,0.159572
9828,0.153667
9829,0.109857
9830,0.167322
9831,0.129943
9832,0.216332
9833,0.222877
9834,0.126980
9835,0.131136
9836,0.108663
9837,0.161736
9838,0.174364
9839,0.133056
9840,0.213589
9841,0.141551
9842,0.164770
9843,0.140443
9844,0.145039
9845,0.155023
9846,0.186993
9847,0.168163
9848,0.200499
9849,0.174080
9850,0.193408
9851,0.182215
9852,0.185459
9853,0.196078
9854,0.153285
9855,0.141544
9856,0.138661
9857,0.209516
9858,0.196512
9859,0.122294
9860,0.135112
9861,0.280163
9862,0.140740
9863,0.174811
9864,0.129987
9865,0.169974
9866,0.250191
9867,0.230891
9868,0.169248
9869,0.165527
9870,0.184574
9871,0.166901
9872,0.168728
9873,0.106062
9874,0.169207
9875,0.178947
9876,0.231683
9877,0.158581
9878,0.181827
9879,0.162546
9880,0.152633
9881,0.145801
9882,0.126892
9883,0.172394
9884,0.155209
9885,0.151352
9886,0.148442
9887,0.155075
9888,0.124430
9889,0.152715
9890,0.187345
9891,0.146819
9892,0.123148
9893,0.154912
9894,0.131895
9895,0.134420
9896,0.167445
9897,0.149960
9898,0.147539
9899,0.184378
9900,0.156691
9901,0.103608
9902,0.123319
9903,0.162880
9904,0.138604
9905,0.131852
9906,0.131281
9907,0.123848
9908,0.153731
9909,0.187072
9910,0.143245
9911,0.146851
9912,0.156273
9913,0.154503
9914,0.187211
9915,0.129555
9916,0.125731
9917,0.123282
9918,0.118064
9919,0.122808
9920,0.144483
9921,0.155343
9922,0.113068
9923,0.184217
9924,0.174799
9925,0.132249
9926,0.165138
9927,0.137027
9928,0.144279
9929,0.141931
9930,0.138669
9931,0.212649
9932,0.190978
9933,0.120677
9934,0.150585
9935,0.150928
9936,0.180799
9937,0.235052
9938,0.242626
9939,0.282746
9940,0.154855
9941,0.129183
9942,0.217430
9943,0.350962
9944,0.262364
9945,0.188729
9946,0.140509
9947,0.182303
9948,0.294893
9949,0.265996
9950,0.163437
9951,0.173660
9952,0.257743
9953,0.261190
9954,0.242550
9955,0.176286
9956,0.163203
9957,0.171017
9958,0.185544
9959,0.153771
9960,0.137070
9961,0.149423
9962,0.177822
9963,0.145678
9964,0.152931
9965,0.179796
9966,0.163581
9967,0.170461
9968,0.170972
9969,0.135664
9970,0.106306
9971,0.159104
9972,0.183287
9973,0.167257
9974,0.154440
9975,0.166487
9976,0.190536
9977,0.141176
9978,0.134493
9979,0.139154
9980,0.134483
9981,0.142650
9982,0.137280
9983,0.133680
9984,0.136538
9985,0.193825
9986,0.154792
9987,0.162634
9988,0.168831
9989,0.124646
9990,0.108021
9991,0.188254
9992,0.174251
9993,0.180008
9994,0.174559
9995,0.178539
9996,0.314207
9997,0.184877
9998,0.186565
9999,0.243267
10000,0.284741
10001,0.330080
10002,0.237017
10003,0.181297
10004,0.159897
10005,0.159993
10006,0.134284
10007,0.182418
10008,0.272671
10009,0.271537
10010,0.280697
10011,0.168359
10012,0.267342
10013,0.223497
10014,0.253302
10015,0.218058
10016,0.362551
10017,0.245465
10018,0.297947
10019,0.278283
10020,0.212404
10021,0.227692
10022,0.187614
10023,0.161924
10024,0.146404
10025,0.164620
10026,0.269420
10027,0.193681
10028,0.184724
10029,0.150986
10030,0.143117
10031,0.163516
10032,0.130644
10033,0.157396
10034,0.140416
10035,0.131908
10036,0.181233
10037,0.227485
10038,0.153194
10039,0.118696
10040,0.129968
10041,0.125550
10042,0.116847
10043,0.141404
10044,0.126695
10045,0.133784
10046,0.175045
10047,0.142994
10048,0.150449
10049,0.136305
10050,0.141157
10051,0.165783
10052,0.169386
10053,0.140429
10054,0.131206
10055,0.148458
10056,0.149647
10057,0.147189
10058,0.141498
10059,0.101071
10060,0.094948
10061,0.184588
10062,0.212494
10063,0.189021
10064,0.160947
10065,0.186931
10066,0.131042
10067,0.163930
10068,0.175668
10069,0.173419
10070,0.150413
10071,0.136245
10072,0.117686
10073,0.117629
10074,0.156553
10075,0.293822
10076,0.167813
10077,0.148781
10078,0.148132
10079,0.201553
10080,0.264776
10081,0.278202
10082,0.193516
10083,0.190485
10084,0.269288
10085,0.274572
10086,0.172278
10087,0.140864
10088,0.167291
10089,0.158005
10090,0.177293
10091,0.142514
10092,0.108307
10093,0.123356
10094,0.137072
10095,0.127708
10096,0.114580
10097,0.123062
10098,0.120720
10099,0.160605
10100,0.167933
10101,0.158875
10102,0.154450
10103,0.160303
10104,0.126465
10105,0.224808
10106,0.170120
10107,0.189156
10108,0.171227
10109,0.170399
10110,0.175540
10111,0.176168
10112,0.164562
10113,0.138747
10114,0.147649
10115,0.109330
10116,0.114283
10117,0.123223
10118,0.134184
10119,0.134121
10120,0.126532
10121,0.131778
10122,0.127385
10123,0.138479
10124,0.163408
10125,0.182763
10126,0.153987
10127,0.162611
10128,0.143895
10129,0.141667
10130,0.127303
10131,0.144244
10132,0.158679
10133,0.222640
10134,0.198446
10135,0.133346
10136,0.140196
10137,0.136420
10138,0.145404
10139,0.122551
10140,0.097076
10141,0.138101
10142,0.133609
10143,0.132113
10144,0.202514
10145,0.144289
10146,0.123164
10147,0.114341
10148,0.174034
10149,0.166750
10150,0.136138
10151,0.126263
10152,0.109286
10153,0.144322
10154,0.161959
10155,0.133736
10156,0.127708
10157,0.102730
10158,0.145114
10159,0.159113
10160,0.162073
10161,0.155324
10162,0.146752
10163,0.152214
10164,0.146121
10165,0.151521
10166,0.144702
10167,0.131055
10168,0.111088
10169,0.120022
10170,0.191092
10171,0.129880
10172,0.147002
10173,0.149377
10174,0.136122
10175,0.134907
10176,0.160668
10177,0.139771
10178,0.161358
10179,0.130554
10180,0.249747
10181,0.150621
10182,0.175670
10183,0.149925
10184,0.169426
10185,0.184413
10186,0.153582
10187,0.151526
10188,0.162616
10189,0.155726
10190,0.162149
10191,0.120809
10192,0.140485
10193,0.156704
10194,0.137486
10195,0.124953
10196,0.102295
10197,0.129151
10198,0.146161
10199,0.115852
10200,0.124530
10201,0.137567
10202,0.134938
10203,0.140783
10204,0.171259
10205,0.112931
10206,0.148403
10207,0.169170
10208,0.124454
10209,0.155127
10210,0.132635
10211,0.138363
10212,0.141586
10213,0.205372
10214,0.163090
10215,0.151780
10216,0.162292
10217,0.135626
10218,0.147463
10219,0.138480
10220,0.152498
10221,0.156481
10222,0.173262
10223,0.145800
10224,0.139706
10225,0.160760
10226,0.177890
10227,0.152928
10228,0.156853
10229,0.108346
10230,0.197947
10231,0.219213
10232,0.156824
10233,0.143057
10234,0.130788
10235,0.134141
10236,0.164747
10237,0.144139
10238,0.153760
10239,0.184173
10240,0.192308
10241,0.140098
10242,0.115712
10243,0.134577
10244,0.127170
10245,0.129277
10246,0.123947
10247,0.112112
10248,0.154955
10249,0.114242
10250,0.138863
10251,0.095744
10252,0.112014
10253,0.101760
10254,0.112523
10255,0.087100
10256,0.144674
10257,0.110541
10258,0.155076
10259,0.134473
10260,0.169106
10261,0.145672
10262,0.116666
10263,0.180124
10264,0.146617
10265,0.121464
10266,0.144893
10267,0.156611
10268,0.124466
10269,0.098114
10270,0.137849
10271,0.143555
10272,0.118478
10273,0.191160
10274,0.238096
10275,0.183745
10276,0.146827
10277,0.181311
10278,0.329561
10279,0.284594
10280,0.144308
10281,0.198581
10282,0.259582
10283,0.203471
10284,0.155828
10285,0.191663
10286,0.122402
10287,0.198170
10288,0.255740
10289,0.227432
10290,0.165392
10291,0.107840
10292,0.167231
10293,0.181980
10294,0.245542
10295,0.188068
10296,0.182700
10297,0.136983
10298,0.147472
10299,0.123703
10300,0.150874
10301,0.125830
10302,0.132578
10303,0.139978
10304,0.150254
10305,0.211281
10306,0.159605
10307,0.188956
10308,0.167246
10309,0.149711
10310,0.120313
10311,0.148782
10312,0.174724
10313,0.186720
10314,0.167643
10315,0.095706
10316,0.130934
10317,0.128844
10318,0.137400
10319,0.160083
10320,0.155458
10321,0.136244
10322,0.111926
10323,0.152254
10324,0.167454
10325,0.156314
10326,0.138313
10327,0.212984
10328,0.140201
10329,0.095022
10330,0.132546
10331,0.179111
10332,0.167427
10333,0.188797
10334,0.169334
10335,0.127944
10336,0.124476
10337,0.127968
10338,0.098982
10339,0.122588
10340,0.140894
10341,0.126758
10342,0.166366
10343,0.161835
10344,0.122202
10345,0.126103
10346,0.168748
10347,0.207599
10348,0.176061
10349,0.175662
10350,0.284422
10351,0.186054
10352,0.190962
10353,0.188092
10354,0.133994
10355,0.147592
10356,0.153442
10357,0.157916
10358,0.207965
10359,0.181273
10360,0.189704
10361,0.166136
10362,0.192596
10363,0.229249
10364,0.294513
10365,0.182720
10366,0.161261
10367,0.195378
10368,0.234183
10369,0.168543
10370,0.196985
10371,0.184451
10372,0.210014
10373,0.159584
10374,0.150050
10375,0.237845
10376,0.206131
10377,0.153831
10378,0.137110
10379,0.161314
10380,0.210308
10381,0.186878
10382,0.391471
10383,0.181597
10384,0.191395
10385,0.135032
10386,0.103519
10387,0.125563
10388,0.113731
10389,0.126611
10390,0.129014
10391,0.159846
10392,0.129327
10393,0.122744
10394,0.136791
10395,0.173504
10396,0.134630
10397,0.141221
10398,0.155366
10399,0.139631
10400,0.139759
10401,0.178700
10402,0.150612
10403,0.127471
10404,0.104304
10405,0.237817
10406,0.143951
10407,0.167036
10408,0.184403
10409,0.230912
10410,0.164349
10411,0.167790
10412,0.232404
10413,0.172236
10414,0.133138
10415,0.156452
10416,0.295864
10417,0.176649
10418,0.145526
10419,0.154969
10420,0.209165
10421,0.166537
10422,0.133037
10423,0.167709
10424,0.187526
10425,0.117601
10426,0.175096
10427,0.123725
10428,0.132676
10429,0.135227
10430,0.212225
10431,0.193901
10432,0.141881
10433,0.106834
10434,0.123461
10435,0.143953
10436,0.137946
10437,0.148278
10438,0.149468
10439,0.127751
10440,0.130997
10441,0.120291
10442,0.146680
10443,0.108794
10444,0.152626
10445,0.150256
10446,0.132582
10447,0.118865
10448,0.096527
10449,0.150360
10450,0.178606
10451,0.119822
10452,0.143159
10453,0.102571
10454,0.162724
10455,0.136512
10456,0.123331
10457,0.132344
10458,0.169456
10459,0.169866
10460,0.150747
10461,0.121544
10462,0.149833
10463,0.156314
10464,0.131430
10465,0.144223
10466,0.135341
10467,0.154327
10468,0.141144
10469,0.144426
10470,0.157973
10471,0.149504
10472,0.165120
10473,0.104155
10474,0.143949
10475,0.132457
10476,0.101798
10477,0.104852
10478,0.118135
10479,0.114157
10480,0.134152
10481,0.143440
10482,0.161191
10483,0.116032
10484,0.119935
10485,0.144359
10486,0.130647
10487,0.116043
10488,0.130504
10489,0.127003
10490,0.116840
10491,0.088493
10492,0.104320
10493,0.139003
10494,0.132634
10495,0.127084
10496,0.134183
10497,0.160629
10498,0.156831
10499,0.130599
10500,0.168974
10501,0.157847
10502,0.145094
10503,0.193503
10504,0.178602
10505,0.193731
10506,0.124674
10507,0.103488
10508,0.133153
10509,0.125192
10510,0.130615
10511,0.112089
10512,0.087726
10513,0.123052
10514,0.134012
10515,0.167703
10516,0.132725
10517,0.108488
10518,0.162024
10519,0.117831
10520,0.131557
10521,0.123725
10522,0.115860
10523,0.092381
10524,0.152533
10525,0.144966
10526,0.192351
10527,0.172804
10528,0.126687
10529,0.143052
10530,0.171626
10531,0.137353
10532,0.137823
10533,0.139210
10534,0.153928
10535,0.156516
10536,0.142073
10537,0.165073
10538,0.141243
10539,0.136632
10540,0.133498
10541,0.147518
10542,0.107383
10543,0.149666
10544,0.159805
10545,0.191984
10546,0.144610
10547,0.139439
10548,0.155113
10549,0.127093
10550,0.137580
10551,0.132695
10552,0.134503
10553,0.150164
10554,0.130593
10555,0.112835
10556,0.130145
10557,0.119229
10558,0.115765
10559,0.103990
10560,0.108679
10561,0.114475
10562,0.090655
10563,0.104055
10564,0.134524
10565,0.117468
10566,0.126903
10567,0.108307
10568,0.071589
10569,0.119423
10570,0.114053
10571,0.154012
10572,0.112220
10573,0.101330
10574,0.137638
10575,0.114064
10576,0.112880
10577,0.135332
10578,0.107001
10579,0.094361
10580,0.133231
10581,0.141199
10582,0.190270
10583,0.166224
10584,0.133206
10585,0.139913
10586,0.190606
10587,0.215606
10588,0.166156
10589,0.187590
10590,0.159254
10591,0.169679
10592,0.131436
10593,0.174139
10594,0.180329
10595,0.143254
10596,0.207987
10597,0.180146
10598,0.160488
10599,0.165383
10600,0.245703
10601,0.165564
10602,0.164658
10603,0.152728
10604,0.183780
10605,0.262553
10606,0.198107
10607,0.152332
10608,0.155623
10609,0.211150
10610,0.114242
10611,0.120628
10612,0.125755
10613,0.137809
10614,0.151094
10615,0.124292
10616,0.173201
10617,0.144752
10618,0.151010
10619,0.147570
10620,0.100700
10621,0.151235
10622,0.166055
10623,0.111945
10624,0.160094
10625,0.166455
10626,0.122432
10627,0.189567
10628,0.124790
10629,0.139565
10630,0.114680
10631,0.140398
10632,0.119915
10633,0.135284
10634,0.137304
10635,0.101743
10636,0.142380
10637,0.111472
10638,0.120740
10639,0.124826
10640,0.124953
10641,0.136311
10642,0.111310
10643,0.144749
10644,0.109932
10645,0.137185
10646,0.156633
10647,0.216702
10648,0.128694
10649,0.128141
10650,0.154699
10651,0.124753
10652,0.170535
10653,0.169232
10654,0.136781
10655,0.128404
10656,0.125047
10657,0.157258
10658,0.165708
10659,0.154789
10660,0.186734
10661,0.125686
10662,0.114401
10663,0.162097
10664,0.131950
10665,0.131635
10666,0.176300
10667,0.255942
10668,0.175767
10669,0.156525
10670,0.206175
10671,0.209557
10672,0.184254
10673,0.106151
10674,0.183546
10675,0.251337
10676,0.181768
10677,0.137867
10678,0.136036
10679,0.134163
10680,0.140002
10681,0.163543
10682,0.150209
10683,0.148751
10684,0.120606
10685,0.136457
10686,0.169409
10687,0.165597
10688,0.124753
10689,0.163054
10690,0.209660
10691,0.109786
10692,0.162270
10693,0.154782
10694,0.175885
10695,0.130441
10696,0.101990
10697,0.107896
10698,0.112544
10699,0.098672
10700,0.085780
10701,0.140688
10702,0.150357
10703,0.119380
10704,0.110247
10705,0.149251
10706,0.129229
10707,0.164247
10708,0.164743
10709,0.168967
10710,0.174254
10711,0.143210
10712,0.134716
10713,0.172177
10714,0.112725
10715,0.178406
10716,0.165040
10717,0.177797
10718,0.156105
10719,0.132002
10720,0.263412
10721,0.282051
10722,0.164912
10723,0.143784
10724,0.190566
10725,0.173415
10726,0.165458
10727,0.163172
10728,0.117491
10729,0.103921
10730,0.178261
10731,0.160762
10732,0.112992
10733,0.122532
10734,0.121671
10735,0.124888
10736,0.111493
10737,0.127836
10738,0.086299
10739,0.132342
10740,0.126600
10741,0.153182
10742,0.175338
10743,0.139949
10744,0.125509
10745,0.152513
10746,0.161159
10747,0.138138
10748,0.179156
10749,0.193042
10750,0.182156
10751,0.174244
10752,0.138392
10753,0.132747
10754,0.134419
10755,0.143309
10756,0.131921
10757,0.111721
10758,0.123232
10759,0.152324
10760,0.163627
10761,0.127002
10762,0.145684
10763,0.143948
10764,0.112028
10765,0.134558
10766,0.228891
10767,0.125133
10768,0.128096
10769,0.199226
10770,0.165447
10771,0.132730
10772,0.125441
10773,0.103844
10774,0.123084
10775,0.111849
10776,0.075062
10777,0.098821
10778,0.099355
10779,0.123711
10780,0.103760
10781,0.114810
10782,0.153780
10783,0.119313
10784,0.167775
10785,0.140824
10786,0.153599
10787,0.146282
10788,0.188209
10789,0.156094
10790,0.142175
10791,0.099902
10792,0.123213
10793,0.166282
10794,0.259133
10795,0.141830
10796,0.160486
10797,0.110497
10798,0.158578
10799,0.181058
10800,0.173025
10801,0.114525
10802,0.120451
10803,0.144416
10804,0.186685
10805,0.214246
10806,0.223368
10807,0.197353
10808,0.185997
10809,0.151819
10810,0.130362
10811,0.121044
10812,0.133514
10813,0.134454
10814,0.131467
10815,0.108011
10816,0.101603
10817,0.118021
10818,0.120820
10819,0.131354
10820,0.130730
10821,0.144159
10822,0.200177
10823,0.122382
10824,0.167168
10825,0.160484
10826,0.157171
10827,0.133250
10828,0.168092
10829,0.113951
10830,0.135882
10831,0.143480
10832,0.189226
10833,0.192841
10834,0.170821
10835,0.215220
10836,0.280834
10837,0.184200
10838,0.168321
10839,0.134127
10840,0.162735
10841,0.133862
10842,0.201097
10843,0.173756
10844,0.172519
10845,0.146530
10846,0.096320
10847,0.161836
10848,0.132169
10849,0.146651
10850,0.176272
10851,0.228669
10852,0.249614
10853,0.205077
10854,0.141073
10855,0.158058
10856,0.124503
10857,0.190285
10858,0.230638
10859,0.169772
10860,0.158778
10861,0.167580
10862,0.196713
10863,0.186402
10864,0.183459
10865,0.239007
10866,0.160923
10867,0.162277
10868,0.146164
10869,0.130418
10870,0.176521
10871,0.145508
10872,0.219635
10873,0.207101
10874,0.140023
10875,0.102912
10876,0.135193
10877,0.140438
10878,0.136528
10879,0.171698
10880,0.215149
10881,0.165119
10882,0.193215
10883,0.177560
10884,0.116857
10885,0.152154
10886,0.127111
10887,0.100897
10888,0.133276
10889,0.210998
10890,0.270900
10891,0.111812
10892,0.207501
10893,0.187171
10894,0.169345
10895,0.128554
10896,0.155506
10897,0.188877
10898,0.140088
10899,0.183527
10900,0.145880
10901,0.198789
10902,0.139869
10903,0.174940
10904,0.186338
10905,0.265772
10906,0.214736
10907,0.157878
10908,0.173057
10909,0.137714
10910,0.268910
10911,0.211330
10912,0.186096
10913,0.143244
10914,0.225751
10915,0.208148
10916,0.363933
10917,0.156167
10918,0.274100
10919,0.141347
10920,0.098185
10921,0.136365
10922,0.229037
10923,0.157074
10924,0.131557
10925,0.153950
10926,0.189033
10927,0.244868
10928,0.135178
10929,0.263419
10930,0.185490
10931,0.169661
10932,0.151680
10933,0.181742
10934,0.108404
10935,0.134950
10936,0.140069
10937,0.140626
10938,0.140232
10939,0.157364
10940,0.167440
10941,0.231867
10942,0.165509
10943,0.121824
10944,0.151477
10945,0.138960
10946,0.162292
10947,0.133285
10948,0.156405
10949,0.133212
10950,0.113096
10951,0.133526
10952,0.174450
10953,0.217746
10954,0.169737
10955,0.145974
10956,0.139875
10957,0.127901
10958,0.163720
10959,0.150324
10960,0.171323
10961,0.161837
10962,0.179912
10963,0.225472
10964,0.157236
10965,0.181406
10966,0.271449
10967,0.270682
10968,0.279081
10969,0.153022
10970,0.133026
10971,0.170564
10972,0.126448
10973,0.193128
10974,0.137164
10975,0.148127
10976,0.126108
10977,0.144440
10978,0.162380
10979,0.143037
10980,0.150143
10981,0.145875
10982,0.133005
10983,0.143893
10984,0.167928
10985,0.158087
10986,0.119065
10987,0.139701
10988,0.146703
10989,0.120052
10990,0.115606
10991,0.129875
10992,0.189036
10993,0.128219
10994,0.119222
10995,0.101112
10996,0.090585
10997,0.124780
10998,0.140096
10999,0.104180
11000,0.091757
11001,0.145380
11002,0.124564
11003,0.132040
11004,0.106500
11005,0.120062
11006,0.128475
11007,0.092337
11008,0.111919
11009,0.142354
11010,0.124420
11011,0.135191
11012,0.112234
11013,0.095970
11014,0.096553
11015,0.115481
11016,0.121991
11017,0.126645
11018,0.129734
11019,0.120215
11020,0.148881
11021,0.115965
11022,0.141209
11023,0.124351
11024,0.222554
11025,0.167916
11026,0.121680
11027,0.149692
11028,0.139452
11029,0.133796
11030,0.121653
11031,0.121871
11032,0.140111
11033,0.117227
11034,0.150888
11035,0.103187
11036,0.127005
11037,0.107840
11038,0.112474
11039,0.117659
11040,0.091992
11041,0.086008
11042,0.117591
11043,0.122214
11044,0.144014
11045,0.125296
11046,0.097793
11047,0.119358
11048,0.123194
11049,0.114414
11050,0.098974
11051,0.168506
11052,0.127606
11053,0.111953
11054,0.104583
11055,0.109955
11056,0.099388
11057,0.092957
11058,0.093990
11059,0.103596
11060,0.109791
11061,0.117720
11062,0.148361
11063,0.140145
11064,0.134349
11065,0.135414
11066,0.121063
11067,0.126479
11068,0.102789
11069,0.113425
11070,0.124662
11071,0.158916
11072,0.140423
11073,0.088073
11074,0.128777
11075,0.093519
11076,0.118588
11077,0.129444
11078,0.102900
11079,0.121334
11080,0.124404
11081,0.120352
11082,0.140225
11083,0.096842
11084,0.106096
11085,0.161637
11086,0.141627
11087,0.161743
11088,0.119086
11089,0.111439
11090,0.108369
11091,0.106476
11092,0.123832
11093,0.121691
11094,0.089988
11095,0.102606
11096,0.121088
11097,0.102150
11098,0.122204
11099,0.126354
11100,0.169783
11101,0.194415
11102,0.144230
11103,0.161079
11104,0.111024
11105,0.158032
11106,0.191647
11107,0.124553
11108,0.147874
11109,0.150251
11110,0.157109
11111,0.151942
11112,0.135736
11113,0.131677
11114,0.162753
11115,0.158517
11116,0.087928
11117,0.145979
11118,0.160589
11119,0.129235
11120,0.163724
11121,0.138024
11122,0.161914
11123,0.135895
11124,0.079837
11125,0.116461
11126,0.126984
11127,0.166569
11128,0.165451
11129,0.146492
11130,0.110100
11131,0.137989
11132,0.129874
11133,0.148858
11134,0.105506
11135,0.122988
11136,0.120689
11137,0.127195
11138,0.121957
11139,0.107812
11140,0.110434
11141,0.114148
11142,0.141332
11143,0.115770
11144,0.093529
11145,0.085682
11146,0.089009
11147,0.119385
11148,0.110931
11149,0.110334
11150,0.109968
11151,0.137556
11152,0.108982
11153,0.140965
11154,0.147910
11155,0.126887
11156,0.113500
11157,0.122732
11158,0.112433
11159,0.095735
11160,0.116266
11161,0.144452
11162,0.151009
11163,0.105278
11164,0.147485
11165,0.121361
11166,0.102504
11167,0.146364
11168,0.173810
11169,0.137757
11170,0.156236
11171,0.164662
11172,0.175102
11173,0.136968
11174,0.116172
11175,0.148849
11176,0.152153
11177,0.102029
11178,0.174824
11179,0.162113
11180,0.155938
11181,0.118275
11182,0.186727
11183,0.141303
11184,0.133764
11185,0.156974
11186,0.104932
11187,0.104262
11188,0.142087
11189,0.120178
11190,0.092806
11191,0.123446
11192,0.114229
11193,0.125413
11194,0.164364
11195,0.119561
11196,0.117716
11197,0.103720
11198,0.109999
11199,0.118869
11200,0.093779
11201,0.095621
11202,0.104214
11203,0.095610
11204,0.095952
11205,0.099471
11206,0.110829
11207,0.104883
11208,0.090550
11209,0.106446
11210,0.097966
11211,0.104804
11212,0.102667
11213,0.115612
11214,0.129427
11215,0.103721
11216,0.124519
11217,0.095007
11218,0.096815
11219,0.115299
11220,0.148399
11221,0.210279
11222,0.120537
11223,0.121830
11224,0.125784
11225,0.120250
11226,0.155983
11227,0.157257
11228,0.169744
11229,0.131120
11230,0.129601
11231,0.135806
11232,0.215195
11233,0.202720
11234,0.165072
11235,0.134532
11236,0.121303
11237,0.124869
11238,0.109863
11239,0.124608
11240,0.145522
11241,0.108012
11242,0.146414
11243,0.102851
11244,0.159009
11245,0.206381
11246,0.159265
11247,0.125076
11248,0.132630
11249,0.165147
11250,0.096649
11251,0.092221
11252,0.115157
11253,0.077140
11254,0.113965
11255,0.128377
11256,0.159660
11257,0.208965
11258,0.133855
11259,0.153453
11260,0.125821
11261,0.129401
11262,0.138100
11263,0.111450
11264,0.160222
11265,0.171274
11266,0.151888
11267,0.150590
11268,0.195126
11269,0.134211
11270,0.115170
11271,0.128379
11272,0.137134
11273,0.169408
11274,0.127947
11275,0.173017
11276,0.093711
11277,0.084768
11278,0.124931
11279,0.153385
11280,0.178325
11281,0.126108
11282,0.167401
11283,0.147299
11284,0.135038
11285,0.114854
11286,0.119830
11287,0.092213
11288,0.157381
11289,0.138651
11290,0.113423
11291,0.135208
11292,0.133343
11293,0.127030
11294,0.104427
11295,0.112312
11296,0.101921
11297,0.107594
11298,0.091471
11299,0.134530
11300,0.119695
11301,0.116273
11302,0.108295
11303,0.092195
11304,0.107505
11305,0.096769
11306,0.105261
11307,0.095932
11308,0.110189
11309,0.079801
11310,0.100705
11311,0.084257
11312,0.132299
11313,0.157857
11314,0.144404
11315,0.101351
11316,0.194596
11317,0.130579
11318,0.128866
11319,0.131315
11320,0.132834
11321,0.111688
11322,0.126690
11323,0.134310
11324,0.126762
11325,0.118551
11326,0.166059
11327,0.115240
11328,0.135071
11329,0.195367
11330,0.092215
11331,0.130245
11332,0.114070
11333,0.073622
11334,0.098614
11335,0.120050
11336,0.130883
11337,0.130090
11338,0.107808
11339,0.130036
11340,0.122179
11341,0.126880
11342,0.142109
11343,0.086567
11344,0.137243
11345,0.172894
11346,0.118915
11347,0.146958
11348,0.155272
11349,0.115434
11350,0.119744
11351,0.122874
11352,0.141540
11353,0.125525
11354,0.129447
11355,0.186730
11356,0.094853
11357,0.150346
11358,0.206388
11359,0.182901
11360,0.101598
11361,0.154477
11362,0.131622
11363,0.172239
11364,0.153448
11365,0.190075
11366,0.191944
11367,0.154810
11368,0.090091
11369,0.127466
11370,0.136894
11371,0.096692
11372,0.129609
11373,0.143755
11374,0.097086
11375,0.130295
11376,0.120412
11377,0.143777
11378,0.096743
11379,0.155445
11380,0.124088
11381,0.185376
11382,0.200061
11383,0.192553
11384,0.091595
11385,0.187320
11386,0.227204
11387,0.180091
11388,0.136438
11389,0.117704
11390,0.131444
11391,0.112352
11392,0.107005
11393,0.115786
11394,0.121650
11395,0.135595
11396,0.093963
11397,0.127748
11398,0.145616
11399,0.183525
11400,0.155108
11401,0.140757
11402,0.098232
11403,0.121228
11404,0.142008
11405,0.110263
11406,0.118868
11407,0.136594
11408,0.128399
11409,0.133879
11410,0.138317
11411,0.117497
11412,0.119410
11413,0.173005
11414,0.122580
11415,0.093082
11416,0.101376
11417,0.162363
11418,0.143173
11419,0.104749
11420,0.150376
11421,0.119358
11422,0.128545
11423,0.108708
11424,0.084637
11425,0.131374
11426,0.125210
11427,0.138026
11428,0.111132
11429,0.116526
11430,0.121752
11431,0.127279
11432,0.133758
11433,0.174280
11434,0.145002
11435,0.123323
11436,0.125704
11437,0.099813
11438,0.084041
11439,0.112787
11440,0.191100
11441,0.169061
11442,0.251154
11443,0.301632
11444,0.262571
11445,0.181334
11446,0.234893
11447,0.431315
11448,0.202556
11449,0.152623
11450,0.152746
11451,0.157422
11452,0.201097
11453,0.128124
11454,0.120986
11455,0.092811
11456,0.147327
11457,0.154845
11458,0.166600
11459,0.125956
11460,0.169159
11461,0.137890
11462,0.121553
11463,0.130945
11464,0.116365
11465,0.099601
11466,0.166090
11467,0.145698
11468,0.125387
11469,0.148260
11470,0.143454
11471,0.169334
11472,0.121947
11473,0.129681
11474,0.104894
11475,0.134624
11476,0.115213
11477,0.179725
11478,0.200244
11479,0.139031
11480,0.109981
11481,0.131549
11482,0.113788
11483,0.100390
11484,0.115809
11485,0.111517
11486,0.088864
11487,0.128633
11488,0.112514
11489,0.145538
11490,0.113214
11491,0.115128
11492,0.094685
11493,0.111821
11494,0.119723
11495,0.135451
11496,0.113399
11497,0.106279
11498,0.086263
11499,0.103073
11500,0.118565
11501,0.124134
11502,0.097534
11503,0.099317
11504,0.146582
11505,0.123140
11506,0.129346
11507,0.145437
11508,0.122741
11509,0.119669
11510,0.139012
11511,0.138460
11512,0.156102
11513,0.198998
11514,0.161298
11515,0.191426
11516,0.220008
11517,0.247906
11518,0.125467
11519,0.126550
11520,0.169284
11521,0.207594
11522,0.169619
11523,0.109994
11524,0.136091
11525,0.159671
11526,0.106235
11527,0.220728
11528,0.113850
11529,0.113009
11530,0.106838
11531,0.111753
11532,0.124038
11533,0.126800
11534,0.151127
11535,0.164033
11536,0.172630
11537,0.150544
11538,0.111665
11539,0.101361
11540,0.104854
11541,0.144682
11542,0.144487
11543,0.131856
11544,0.092587
11545,0.094449
11546,0.107686
11547,0.132096
11548,0.102146
11549,0.107113
11550,0.103455
11551,0.098886
11552,0.130394
11553,0.153455
11554,0.117583
11555,0.119124
11556,0.190120
11557,0.144135
11558,0.139272
11559,0.141934
11560,0.143291
11561,0.132166
11562,0.114584
11563,0.160926
11564,0.188960
11565,0.112779
11566,0.115444
11567,0.121499
11568,0.195881
11569,0.152272
11570,0.220841
11571,0.161278
11572,0.105943
11573,0.113086
11574,0.105963
11575,0.140134
11576,0.123158
11577,0.103242
11578,0.092807
11579,0.104686
11580,0.110777
11581,0.088858
11582,0.093438
11583,0.125021
11584,0.184403
11585,0.110624
11586,0.103308
11587,0.084542
11588,0.105597
11589,0.108514
11590,0.074577
11591,0.086621
11592,0.081319
11593,0.096087
11594,0.079570
11595,0.126125
11596,0.098078
11597,0.093537
11598,0.100324
11599,0.132543
11600,0.098180
11601,0.101150
11602,0.126680
11603,0.106911
11604,0.131380
11605,0.095771
11606,0.108706
11607,0.094250
11608,0.115086
11609,0.142996
11610,0.092671
11611,0.084146
11612,0.096316
11613,0.090983
11614,0.095222
11615,0.108268
11616,0.105135
11617,0.107050
11618,0.113765
11619,0.113670
11620,0.106618
11621,0.102205
11622,0.103011
11623,0.115722
11624,0.076434
11625,0.096426
11626,0.136569
11627,0.102911
11628,0.124799
11629,0.119173
11630,0.104650
11631,0.081308
11632,0.106773
11633,0.095259
11634,0.094420
11635,0.089276
11636,0.115977
11637,0.090011
11638,0.131475
11639,0.130172
11640,0.118049
11641,0.098079
11642,0.097074
11643,0.141127
11644,0.088351
11645,0.083605
11646,0.130381
11647,0.128221
11648,0.120157
11649,0.156600
11650,0.191454
11651,0.167393
11652,0.129752
11653,0.171750
11654,0.204287
11655,0.181984
11656,0.160118
11657,0.131540
11658,0.135750
11659,0.154050
11660,0.144597
11661,0.172262
11662,0.136193
11663,0.114442
11664,0.151738
11665,0.099378
11666,0.126148
11667,0.093712
11668,0.127481
11669,0.139266
11670,0.131232
11671,0.089351
11672,0.139573
11673,0.095574
11674,0.143504
11675,0.155051
11676,0.109596
11677,0.129421
11678,0.114204
11679,0.164794
11680,0.101222
11681,0.106601
11682,0.104296
11683,0.162845
11684,0.142701
11685,0.124331
11686,0.103164
11687,0.136408
11688,0.123010
11689,0.133358
11690,0.104998
11691,0.114724
11692,0.171635
11693,0.228746
11694,0.149783
11695,0.140050
11696,0.137258
11697,0.095814
11698,0.112215
11699,0.093294
11700,0.110338
11701,0.099497
11702,0.111006
11703,0.126734
11704,0.105703
11705,0.113041
11706,0.098038
11707,0.096088
11708,0.091886
11709,0.088917
11710,0.091967
11711,0.098271
11712,0.076069
11713,0.099921
11714,0.064165
11715,0.081900
11716,0.079139
11717,0.074264
11718,0.094604
11719,0.102453
11720,0.077128
11721,0.090005
11722,0.088734
11723,0.090040
11724,0.087516
11725,0.102793
11726,0.127159
11727,0.117271
11728,0.090159
11729,0.148030
11730,0.149252
11731,0.145102
11732,0.096186
11733,0.139761
11734,0.105374
11735,0.153991
11736,0.220838
11737,0.107122
11738,0.097554
11739,0.118748
11740,0.110785
11741,0.119616
11742,0.123852
11743,0.111397
11744,0.119286
11745,0.143283
11746,0.168673
11747,0.101773
11748,0.127438
11749,0.155431
11750,0.149958
11751,0.128806
11752,0.109334
11753,0.149557
11754,0.233329
11755,0.137397
11756,0.103839
11757,0.131672
11758,0.160365
11759,0.123424
11760,0.090530
11761,0.073481
11762,0.075939
11763,0.071760
11764,0.094137
11765,0.096000
11766,0.139403
11767,0.118613
11768,0.076584
11769,0.100016
11770,0.115505
11771,0.174382
11772,0.149544
11773,0.120782
11774,0.145919
11775,0.161115
11776,0.106951
11777,0.120872
11778,0.116045
11779,0.172000
11780,0.123151
11781,0.172939
11782,0.235126
11783,0.189909
11784,0.146664
11785,0.205842
11786,0.190447
11787,0.164290
11788,0.132228
11789,0.081700
11790,0.108397
11791,0.178543
11792,0.178887
11793,0.140199
11794,0.144314
11795,0.092648
11796,0.132159
11797,0.088063
11798,0.196961
11799,0.132572
11800,0.105005
11801,0.126354
11802,0.117578
11803,0.116176
11804,0.103140
11805,0.125937
11806,0.110320
11807,0.093882
11808,0.099999
11809,0.095358
11810,0.155443
11811,0.103290
11812,0.124145
11813,0.132063
11814,0.093322
11815,0.099834
11816,0.204893
11817,0.141674
11818,0.119874
11819,0.119396
11820,0.124488
11821,0.108842
11822,0.126916
11823,0.144636
11824,0.107799
11825,0.088595
11826,0.079105
11827,0.083378
11828,0.098982
11829,0.101371
11830,0.090327
11831,0.080115
11832,0.082807
11833,0.099317
11834,0.114801
11835,0.095891
11836,0.099955
11837,0.098067
11838,0.108727
11839,0.090845
11840,0.107278
11841,0.099764
11842,0.079754
11843,0.108641
11844,0.106243
11845,0.102174
11846,0.121135
11847,0.086762
11848,0.094450
11849,0.132396
11850,0.143796
11851,0.099105
11852,0.104900
11853,0.076579
11854,0.112001
11855,0.099561
11856,0.134194
11857,0.129197
11858,0.146065
11859,0.125425
11860,0.143400
11861,0.150963
11862,0.104771
11863,0.139266
11864,0.115231
11865,0.095119
11866,0.130055
11867,0.139772
11868,0.097412
11869,0.119982
11870,0.119050
11871,0.122125
11872,0.158263
11873,0.124783
11874,0.133561
11875,0.135596
11876,0.134601
11877,0.111351
11878,0.100101
11879,0.099782
11880,0.151671
11881,0.164604
11882,0.158981
11883,0.165112
11884,0.159771
11885,0.126589
11886,0.146217
11887,0.141783
11888,0.098573
11889,0.134070
11890,0.133618
11891,0.128383
11892,0.105453
11893,0.092415
11894,0.114930
11895,0.113605
11896,0.097854
11897,0.101962
11898,0.098196
11899,0.084104
11900,0.107912
11901,0.093509
11902,0.087880
11903,0.087296
11904,0.084804
11905,0.139071
11906,0.101496
11907,0.126985
11908,0.129043
11909,0.100963
11910,0.198155
11911,0.139154
11912,0.135197
11913,0.119889
11914,0.106986
11915,0.121678
11916,0.117610
11917,0.141709
11918,0.148398
11919,0.164627
11920,0.138121
11921,0.123400
11922,0.118240
11923,0.212491
11924,0.193616
11925,0.144396
11926,0.110136
11927,0.143509
11928,0.178889
11929,0.127984
11930,0.089101
11931,0.104047
11932,0.125618
11933,0.105153
11934,0.102902
11935,0.091524
11936,0.087022
11937,0.113689
11938,0.089177
11939,0.093188
11940,0.097588
11941,0.091202
11942,0.094503
11943,0.107246
11944,0.126108
11945,0.106417
11946,0.119403
11947,0.103982
11948,0.113823
11949,0.094767
11950,0.062965
11951,0.066353
11952,0.070357
11953,0.096964
11954,0.119671
11955,0.109892
11956,0.107866
11957,0.106138
11958,0.086639
11959,0.107541
11960,0.089487
11961,0.112305
11962,0.111209
11963,0.099320
11964,0.101967
11965,0.124314
11966,0.098818
11967,0.116269
11968,0.103350
11969,0.107870
11970,0.114733
11971,0.130780
11972,0.087821
11973,0.086341
11974,0.065905
11975,0.149525
11976,0.142538
11977,0.122021
11978,0.113819
11979,0.108222
11980,0.225777
11981,0.285304
11982,0.223156
11983,0.129886
11984,0.135843
11985,0.138666
11986,0.226393
11987,0.164012
11988,0.116389
11989,0.116404
11990,0.111986
11991,0.117085
11992,0.114486
11993,0.116963
11994,0.100263
11995,0.096725
11996,0.124895
11997,0.287861
11998,0.094065
11999,0.121830
12000,0.098434
12001,0.094483
12002,0.076840
12003,0.099935
12004,0.105484
12005,0.160538
12006,0.107550
12007,0.111715
12008,0.155709
12009,0.181275
12010,0.128163
12011,0.099082
12012,0.120468
12013,0.152539
12014,0.098651
12015,0.079459
12016,0.115049
12017,0.094996
12018,0.080583
12019,0.100195
12020,0.101764
12021,0.125837
12022,0.092031
12023,0.112572
12024,0.095081
12025,0.105972
12026,0.153531
12027,0.125915
12028,0.188879
12029,0.144562
12030,0.098057
12031,0.137792
12032,0.090873
12033,0.130388
12034,0.116168
12035,0.110450
12036,0.133756
12037,0.131344
12038,0.109428
12039,0.119171
12040,0.163573
12041,0.139442
12042,0.107133
12043,0.132692
12044,0.130131
12045,0.131445
12046,0.097574
12047,0.119935
12048,0.091827
12049,0.084429
12050,0.082801
12051,0.102380
12052,0.139025
12053,0.161301
12054,0.141429
12055,0.117003
12056,0.099895
12057,0.208131
12058,0.184858
12059,0.196082
12060,0.119358
12061,0.091003
12062,0.083278
12063,0.095389
12064,0.102034
12065,0.099307
12066,0.116099
12067,0.113309
12068,0.118151
12069,0.093694
12070,0.107465
12071,0.113427
12072,0.148131
12073,0.090844
12074,0.103942
12075,0.145147
12076,0.107386
12077,0.108585
12078,0.135049
12079,0.116070
12080,0.160073
12081,0.134030
12082,0.122693
12083,0.121121
12084,0.134997
12085,0.106330
12086,0.134188
12087,0.110343
12088,0.097057
12089,0.082582
12090,0.127050
12091,0.168730
12092,0.161289
12093,0.173672
12094,0.144283
12095,0.119970
12096,0.165808
12097,0.136249
12098,0.094158
12099,0.099070
12100,0.115416
12101,0.111104
12102,0.135299
12103,0.198855
12104,0.146787
12105,0.118551
12106,0.104720
12107,0.154640
12108,0.137765
12109,0.117818
12110,0.090008
12111,0.096401
12112,0.112589
12113,0.085613
12114,0.141799
12115,0.140198
12116,0.133271
12117,0.123453
12118,0.100580
12119,0.143849
12120,0.116820
12121,0.110351
12122,0.111131
12123,0.105860
12124,0.115474
12125,0.108084
12126,0.104792
12127,0.109117
12128,0.094857
12129,0.145087
12130,0.086535
12131,0.110579
12132,0.127329
12133,0.157308
12134,0.115847
12135,0.115876
12136,0.100440
12137,0.110515
12138,0.070816
12139,0.083969
12140,0.086852
12141,0.120015
12142,0.148400
12143,0.093488
12144,0.113654
12145,0.112399
12146,0.110662
12147,0.092366
12148,0.110747
12149,0.105581
12150,0.119307
12151,0.107380
12152,0.139717
12153,0.167605
12154,0.156694
12155,0.197939
12156,0.145903
12157,0.130857
12158,0.127551
12159,0.154445
12160,0.111200
12161,0.090116
12162,0.120813
12163,0.110524
12164,0.100387
12165,0.090754
12166,0.090789
12167,0.118850
12168,0.126058
12169,0.157299
12170,0.097903
12171,0.098892
12172,0.139726
12173,0.102142
12174,0.126360
12175,0.182650
12176,0.107661
12177,0.114859
12178,0.169453
12179,0.135136
12180,0.152814
12181,0.103844
12182,0.194584
12183,0.127467
12184,0.112297
12185,0.131876
12186,0.147491
12187,0.094043
12188,0.150498
12189,0.154056
12190,0.113013
12191,0.101257
12192,0.135833
12193,0.106005
12194,0.178802
12195,0.137997
12196,0.163859
12197,0.120977
12198,0.112409
12199,0.109942
12200,0.130835
12201,0.127998
12202,0.107962
12203,0.155175
12204,0.191108
12205,0.153602
12206,0.118528
12207,0.130463
12208,0.194960
12209,0.112827
12210,0.108704
12211,0.136907
12212,0.127487
12213,0.126772
12214,0.106909
12215,0.090555
12216,0.101500
12217,0.105791
12218,0.100015
12219,0.093595
12220,0.075616
12221,0.095535
12222,0.109465
12223,0.102149
12224,0.079255
12225,0.094607
12226,0.091492
12227,0.117324
12228,0.095353
12229,0.093489
12230,0.106148
12231,0.096327
12232,0.109049
12233,0.095896
12234,0.114591
12235,0.078203
12236,0.104858
12237,0.106241
12238,0.135936
12239,0.125948
12240,0.087836
12241,0.073139
12242,0.089689
12243,0.107945
12244,0.105600
12245,0.130525
12246,0.092901
12247,0.089322
12248,0.087108
12249,0.087546
12250,0.100713
12251,0.094385
12252,0.115872
12253,0.098590
12254,0.089166
12255,0.107886
12256,0.122872
12257,0.151212
12258,0.194325
12259,0.140753
12260,0.091393
12261,0.096825
12262,0.153117
12263,0.180631
12264,0.191293
12265,0.131368
12266,0.128725
12267,0.118701
12268,0.144540
12269,0.125144
12270,0.129758
12271,0.146432
12272,0.139652
12273,0.155777
12274,0.084899
12275,0.129877
12276,0.129024
12277,0.100127
12278,0.089932
12279,0.098921
12280,0.100843
12281,0.117982
12282,0.118240
12283,0.107682
12284,0.117322
12285,0.117788
12286,0.129596
12287,0.118887
12288,0.135235
12289,0.109368
12290,0.096284
12291,0.113203
12292,0.113586
12293,0.098811
12294,0.131075
12295,0.102723
12296,0.092721
12297,0.081873
12298,0.089900
12299,0.086424
12300,0.110281
12301,0.094504
12302,0.099141
12303,0.085265
12304,0.116367
12305,0.071752
12306,0.078545
12307,0.091501
12308,0.103049
12309,0.110435
12310,0.111434
12311,0.085427
12312,0.078262
12313,0.086591
12314,0.082540
12315,0.107653
12316,0.076117
12317,0.100170
12318,0.115961
12319,0.112953
12320,0.100212
12321,0.126389
12322,0.128596
12323,0.087247
12324,0.110143
12325,0.073650
12326,0.100715
12327,0.118203
12328,0.097467
12329,0.090373
12330,0.104127
12331,0.115769
12332,0.076651
12333,0.081523
12334,0.095302
12335,0.118096
12336,0.087498
12337,0.134771
12338,0.113030
12339,0.101762
12340,0.111135
12341,0.088967
12342,0.093506
12343,0.099016
12344,0.131340
12345,0.089342
12346,0.095844
12347,0.090633
12348,0.105034
12349,0.071694
12350,0.095311
12351,0.110328
12352,0.096051
12353,0.068224
12354,0.101563
12355,0.138235
12356,0.108625
12357,0.138311
12358,0.119695
12359,0.206750
12360,0.272395
12361,0.190803
12362,0.099363
12363,0.106691
12364,0.191760
12365,0.114760
12366,0.114400
12367,0.103137
12368,0.110811
12369,0.132259
12370,0.101371
12371,0.112373
12372,0.156197
12373,0.165236
12374,0.122298
12375,0.101226
12376,0.107614
12377,0.156560
12378,0.085420
12379,0.111696
12380,0.247249
12381,0.175249
12382,0.136925
12383,0.133872
12384,0.146192
12385,0.118959
12386,0.121265
12387,0.152427
12388,0.142054
12389,0.098309
12390,0.105809
12391,0.167038
12392,0.105072
12393,0.135213
12394,0.100072
12395,0.114573
12396,0.107316
12397,0.096406
12398,0.064081
12399,0.098705
12400,0.103999
12401,0.077457
12402,0.084541
12403,0.107027
12404,0.090657
12405,0.095105
12406,0.087013
12407,0.086159
12408,0.090016
12409,0.095218
12410,0.087686
12411,0.098095
12412,0.092935
12413,0.103070
12414,0.102241
12415,0.128439
12416,0.116829
12417,0.134735
12418,0.087196
12419,0.146720
12420,0.150058
12421,0.135758
12422,0.171628
12423,0.175614
12424,0.121623
12425,0.142077
12426,0.146370
12427,0.136057
12428,0.104598
12429,0.108318
12430,0.101679
12431,0.114093
12432,0.138352
12433,0.102639
12434,0.082788
12435,0.091617
12436,0.102150
12437,0.111193
12438,0.073755
12439,0.094510
12440,0.104925
12441,0.088387
12442,0.121806
12443,0.068895
12444,0.089111
12445,0.175514
12446,0.128341
12447,0.079749
12448,0.125015
12449,0.132469
12450,0.144657
12451,0.143082
12452,0.145473
12453,0.078478
12454,0.102383
12455,0.097221
12456,0.184628
12457,0.130343
12458,0.255583
12459,0.160888
12460,0.140278
12461,0.121801
12462,0.098268
12463,0.152440
12464,0.108690
12465,0.101072
12466,0.098295
12467,0.096061
12468,0.112445
12469,0.127152
12470,0.154022
12471,0.122856
12472,0.124164
12473,0.111865
12474,0.091967
12475,0.112767
12476,0.079665
12477,0.077369
12478,0.099194
12479,0.131232
12480,0.174327
12481,0.169565
12482,0.124434
12483,0.109015
12484,0.114584
12485,0.154724
12486,0.177675
12487,0.131483
12488,0.130556
12489,0.137927
12490,0.131314
12491,0.099735
12492,0.090306
12493,0.100185
12494,0.097522
12495,0.075475
12496,0.093544
12497,0.087106
12498,0.081863
12499,0.112950
12500,0.114160
12501,0.114735
12502,0.163805
12503,0.138641
12504,0.131615
12505,0.103190
12506,0.101854
12507,0.099968
12508,0.090863
12509,0.165133
12510,0.166940
12511,0.129171
12512,0.093719
12513,0.116804
12514,0.265830
12515,0.108051
12516,0.113978
12517,0.075472
12518,0.097451
12519,0.105511
12520,0.107666
12521,0.114393
12522,0.127111
12523,0.060012
12524,0.134660
12525,0.117715
12526,0.125864
12527,0.096141
12528,0.130842
12529,0.125447
12530,0.098771
12531,0.104425
12532,0.085647
12533,0.082668
12534,0.096499
12535,0.084824
12536,0.085175
12537,0.081872
12538,0.070014
12539,0.095529
12540,0.075269
12541,0.090493
12542,0.079247
12543,0.080714
12544,0.067556
12545,0.090194
12546,0.176030
12547,0.171738
12548,0.139371
12549,0.126404
12550,0.119489
12551,0.092685
12552,0.119970
12553,0.070876
12554,0.091750
12555,0.107093
12556,0.091613
12557,0.116422
12558,0.074303
12559,0.109839
12560,0.098287
12561,0.064405
12562,0.081305
12563,0.104798
12564,0.093954
12565,0.091332
12566,0.082546
12567,0.100695
12568,0.087771
12569,0.082163
12570,0.098847
12571,0.118619
12572,0.087215
12573,0.123038
12574,0.094061
12575,0.123129
12576,0.097169
12577,0.239153
12578,0.108902
12579,0.085193
12580,0.100952
12581,0.081444
12582,0.094342
12583,0.087720
12584,0.094881
12585,0.120134
12586,0.095906
12587,0.090211
12588,0.082180
12589,0.112746
12590,0.138500
12591,0.183512
12592,0.102846
12593,0.145455
12594,0.121886
12595,0.093475
12596,0.115287
12597,0.097698
12598,0.123130
12599,0.113712
12600,0.110466
12601,0.119889
12602,0.144098
12603,0.134577
12604,0.090170
12605,0.100135
12606,0.122831
12607,0.119791
12608,0.095298
12609,0.105778
12610,0.183009
12611,0.150996
12612,0.114317
12613,0.112599
12614,0.116757
12615,0.086360
12616,0.101940
12617,0.150242
12618,0.096919
12619,0.099698
12620,0.113881
12621,0.091747
12622,0.110221
12623,0.133822
12624,0.111040
12625,0.112945
12626,0.130342
12627,0.145074
12628,0.097377
12629,0.112622
12630,0.101333
12631,0.106998
12632,0.095982
12633,0.092774
12634,0.102746
12635,0.097509
12636,0.101727
12637,0.092063
12638,0.115042
12639,0.102567
12640,0.108114
12641,0.146682
12642,0.100235
12643,0.073974
12644,0.100902
12645,0.166904
12646,0.104156
12647,0.092090
12648,0.099434
12649,0.097546
12650,0.081729
12651,0.127533
12652,0.114489
12653,0.081687
12654,0.076226
12655,0.095446
12656,0.076652
12657,0.150333
12658,0.091286
12659,0.140474
12660,0.118621
12661,0.133091
12662,0.120915
12663,0.106165
12664,0.104515
12665,0.100186
12666,0.117674
12667,0.109035
12668,0.099949
12669,0.122437
12670,0.074148
12671,0.160496
12672,0.186504
12673,0.103641
12674,0.091289
12675,0.142567
12676,0.136705
12677,0.082718
12678,0.127157
12679,0.192808
12680,0.169520
12681,0.131337
12682,0.190751
12683,0.205093
12684,0.274356
12685,0.174044
12686,0.117704
12687,0.190872
12688,0.222343
12689,0.150122
12690,0.127880
12691,0.089207
12692,0.112672
12693,0.113948
12694,0.107936
12695,0.073537
12696,0.112545
12697,0.100804
12698,0.120974
12699,0.114596
12700,0.123065
12701,0.127751
12702,0.087225
12703,0.108742
12704,0.123936
12705,0.086380
12706,0.091354
12707,0.097131
12708,0.102192
12709,0.094739
12710,0.094618
12711,0.078100
12712,0.147175
12713,0.115013
12714,0.132302
12715,0.098054
12716,0.114877
12717,0.157775
12718,0.133364
12719,0.147029
12720,0.151450
12721,0.160457
12722,0.190943
12723,0.194048
12724,0.195283
12725,0.187491
12726,0.178481
12727,0.159467
12728,0.171827
12729,0.161259
12730,0.121280
12731,0.117687
12732,0.082692
12733,0.091292
12734,0.109820
12735,0.157077
12736,0.127977
12737,0.094762
12738,0.108499
12739,0.127843
12740,0.085029
12741,0.090371
12742,0.105707
12743,0.097208
12744,0.116510
12745,0.116608
12746,0.107646
12747,0.167357
12748,0.182083
12749,0.232405
12750,0.101052
12751,0.134620
12752,0.107367
12753,0.135513
12754,0.095904
12755,0.106138
12756,0.130649
12757,0.129339
12758,0.101826
12759,0.116120
12760,0.075287
12761,0.119093
12762,0.089844
12763,0.104990
12764,0.083683
12765,0.080931
12766,0.079306
12767,0.066215
12768,0.088591
12769,0.111777
12770,0.136527
12771,0.132893
12772,0.094884
12773,0.103160
12774,0.103768
12775,0.116837
12776,0.096836
12777,0.085167
12778,0.082617
12779,0.110544
12780,0.090171
12781,0.111432
12782,0.091265
12783,0.102969
12784,0.088659
12785,0.077608
12786,0.075117
12787,0.084211
12788,0.119845
12789,0.106757
12790,0.097107
12791,0.098053
12792,0.116153
12793,0.099165
12794,0.094093
12795,0.125766
12796,0.138591
12797,0.089050
12798,0.082388
12799,0.106418
12800,0.097687
12801,0.104741
12802,0.107577
12803,0.125836
12804,0.100299
12805,0.106764
12806,0.080771
12807,0.106896
12808,0.091747
12809,0.085721
12810,0.087361
12811,0.097906
12812,0.122404
12813,0.112451
12814,0.099920
12815,0.134376
12816,0.108941
12817,0.175416
12818,0.211689
12819,0.155341
12820,0.093892
12821,0.133029
12822,0.175461
12823,0.116139
12824,0.090166
12825,0.130836
12826,0.082251
12827,0.077381
12828,0.103778
12829,0.216675
12830,0.165819
12831,0.105057
12832,0.123749
12833,0.233441
12834,0.164909
12835,0.081272
12836,0.117857
12837,0.177825
12838,0.165348
12839,0.123345
12840,0.134552
12841,0.139036
12842,0.117246
12843,0.127094
12844,0.096040
12845,0.092864
12846,0.068711
12847,0.063071
12848,0.123356
12849,0.105723
12850,0.096187
12851,0.127609
12852,0.107125
12853,0.129328
12854,0.090503
12855,0.070452
12856,0.112893
12857,0.113448
12858,0.124740
12859,0.105765
12860,0.096553
12861,0.065731
12862,0.103518
12863,0.119039
12864,0.107492
12865,0.096205
12866,0.078172
12867,0.097581
12868,0.090157
12869,0.098300
12870,0.088450
12871,0.085721
12872,0.072249
12873,0.059187
12874,0.087838
12875,0.088371
12876,0.085078
12877,0.114604
12878,0.101597
12879,0.087528
12880,0.103105
12881,0.083318
12882,0.082788
12883,0.072578
12884,0.071795
12885,0.092829
12886,0.066257
12887,0.086945
12888,0.067567
12889,0.128711
12890,0.077557
12891,0.089314
12892,0.096851
12893,0.101423
12894,0.095677
12895,0.088663
12896,0.090235
12897,0.131990
12898,0.082215
12899,0.112372
12900,0.090810
12901,0.089967
12902,0.140759
12903,0.119943
12904,0.104522
12905,0.111824
12906,0.142913
12907,0.098992
12908,0.121670
12909,0.129720
12910,0.127783
12911,0.146279
12912,0.134860
12913,0.079187
12914,0.093935
12915,0.111094
12916,0.109433
12917,0.072100
12918,0.109794
12919,0.163370
12920,0.147923
12921,0.095580
12922,0.119880
12923,0.082291
12924,0.076166
12925,0.084872
12926,0.091242
12927,0.068778
12928,0.075065
12929,0.101288
12930,0.114829
12931,0.078528
12932,0.073436
12933,0.091348
12934,0.117700
12935,0.161948
12936,0.112283
12937,0.080224
12938,0.112865
12939,0.122911
12940,0.086881
12941,0.096954
12942,0.127244
12943,0.134958
12944,0.100108
12945,0.108699
12946,0.093675
12947,0.091621
12948,0.074312
12949,0.071120
12950,0.058909
12951,0.059265
12952,0.062921
12953,0.076224
12954,0.093289
12955,0.071299
12956,0.071562
12957,0.092028
12958,0.102270
12959,0.088243
12960,0.091240
12961,0.082645
12962,0.081277
12963,0.081864
12964,0.083688
12965,0.082272
12966,0.092410
12967,0.091704
12968,0.118237
12969,0.111229
12970,0.125087
12971,0.108731
12972,0.112303
12973,0.098697
12974,0.092751
12975,0.130138
12976,0.138325
12977,0.124313
12978,0.090343
12979,0.134795
12980,0.114976
12981,0.100453
12982,0.084955
12983,0.090844
12984,0.090515
12985,0.122952
12986,0.071991
12987,0.074153
12988,0.107841
12989,0.074407
12990,0.070545
12991,0.077147
12992,0.071813
12993,0.076928
12994,0.104056
12995,0.068734
12996,0.073031
12997,0.073017
12998,0.091918
12999,0.118242
13000,0.103372
13001,0.095479
13002,0.078330
13003,0.105091
13004,0.096594
13005,0.073103
13006,0.071229
13007,0.082691
13008,0.084921
13009,0.091298
13010,0.089504
13011,0.067704
13012,0.107607
13013,0.139873
13014,0.082756
13015,0.086067
13016,0.166811
13017,0.115470
13018,0.092323
13019,0.086413
13020,0.077831
13021,0.099614
13022,0.119289
13023,0.107886
13024,0.096706
13025,0.083292
13026,0.110925
13027,0.111889
13028,0.099501
13029,0.088902
13030,0.143317
13031,0.123367
13032,0.086055
13033,0.073320
13034,0.087890
13035,0.085852
13036,0.072909
13037,0.093713
13038,0.090555
13039,0.121978
13040,0.115438
13041,0.092111
13042,0.086824
13043,0.074262
13044,0.117333
13045,0.101373
13046,0.074606
13047,0.095711
13048,0.096036
13049,0.074430
13050,0.076464
13051,0.082866
13052,0.123571
13053,0.094113
13054,0.127182
13055,0.099181
13056,0.101671
13057,0.148833
13058,0.090534
13059,0.098017
13060,0.113799
13061,0.097992
13062,0.083426
13063,0.078001
13064,0.094409
13065,0.075565
13066,0.171612
13067,0.176538
13068,0.112142
13069,0.093901
13070,0.102298
13071,0.081513
13072,0.067055
13073,0.094354
13074,0.103106
13075,0.113930
13076,0.080097
13077,0.069834
13078,0.107078
13079,0.102050
13080,0.102273
13081,0.071705
13082,0.103943
13083,0.094735
13084,0.206473
13085,0.124700
13086,0.131324
13087,0.123963
13088,0.095230
13089,0.099594
13090,0.106116
13091,0.119518
13092,0.085468
13093,0.107567
13094,0.098811
13095,0.109591
13096,0.082472
13097,0.550034
13098,0.112826
13099,0.096831
13100,0.286292
13101,0.113590
13102,0.118641
13103,0.103956
13104,0.073927
13105,0.092100
13106,0.135338
13107,0.128222
13108,0.090953
13109,0.099689
13110,0.078223
13111,0.103428
13112,0.115061
13113,0.138222
13114,0.129231
13115,0.126572
13116,0.145689
13117,0.114778
13118,0.112759
13119,0.124938
13120,0.095899
13121,0.126695
13122,0.156066
13123,0.214456
13124,0.218487
13125,0.104956
13126,0.126235
13127,0.106250
13128,0.093793
13129,0.085189
13130,0.088420
13131,0.119139
13132,0.092987
13133,0.098723
13134,0.108643
13135,0.133485
13136,0.097459
13137,0.120357
13138,0.112847
13139,0.099760
13140,0.115104
13141,0.151467
13142,0.142641
13143,0.151911
13144,0.139933
13145,0.146438
13146,0.123578
13147,0.195281
13148,0.194006
13149,0.175158
13150,0.109966
13151,0.114632
13152,0.093386
13153,0.090697
13154,0.121985
13155,0.109486
13156,0.110281
13157,0.119302
13158,0.121931
13159,0.096391
13160,0.098708
13161,0.096206
13162,0.093723
13163,0.076292
13164,0.103504
13165,0.096091
13166,0.103516
13167,0.103426
13168,0.080220
13169,0.076890
13170,0.071732
13171,0.066879
13172,0.097103
13173,0.100212
13174,0.172280
13175,0.109066
13176,0.105585
13177,0.099970
13178,0.099071
13179,0.115211
13180,0.122071
13181,0.120900
13182,0.145042
13183,0.092049
13184,0.116375
13185,0.105182
13186,0.130436
13187,0.100784
13188,0.172281
13189,0.105938
13190,0.108533
13191,0.077663
13192,0.106475
13193,0.110530
13194,0.109221
13195,0.124027
13196,0.104200
13197,0.117438
13198,0.110374
13199,0.143788
13200,0.115217
13201,0.111884
13202,0.104407
13203,0.136088
13204,0.105594
13205,0.086501
13206,0.072894
13207,0.067033
13208,0.095427
13209,0.086595
13210,0.089341
13211,0.102676
13212,0.097548
13213,0.096828
13214,0.091393
13215,0.124046
13216,0.068823
13217,0.083887
13218,0.111491
13219,0.076918
13220,0.077610
13221,0.070973
13222,0.094081
13223,0.103208
13224,0.149215
13225,0.138355
13226,0.110457
13227,0.104999
13228,0.118077
13229,0.177987
13230,0.142990
13231,0.108678
13232,0.120176
13233,0.106140
13234,0.129790
13235,0.365786
13236,0.141161
13237,0.087835
13238,0.109100
13239,0.176731
13240,0.108512
13241,0.095894
13242,0.109972
13243,0.143608
13244,0.130006
13245,0.121694
13246,0.148119
13247,0.109642
13248,0.110413
13249,0.107116
13250,0.098968
13251,0.090633
13252,0.088716
13253,0.081557
13254,0.099230
13255,0.111757
13256,0.095857
13257,0.072391
13258,0.081372
13259,0.125168
13260,0.110165
13261,0.088305
13262,0.100608
13263,0.078248
13264,0.107379
13265,0.187774
13266,0.111189
13267,0.063181
13268,0.117506
13269,0.161674
13270,0.122709
13271,0.100627
13272,0.066850
13273,0.089373
13274,0.135223
13275,0.107616
13276,0.066249
13277,0.084294
13278,0.083321
13279,0.099578
13280,0.090824
13281,0.084367
13282,0.074677
13283,0.082500
13284,0.091034
13285,0.074930
13286,0.078006
13287,0.063087
13288,0.075270
13289,0.062774
13290,0.083355
13291,0.079677
13292,0.080420
13293,0.135498
13294,0.090778
13295,0.107880
13296,0.124926
13297,0.181850
13298,0.125857
13299,0.089627
13300,0.145531
13301,0.167754
13302,0.132739
13303,0.111216
13304,0.116666
13305,0.110253
13306,0.150829
13307,0.105618
13308,0.079880
13309,0.093623
13310,0.078950
13311,0.074533
13312,0.088062
13313,0.094780
13314,0.091270
13315,0.113155
13316,0.096754
13317,0.110651
13318,0.096916
13319,0.111410
13320,0.093446
13321,0.078012
13322,0.097062
13323,0.088319
13324,0.090489
13325,0.084541
13326,0.114672
13327,0.118288
13328,0.072552
13329,0.102710
13330,0.104708
13331,0.150332
13332,0.075649
13333,0.110188
13334,0.094705
13335,0.082315
13336,0.115570
13337,0.172093
13338,0.080025
13339,0.108002
13340,0.128684
13341,0.190986
13342,0.139423
13343,0.168843
13344,0.142231
13345,0.155807
13346,0.134796
13347,0.200997
13348,0.235967
13349,0.121380
13350,0.181725
13351,0.202110
13352,0.178220
13353,0.233802
13354,0.181104
13355,0.139514
13356,0.253986
13357,0.199929
13358,0.176038
13359,0.188009
13360,0.149388
13361,0.185881
13362,0.145463
13363,0.071151
13364,0.140326
13365,0.161181
13366,0.087965
13367,0.077778
13368,0.108415
13369,0.113287
13370,0.108762
13371,0.087409
13372,0.063580
13373,0.109094
13374,0.137693
13375,0.109984
13376,0.079373
13377,0.097992
13378,0.069170
13379,0.071671
13380,0.086666
13381,0.083755
13382,0.076369
13383,0.151023
13384,0.146400
13385,0.116849
13386,0.101241
13387,0.108820
13388,0.076930
13389,0.081247
13390,0.095862
13391,0.086709
13392,0.136668
13393,0.102636
13394,0.068864
13395,0.090978
13396,0.129117
13397,0.114788
13398,0.125107
13399,0.113079
13400,0.087779
13401,0.112650
13402,0.125919
13403,0.087640
13404,0.105591
13405,0.144089
13406,0.120130
13407,0.066334
13408,0.116698
13409,0.129535
13410,0.120257
13411,0.109235
13412,0.155519
13413,0.112802
13414,0.091689
13415,0.082070
13416,0.107088
13417,0.097180
13418,0.097586
13419,0.112567
13420,0.074014
13421,0.126843
13422,0.168061
13423,0.150988
13424,0.136868
13425,0.109664
13426,0.128617
13427,0.085746
13428,0.094856
13429,0.080209
13430,0.100472
13431,0.095988
13432,0.114842
13433,0.124910
13434,0.076207
13435,0.087698
13436,0.141921
13437,0.106656
13438,0.096800
13439,0.130719
13440,0.089709
13441,0.091330
13442,0.078932
13443,0.112855
13444,0.097887
13445,0.094778
13446,0.108939
13447,0.076677
13448,0.098391
13449,0.077226
13450,0.098052
13451,0.098357
13452,0.109217
13453,0.096738
13454,0.082783
13455,0.076636
13456,0.092223
13457,0.094024
13458,0.087587
13459,0.075668
13460,0.085295
13461,0.067474
13462,0.100276
13463,0.084510
13464,0.087227
13465,0.078033
13466,0.128760
13467,0.122953
13468,0.098316
13469,0.072006
13470,0.075136
13471,0.066899
13472,0.067104
13473,0.076545
13474,0.099233
13475,0.064095
13476,0.096855
13477,0.150212
13478,0.091542
13479,0.074539
13480,0.086645
13481,0.095437
13482,0.098543
13483,0.075732
13484,0.096373
13485,0.132043
13486,0.114352
13487,0.080040
13488,0.078878
13489,0.081139
13490,0.092491
13491,0.117864
13492,0.085113
13493,0.080415
13494,0.115740
13495,0.173105
13496,0.114953
13497,0.103464
13498,0.108421
13499,0.154646
13500,0.176847
13501,0.133438
13502,0.100666
13503,0.117669
13504,0.091908
13505,0.088365
13506,0.085565
13507,0.073721
13508,0.105562
13509,0.095779
13510,0.098219
13511,0.081833
13512,0.149773
13513,0.124343
13514,0.292075
13515,0.095709
13516,0.083157
13517,0.107253
13518,0.111139
13519,0.100377
13520,0.122424
13521,0.120364
13522,0.083203
13523,0.074431
13524,0.089690
13525,0.101663
13526,0.121301
13527,0.084145
13528,0.105706
13529,0.089879
13530,0.118309
13531,0.130722
13532,0.124328
13533,0.118349
13534,0.126397
13535,0.093134
13536,0.105820
13537,0.147731
13538,0.099931
13539,0.099525
13540,0.097941
13541,0.103419
13542,0.101598
13543,0.121857
13544,0.090760
13545,0.080266
13546,0.117067
13547,0.122658
13548,0.091001
13549,0.132664
13550,0.187471
13551,0.163800
13552,0.094237
13553,0.101388
13554,0.125446
13555,0.082072
13556,0.088001
13557,0.128497
13558,0.147061
13559,0.074633
13560,0.081394
13561,0.062168
13562,0.122687
13563,0.103141
13564,0.131690
13565,0.094610
13566,0.081490
13567,0.095237
13568,0.093210
13569,0.046082
13570,0.066147
13571,0.072002
13572,0.096028
13573,0.069436
13574,0.096225
13575,0.091371
13576,0.079035
13577,0.074952
13578,0.067554
13579,0.077392
13580,0.076901
13581,0.075060
13582,0.069139
13583,0.075370
13584,0.077099
13585,0.087172
13586,0.063762
13587,0.085447
13588,0.066575
13589,0.074260
13590,0.093546
13591,0.132976
13592,0.126064
13593,0.120595
13594,0.128802
13595,0.117091
13596,0.097838
13597,0.110564
13598,0.103024
13599,0.082212
13600,0.113822
13601,0.132031
13602,0.127299
13603,0.116309
13604,0.114024
13605,0.123626
13606,0.156081
13607,0.150400
13608,0.112923
13609,0.131677
13610,0.089152
13611,0.116172
13612,0.111651
13613,0.131914
13614,0.098901
13615,0.088765
13616,0.074309
13617,0.073619
13618,0.070999
13619,0.107748
13620,0.101794
13621,0.133583
13622,0.094686
13623,0.074898
13624,0.078603
13625,0.056861
13626,0.094903
13627,0.086033
13628,0.084263
13629,0.085438
13630,0.109243
13631,0.087487
13632,0.132862
13633,0.106694
13634,0.149647
13635,0.126817
13636,0.114029
13637,0.130520
13638,0.110283
13639,0.107782
13640,0.084052
13641,0.087351
13642,0.111100
13643,0.102146
13644,0.071449
13645,0.094750
13646,0.115323
13647,0.109519
13648,0.095847
13649,0.107186
13650,0.126229
13651,0.096821
13652,0.075007
13653,0.076497
13654,0.101886
13655,0.102419
13656,0.094138
13657,0.062650
13658,0.110514
13659,0.088341
13660,0.074629
13661,0.085328
13662,0.069881
13663,0.064566
13664,0.102665
13665,0.071050
13666,0.061209
13667,0.101434
13668,0.147969
13669,0.101686
13670,0.094448
13671,0.140149
13672,0.138317
13673,0.162539
13674,0.119499
13675,0.086390
13676,0.129286
13677,0.164257
13678,0.169989
13679,0.175679
13680,0.135920
13681,0.141248
13682,0.142869
13683,0.120486
13684,0.152619
13685,0.136219
13686,0.126016
13687,0.080180
13688,0.097458
13689,0.116060
13690,0.086849
13691,0.159548
13692,0.158369
13693,0.100041
13694,0.125243
13695,0.144673
13696,0.109791
13697,0.119861
13698,0.126828
13699,0.174264
13700,0.134523
13701,0.092413
13702,0.134155
13703,0.086893
13704,0.091401
13705,0.071865
13706,0.070572
13707,0.096362
13708,0.155076
13709,0.126141
13710,0.087125
13711,0.092018
13712,0.075173
13713,0.090878
13714,0.082230
13715,0.095547
13716,0.143927
13717,0.128192
13718,0.102467
13719,0.147721
13720,0.111208
13721,0.091180
13722,0.086228
13723,0.089018
13724,0.085385
13725,0.063965
13726,0.075209
13727,0.081692
13728,0.086255
13729,0.073722
13730,0.110227
13731,0.138789
13732,0.071688
13733,0.174297
13734,0.178927
13735,0.153981
13736,0.092186
13737,0.146946
13738,0.125126
13739,0.099854
13740,0.081374
13741,0.154535
13742,0.146482
13743,0.123279
13744,0.104522
13745,0.100216
13746,0.151671
13747,0.184340
13748,0.169112
13749,0.144590
13750,0.193741
13751,0.119053
13752,0.125204
13753,0.112122
13754,0.142577
13755,0.078971
13756,0.109214
13757,0.142566
13758,0.236337
13759,0.179309
13760,0.116414
13761,0.109632
13762,0.210432
13763,0.098986
13764,0.136799
13765,0.142393
13766,0.188102
13767,0.165699
13768,0.164702
13769,0.212269
13770,0.093748
13771,0.141576
13772,0.219865
13773,0.131223
13774,0.270310
13775,0.222784
13776,0.268230
13777,0.301187
13778,0.143400
13779,0.214589
13780,0.201887
13781,0.248555
13782,0.112934
13783,0.154615
13784,0.358729
13785,0.269749
13786,0.201087
13787,0.121397
13788,0.252938
13789,0.263866
13790,0.273211
13791,0.261351
13792,0.216731
13793,0.189518
13794,0.199918
13795,0.189004
13796,0.136404
13797,0.177768
13798,0.112646
13799,0.155965
13800,0.126290
13801,0.113836
13802,0.093964
13803,0.117060
13804,0.090641
13805,0.094532
13806,0.165453
13807,0.130430
13808,0.156998
13809,0.118238
13810,0.118470
13811,0.144176
13812,0.119413
13813,0.119968
13814,0.071684
13815,0.088973
13816,0.088603
13817,0.096782
13818,0.099394
13819,0.082362
13820,0.080023
13821,0.070353
13822,0.077695
13823,0.082541
13824,0.086557
13825,0.101172
13826,0.093417
13827,0.085649
13828,0.081780
13829,0.132225
13830,0.130777
13831,0.135122
13832,0.088807
13833,0.090611
13834,0.102935
13835,0.107653
13836,0.077972
13837,0.082675
13838,0.079586
13839,0.087260
13840,0.076589
13841,0.066881
13842,0.061414
13843,0.123099
13844,0.075387
13845,0.070402
13846,0.070273
13847,0.107830
13848,0.150255
13849,0.098898
13850,0.095624
13851,0.096872
13852,0.095366
13853,0.080845
13854,0.132696
13855,0.096196
13856,0.123711
13857,0.121637
13858,0.116555
13859,0.080559
13860,0.089715
13861,0.115037
13862,0.094385
13863,0.086239
13864,0.080110
13865,0.075810
13866,0.083487
13867,0.095807
13868,0.066216
13869,0.073626
13870,0.123615
13871,0.091405
13872,0.082565
13873,0.100408
13874,0.082823
13875,0.089586
13876,0.118516
13877,0.089667
13878,0.075809
13879,0.103546
13880,0.069349
13881,0.087370
13882,0.103159
13883,0.071978
13884,0.100320
13885,0.122187
13886,0.088663
13887,0.103739
13888,0.103816
13889,0.105042
13890,0.073988
13891,0.082092
13892,0.085811
13893,0.092659
13894,0.076855
13895,0.053732
13896,0.089357
13897,0.096987
13898,0.061759
13899,0.131018
13900,0.219549
13901,0.167355
13902,0.117794
13903,0.139825
13904,0.246891
13905,0.104566
13906,0.120512
13907,0.179720
13908,0.320681
13909,0.272615
13910,0.230133
13911,0.136466
13912,0.133362
13913,0.162929
13914,0.181570
13915,0.079936
13916,0.156481
13917,0.208632
13918,0.201693
13919,0.143580
13920,0.175816
13921,0.160355
13922,0.153362
13923,0.149568
13924,0.140506
13925,0.129856
13926,0.111865
13927,0.105326
13928,0.081404
13929,0.065009
13930,0.100976
13931,0.135142
13932,0.086911
13933,0.077340
13934,0.100330
13935,0.095392
13936,0.097893
13937,0.128450
13938,0.094022
13939,0.137551
13940,0.118784
13941,0.067538
13942,0.084979
13943,0.089007
13944,0.090131
13945,0.082099
13946,0.107587
13947,0.090034
13948,0.090324
13949,0.071871
13950,0.071328
13951,0.066004
13952,0.072864
13953,0.097725
13954,0.093219
13955,0.050573
13956,0.124259
13957,0.137586
13958,0.123473
13959,0.107697
13960,0.097192
13961,0.101333
13962,0.118807
13963,0.141290
13964,0.072143
13965,0.078494
13966,0.081042
13967,0.082254
13968,0.134040
13969,0.128120
13970,0.086917
13971,0.077643
13972,0.096399
13973,0.092225
13974,0.086768
13975,0.088553
13976,0.115676
13977,0.078399
13978,0.096413
13979,0.147677
13980,0.111105
13981,0.089537
13982,0.118138
13983,0.097845
13984,0.130509
13985,0.094360
13986,0.080457
13987,0.114811
13988,0.085836
13989,0.141552
13990,0.089799
13991,0.072478
13992,0.114027
13993,0.119737
13994,0.115322
13995,0.109593
13996,0.083340
13997,0.077280
13998,0.089763
13999,0.115909
14000,0.097527
14001,0.091567
14002,0.086229
14003,0.086520
14004,0.062164
14005,0.181541
14006,0.206275
14007,0.192441
14008,0.133843
14009,0.130123
14010,0.247978
14011,0.154590
14012,0.159692
14013,0.176890
14014,0.181597
14015,0.195179
14016,0.187656
14017,0.096428
14018,0.140224
14019,0.110369
14020,0.142665
14021,0.127645
14022,0.151903
14023,0.153247
14024,0.088680
14025,0.111851
14026,0.107057
14027,0.090798
14028,0.144852
14029,0.140733
14030,0.084082
14031,0.111448
14032,0.134910
14033,0.129967
14034,0.090387
14035,0.084774
14036,0.081369
14037,0.079313
14038,0.071840
14039,0.082430
14040,0.073887
14041,0.081662
14042,0.082015
14043,0.104258
14044,0.099337
14045,0.076122
14046,0.085506
14047,0.099447
14048,0.086463
14049,0.062761
14050,0.066065
14051,0.060677
14052,0.050820
14053,0.083952
14054,0.086064
14055,0.082062
14056,0.086784
14057,0.083806
14058,0.099440
14059,0.080875
14060,0.082786
14061,0.097307
14062,0.082219
14063,0.082071
14064,0.078543
14065,0.060575
14066,0.060554
14067,0.068219
14068,0.082489
14069,0.121241
14070,0.183561
14071,0.166868
14072,0.144359
14073,0.120571
14074,0.081278
14075,0.059847
14076,0.085780
14077,0.105967
14078,0.105877
14079,0.097745
14080,0.126931
14081,0.101955
14082,0.093297
14083,0.104057
14084,0.112699
14085,0.074101
14086,0.090489
14087,0.136522
14088,0.087307
14089,0.092054
14090,0.094396
14091,0.100829
14092,0.130252
14093,0.079506
14094,0.092310
14095,0.111939
14096,0.104650
14097,0.109310
14098,0.110953
14099,0.114494
14100,0.119777
14101,0.110437
14102,0.079546
14103,0.079953
14104,0.071220
14105,0.110947
14106,0.068892
14107,0.079788
14108,0.087550
14109,0.135647
14110,0.175386
14111,0.090120
14112,0.108769
14113,0.109428
14114,0.079682
14115,0.106687
14116,0.118962
14117,0.119420
14118,0.097890
14119,0.193318
14120,0.169533
14121,0.087142
14122,0.183464
14123,0.119149
14124,0.124492
14125,0.111365
14126,0.104955
14127,0.070738
14128,0.080024
14129,0.100064
14130,0.115949
14131,0.084281
14132,0.072180
14133,0.073385
14134,0.099134
14135,0.115378
14136,0.117469
14137,0.086203
14138,0.092797
14139,0.161185
14140,0.131223
14141,0.107188
14142,0.090257
14143,0.149750
14144,0.105050
14145,0.089191
14146,0.135353
14147,0.091975
14148,0.087173
14149,0.060062
14150,0.099802
14151,0.150638
14152,0.138100
14153,0.098906
14154,0.169438
14155,0.263044
14156,0.208236
14157,0.174029
14158,0.157275
14159,0.195161
14160,0.195227
14161,0.225231
14162,0.142044
14163,0.150867
14164,0.206994
14165,0.092770
14166,0.147522
14167,0.298576
14168,0.222844
14169,0.183915
14170,0.091410
14171,0.124449
14172,0.281189
14173,0.421914
14174,0.352419
14175,0.140223
14176,0.111585
14177,0.133018
14178,0.225066
14179,0.137187
14180,0.113724
14181,0.121592
14182,0.095241
14183,0.100700
14184,0.076071
14185,0.129563
14186,0.111513
14187,0.082421
14188,0.097827
14189,0.062158
14190,0.091642
14191,0.093459
14192,0.070935
14193,0.058214
14194,0.066557
14195,0.088842
14196,0.095268
14197,0.084132
14198,0.181942
14199,0.180443
14200,0.123351
14201,0.198660
14202,0.251049
14203,0.162462
14204,0.118410
14205,0.139162
14206,0.139902
14207,0.187606
14208,0.200256
14209,0.096962
14210,0.165266
14211,0.286252
14212,0.239501
14213,0.169324
14214,0.118165
14215,0.130067
14216,0.103859
14217,0.154449
14218,0.162218
14219,0.164272
14220,0.100010
14221,0.075686
14222,0.098843
14223,0.115670
14224,0.170612
14225,0.242258
14226,0.116921
14227,0.102503
14228,0.131568
14229,0.196459
14230,0.527294
14231,0.341305
14232,0.428721
14233,0.283590
14234,0.314040
14235,0.291796
14236,0.320798
14237,0.212993
14238,0.270275
14239,0.224086
14240,0.133176
14241,0.170318
14242,0.180666
14243,0.182480
14244,0.249805
14245,0.178433
14246,0.195948
14247,0.158981
14248,0.225660
14249,0.138413
14250,0.108583
14251,0.124216
14252,0.123196
14253,0.115807
14254,0.098569
14255,0.096876
14256,0.106442
14257,0.121511
14258,0.081220
14259,0.056258
14260,0.080877
14261,0.108315
14262,0.069186
14263,0.091598
14264,0.131719
14265,0.103275
14266,0.101476
14267,0.150374
14268,0.124401
14269,0.131546
14270,0.098684
14271,0.106320
14272,0.281542
14273,0.329342
14274,0.162521
14275,0.115281
14276,0.131060
14277,0.142596
14278,0.077328
14279,0.077904
14280,0.120582
14281,0.081224
14282,0.067363
14283,0.083747
14284,0.079615
14285,0.073456
14286,0.075494
14287,0.092931
14288,0.079318
14289,0.083531
14290,0.057567
14291,0.077583
14292,0.074625
14293,0.065670
14294,0.075664
14295,0.072943
14296,0.086649
14297,0.110607
14298,0.277536
14299,0.124827
14300,0.136312
14301,0.159403
14302,0.113882
14303,0.094076
14304,0.112655
14305,0.161542
14306,0.105822
14307,0.106131
14308,0.168396
14309,0.168470
14310,0.101017
14311,0.101760
14312,0.083132
14313,0.101221
14314,0.083978
14315,0.095643
14316,0.178542
14317,0.112782
14318,0.125915
14319,0.130895
14320,0.076616
14321,0.125254
14322,0.184256
14323,0.167619
14324,0.162314
14325,0.168873
14326,0.120241
14327,0.151010
14328,0.190891
14329,0.093409
14330,0.103197
14331,0.077135
14332,0.131615
14333,0.128293
14334,0.116625
14335,0.098547
14336,0.154927
14337,0.106858
14338,0.124461
14339,0.105214
14340,0.095724
14341,0.103210
14342,0.105684
14343,0.108427
14344,0.092347
14345,0.118449
14346,0.078711
14347,0.116933
14348,0.104582
14349,0.093705
14350,0.110678
14351,0.148552
14352,0.097047
14353,0.135046
14354,0.194872
14355,0.154146
14356,0.112800
14357,0.130327
14358,0.119467
14359,0.090900
14360,0.091080
14361,0.106146
14362,0.115418
14363,0.078180
14364,0.078640
14365,0.087669
14366,0.099246
14367,0.074023
14368,0.060505
14369,0.088516
14370,0.156890
14371,0.138595
14372,0.076383
14373,0.142768
14374,0.122635
14375,0.116395
14376,0.143691
14377,0.142536
14378,0.087338
14379,0.082422
14380,0.118010
14381,0.081510
14382,0.097412
14383,0.089086
14384,0.100328
14385,0.110052
14386,0.137319
14387,0.099558
14388,0.145327
14389,0.119811
14390,0.115746
14391,0.081684
14392,0.160016
14393,0.117485
14394,0.112472
14395,0.068602
14396,0.124629
14397,0.123454
14398,0.095515
14399,0.099976
14400,0.117209
14401,0.101741
14402,0.129865
14403,0.107621
14404,0.067654
14405,0.099819
14406,0.107879
14407,0.095446
14408,0.069656
14409,0.127023
14410,0.107814
14411,0.074448
14412,0.086848
14413,0.063946
14414,0.073132
14415,0.109569
14416,0.110070
14417,0.097675
14418,0.126357
14419,0.115291
14420,0.100781
14421,0.073360
14422,0.069020
14423,0.075633
14424,0.089110
14425,0.081627
14426,0.058715
14427,0.085024
14428,0.063399
14429,0.052115
14430,0.051781
14431,0.085208
14432,0.073046
14433,0.059806
14434,0.100504
14435,0.114558
14436,0.093830
14437,0.080407
14438,0.108413
14439,0.161876
14440,0.148202
14441,0.135402
14442,0.090338
14443,0.101797
14444,0.083176
14445,0.097482
14446,0.067667
14447,0.100506
14448,0.088207
14449,0.079068
14450,0.095731
14451,0.097476
14452,0.101276
14453,0.093590
14454,0.060417
14455,0.103599
14456,0.104795
14457,0.076518
14458,0.062535
14459,0.077380
14460,0.070693
14461,0.050526
14462,0.051129
14463,0.060572
14464,0.071438
14465,0.062315
14466,0.063481
14467,0.057267
14468,0.091340
14469,0.115136
14470,0.072675
14471,0.197105
14472,0.112153
14473,0.117984
14474,0.113245
14475,0.112872
14476,0.095130
14477,0.076711
14478,0.100823
14479,0.078378
14480,0.136491
14481,0.124720
14482,0.134021
14483,0.149833
14484,0.111237
14485,0.108348
14486,0.132275
14487,0.119639
14488,0.129101
14489,0.116736
14490,0.086256
14491,0.091598
14492,0.088391
14493,0.098776
14494,0.070725
14495,0.125287
14496,0.134045
14497,0.113282
14498,0.083793
14499,0.149854
14500,0.135392
14501,0.110797
14502,0.071651
14503,0.073545
14504,0.102118
14505,0.075448
14506,0.128046
14507,0.110461
14508,0.123427
14509,0.094925
14510,0.099913
14511,0.093989
14512,0.104699
14513,0.141828
14514,0.112504
14515,0.112485
14516,0.161817
14517,0.199343
14518,0.163296
14519,0.087536
14520,0.109329
14521,0.096560
14522,0.135749
14523,0.121636
14524,0.125061
14525,0.085746
14526,0.073820
14527,0.073056
14528,0.080444
14529,0.065543
14530,0.077087
14531,0.083594
14532,0.077340
14533,0.101556
14534,0.132943
14535,0.088611
14536,0.080675
14537,0.118118
14538,0.126295
14539,0.074883
14540,0.119562
14541,0.102169
14542,0.172622
14543,0.241774
14544,0.155286
14545,0.118187
14546,0.114549
14547,0.112156
14548,0.110616
14549,0.094304
14550,0.107574
14551,0.151469
14552,0.150634
14553,0.111430
14554,0.133554
14555,0.110041
14556,0.116683
14557,0.110000
14558,0.094063
14559,0.093202
14560,0.112371
14561,0.073685
14562,0.075596
14563,0.072535
14564,0.098668
14565,0.098952
14566,0.083907
14567,0.110352
14568,0.112906
14569,0.071929
14570,0.091262
14571,0.107856
14572,0.089046
14573,0.065816
14574,0.082572
14575,0.107983
14576,0.067862
14577,0.109189
14578,0.081535
14579,0.086630
14580,0.062653
14581,0.073825
14582,0.092106
14583,0.065545
14584,0.065200
14585,0.119924
14586,0.125510
14587,0.173559
14588,0.100003
14589,0.094432
14590,0.066864
14591,0.083724
14592,0.072615
14593,0.078821
14594,0.081232
14595,0.068394
14596,0.081291
14597,0.067807
14598,0.064476
14599,0.085550
14600,0.107684
14601,0.078223
14602,0.100202
14603,0.086173
14604,0.072319
14605,0.105587
14606,0.074028
14607,0.068188
14608,0.069288
14609,0.080571
14610,0.092804
14611,0.084462
14612,0.064820
14613,0.061890
14614,0.062331
14615,0.055669
14616,0.075711
14617,0.067946
14618,0.055658
14619,0.065992
14620,0.067663
14621,0.072842
14622,0.066366
14623,0.068621
14624,0.098557
14625,0.097187
14626,0.076396
14627,0.069519
14628,0.077151
14629,0.086986
14630,0.074153
14631,0.066780
14632,0.089605
14633,0.085287
14634,0.110697
14635,0.094394
14636,0.094598
14637,0.088012
14638,0.096497
14639,0.182676
14640,0.179453
14641,0.162252
14642,0.187280
14643,0.123637
14644,0.147995
14645,0.122692
14646,0.101457
14647,0.088615
14648,0.080704
14649,0.072315
14650,0.086256
14651,0.080087
14652,0.048967
14653,0.069934
14654,0.090012
14655,0.086489
14656,0.079206
14657,0.087098
14658,0.109648
14659,0.080201
14660,0.075543
14661,0.135845
14662,0.130670
14663,0.132356
14664,0.074486
14665,0.061586
14666,0.067235
14667,0.075544
14668,0.111528
14669,0.088925
14670,0.080142
14671,0.087085
14672,0.076301
14673,0.097272
14674,0.073155
14675,0.067582
14676,0.066756
14677,0.114128
14678,0.138674
14679,0.135321
14680,0.079361
14681,0.060086
14682,0.071003
14683,0.165344
14684,0.160487
14685,0.096152
14686,0.065344
14687,0.079767
14688,0.085741
14689,0.076447
14690,0.076074
14691,0.093760
14692,0.078470
14693,0.091580
14694,0.107802
14695,0.076695
14696,0.089533
14697,0.119485
14698,0.081535
14699,0.101415
14700,0.098515
14701,0.142952
14702,0.163764
14703,0.122824
14704,0.137180
14705,0.109352
14706,0.082421
14707,0.134626
14708,0.155001
14709,0.085808
14710,0.076392
14711,0.074329
14712,0.134997
14713,0.079834
14714,0.109940
14715,0.104967
14716,0.100585
14717,0.064579
14718,0.105343
14719,0.140842
14720,0.215390
14721,0.104428
14722,0.112006
14723,0.132649
14724,0.138797
14725,0.079047
14726,0.093577
14727,0.119149
14728,0.117448
14729,0.081045
14730,0.066134
14731,0.089168
14732,0.070215
14733,0.089751
14734,0.064067
14735,0.055596
14736,0.064420
14737,0.069653
14738,0.075462
14739,0.054349
14740,0.087639
14741,0.087476
14742,0.078548
14743,0.088590
14744,0.081599
14745,0.079550
14746,0.091245
14747,0.078553
14748,0.111572
14749,0.098131
14750,0.061431
14751,0.087056
14752,0.088874
14753,0.074806
14754,0.080973
14755,0.109521
14756,0.079022
14757,0.068086
14758,0.059135
14759,0.088271
14760,0.056653
14761,0.052750
14762,0.063351
14763,0.058805
14764,0.060550
14765,0.067807
14766,0.064251
14767,0.080494
14768,0.093106
14769,0.097295
14770,0.089840
14771,0.098196
14772,0.079240
14773,0.098436
14774,0.113394
14775,0.087389
14776,0.075169
14777,0.152089
14778,0.115644
14779,0.092354
14780,0.105649
14781,0.163629
14782,0.183916
14783,0.076938
14784,0.124134
14785,0.143746
14786,0.111138
14787,0.058186
14788,0.068758
14789,0.125995
14790,0.131078
14791,0.129088
14792,0.144874
14793,0.124966
14794,0.202728
14795,0.106218
14796,0.065104
14797,0.108238
14798,0.076398
14799,0.061739
14800,0.067803
14801,0.055304
14802,0.073739
14803,0.110612
14804,0.079164
14805,0.107090
14806,0.102367
14807,0.090487
14808,0.085819
14809,0.091996
14810,0.114121
14811,0.083388
14812,0.074825
14813,0.066220
14814,0.079128
14815,0.085528
14816,0.110345
14817,0.076136
14818,0.052794
14819,0.090236
14820,0.078692
14821,0.164376
14822,0.183777
14823,0.212836
14824,0.140909
14825,0.094889
14826,0.094225
14827,0.078542
14828,0.078945
14829,0.073637
14830,0.126758
14831,0.105394
14832,0.088199
14833,0.093267
14834,0.077423
14835,0.083630
14836,0.108411
14837,0.075729
14838,0.089598
14839,0.066230
14840,0.067668
14841,0.078529
14842,0.064451
14843,0.097607
14844,0.072049
14845,0.064031
14846,0.071269
14847,0.072265
14848,0.076321
14849,0.073765
14850,0.072300
14851,0.134795
14852,0.105200
14853,0.096778
14854,0.058065
14855,0.092917
14856,0.087452
14857,0.089377
14858,0.116945
14859,0.142559
14860,0.081335
14861,0.098503
14862,0.086166
14863,0.069080
14864,0.097470
14865,0.093592
14866,0.111797
14867,0.134686
14868,0.078341
14869,0.100163
14870,0.119212
14871,0.165048
14872,0.136114
14873,0.142729
14874,0.144441
14875,0.093413
14876,0.105790
14877,0.133354
14878,0.109725
14879,0.102064
14880,0.097063
14881,0.104095
14882,0.126188
14883,0.126873
14884,0.090384
14885,0.063256
14886,0.064989
14887,0.106000
14888,0.059709
14889,0.078751
14890,0.091148
14891,0.074235
14892,0.095862
14893,0.107479
14894,0.131841
14895,0.103392
14896,0.072229
14897,0.051557
14898,0.080923
14899,0.078293
14900,0.120409
14901,0.076739
14902,0.111653
14903,0.085111
14904,0.073895
14905,0.068311
14906,0.078244
14907,0.099890
14908,0.149435
14909,0.126484
14910,0.107516
14911,0.111013
14912,0.086959
14913,0.123129
14914,0.098037
14915,0.060269
14916,0.144540
14917,0.152150
14918,0.125488
14919,0.077821
14920,0.105450
14921,0.186384
14922,0.125418
14923,0.115896
14924,0.135487
14925,0.080894
14926,0.103050
14927,0.084150
14928,0.115160
14929,0.120760
14930,0.135115
14931,0.134245
14932,0.101226
14933,0.055696
14934,0.087007
14935,0.115866
14936,0.182214
14937,0.113375
14938,0.116304
14939,0.110207
14940,0.149658
14941,0.081612
14942,0.100479
14943,0.181897
14944,0.113841
14945,0.138048
14946,0.115914
14947,0.214298
14948,0.153358
14949,0.092376
14950,0.102185
14951,0.091282
14952,0.094439
14953,0.077360
14954,0.094215
14955,0.081391
14956,0.080690
14957,0.080658
14958,0.067618
14959,0.077202
14960,0.100052
14961,0.062727
14962,0.059691
14963,0.066261
14964,0.058926
14965,0.065370
14966,0.060300
14967,0.064242
14968,0.053251
14969,0.078506
14970,0.113634
14971,0.085894
14972,0.100393
14973,0.111616
14974,0.074875
14975,0.058581
14976,0.056299
14977,0.052475
14978,0.060265
14979,0.053506
14980,0.053817
14981,0.053290
14982,0.085752
14983,0.088999
14984,0.068741
14985,0.071770
14986,0.068011
14987,0.066545
14988,0.074850
14989,0.100247
14990,0.112225
14991,0.117099
14992,0.068562
14993,0.052385
14994,0.070138
14995,0.098177
14996,0.154025
14997,0.103688
14998,0.101826
14999,0.101700
15000,0.110317
15001,0.090267
15002,0.081512
15003,0.240938
15004,0.118864
15005,0.150059
15006,0.158617
15007,0.078010
15008,0.083596
15009,0.060623
15010,0.085013
15011,0.075697
15012,0.083228
15013,0.075907
15014,0.081830
15015,0.060898
15016,0.085528
15017,0.096993
15018,0.095704
15019,0.102510
15020,0.114732
15021,0.079720
15022,0.072342
15023,0.068515
15024,0.072691
15025,0.073567
15026,0.091420
15027,0.099273
15028,0.107687
15029,0.073349
15030,0.102041
15031,0.086514
15032,0.091707
15033,0.112801
15034,0.114804
15035,0.129962
15036,0.098387
15037,0.096109
15038,0.109911
15039,0.092343
15040,0.154603
15041,0.112665
15042,0.088146
15043,0.152333
15044,0.170669
15045,0.220406
15046,0.167501
15047,0.107007
15048,0.080323
15049,0.059370
15050,0.136213
15051,0.149816
15052,0.127153
15053,0.117129
15054,0.092838
15055,0.094850
15056,0.096043
15057,0.114828
15058,0.069828
15059,0.092042
15060,0.105387
15061,0.083111
15062,0.079293
15063,0.127782
15064,0.134047
15065,0.073687
15066,0.067773
15067,0.098498
15068,0.115573
15069,0.108821
15070,0.079528
15071,0.102544
15072,0.085715
15073,0.059594
15074,0.062447
15075,0.066317
15076,0.066880
15077,0.059296
15078,0.067957
15079,0.065799
15080,0.074471
15081,0.095848
15082,0.103078
15083,0.104067
15084,0.091905
15085,0.118223
15086,0.081013
15087,0.082827
15088,0.099645
15089,0.089396
15090,0.063839
15091,0.065980
15092,0.070541
15093,0.060703
15094,0.065057
15095,0.059610
15096,0.064214
15097,0.041929
15098,0.068423
15099,0.051586
15100,0.099567
15101,0.072238
15102,0.082768
15103,0.077330
15104,0.063249
15105,0.065734
15106,0.055778
15107,0.063137
15108,0.055843
15109,0.069897
15110,0.070614
15111,0.070276
15112,0.073749
15113,0.069691
15114,0.059461
15115,0.048605
15116,0.060864
15117,0.061993
15118,0.065624
15119,0.079874
15120,0.066536
15121,0.066878
15122,0.065869
15123,0.058608
15124,0.089856
15125,0.056860
15126,0.102860
15127,0.059158
15128,0.058468
15129,0.095371
15130,0.146432
15131,0.161593
15132,0.085158
15133,0.104279
15134,0.143616
15135,0.139560
15136,0.074197
15137,0.096089
15138,0.108615
15139,0.123326
15140,0.071017
15141,0.075591
15142,0.107907
15143,0.092913
15144,0.077942
15145,0.129353
15146,0.133586
15147,0.093092
15148,0.101244
15149,0.094902
15150,0.103609
15151,0.072044
15152,0.074327
15153,0.068042
15154,0.079533
15155,0.078119
15156,0.077922
15157,0.097790
15158,0.096215
15159,0.085643
15160,0.084302
15161,0.071493
15162,0.064320
15163,0.120754
15164,0.161327
15165,0.111204
15166,0.091799
15167,0.071419
15168,0.123433
15169,0.096367
15170,0.098915
15171,0.178098
15172,0.102488
15173,0.107166
15174,0.091202
15175,0.101626
15176,0.091958
15177,0.086729
15178,0.079132
15179,0.075956
15180,0.120820
15181,0.075775
15182,0.063838
15183,0.067276
15184,0.083671
15185,0.080206
15186,0.043779
15187,0.112085
15188,0.167727
15189,0.118337
15190,0.057088
15191,0.066667
15192,0.081487
15193,0.104661
15194,0.098535
15195,0.107983
15196,0.089722
15197,0.086540
15198,0.095519
15199,0.101711
15200,0.104266
15201,0.080381
15202,0.060789
15203,0.116834
15204,0.158466
15205,0.131727
15206,0.090650
15207,0.114891
15208,0.145517
15209,0.100273
15210,0.121212
15211,0.120520
15212,0.086814
15213,0.094493
15214,0.093440
15215,0.078302
15216,0.120906
15217,0.085447
15218,0.059929
15219,0.061013
15220,0.097656
15221,0.079251
15222,0.064307
15223,0.064625
15224,0.058935
15225,0.057058
15226,0.081498
15227,0.084183
15228,0.059220
15229,0.044840
15230,0.060667
15231,0.048736
15232,0.059919
15233,0.084235
15234,0.082808
15235,0.090000
15236,0.069096
15237,0.068726
15238,0.059028
15239,0.067436
15240,0.067861
15241,0.064378
15242,0.096686
15243,0.092212
15244,0.069486
15245,0.064470
15246,0.092627
15247,0.071872
15248,0.068522
15249,0.053941
15250,0.052152
15251,0.060932
15252,0.065431
15253,0.040075
15254,0.059512
15255,0.084684
15256,0.079770
15257,0.075401
15258,0.093198
15259,0.082803
15260,0.084225
15261,0.072155
15262,0.072384
15263,0.064789
15264,0.121711
15265,0.128255
15266,0.112204
15267,0.090154
15268,0.109931
15269,0.136124
15270,0.095138
15271,0.055835
15272,0.067309
15273,0.065415
15274,0.081123
15275,0.084399
15276,0.075349
15277,0.083679
15278,0.113941
15279,0.115673
15280,0.100622
15281,0.110335
15282,0.088792
15283,0.095294
15284,0.100301
15285,0.065626
15286,0.061937
15287,0.062389
15288,0.090898
15289,0.097448
15290,0.084060
15291,0.066691
15292,0.075473
15293,0.056885
15294,0.060775
15295,0.061936
15296,0.076111
15297,0.093600
15298,0.078315
15299,0.146988
15300,0.106897
15301,0.066675
15302,0.116755
15303,0.108727
15304,0.106027
15305,0.131126
15306,0.176293
15307,0.132527
15308,0.118943
15309,0.130784
15310,0.200048
15311,0.134146
15312,0.134886
15313,0.157372
15314,0.078573
15315,0.094172
15316,0.103057
15317,0.071290
15318,0.104820
15319,0.060652
15320,0.095410
15321,0.079787
15322,0.100182
15323,0.059143
15324,0.061109
15325,0.084999
15326,0.074764
15327,0.064551
15328,0.067086
15329,0.089291
15330,0.081699
15331,0.061357
15332,0.067955
15333,0.093164
15334,0.078655
15335,0.150330
15336,0.173966
15337,0.161589
15338,0.077693
15339,0.127840
15340,0.132773
15341,0.126044
15342,0.104468
15343,0.112087
15344,0.061731
15345,0.083481
15346,0.079380
15347,0.077556
15348,0.106774
15349,0.098323
15350,0.149762
15351,0.228891
15352,0.121226
15353,0.093445
15354,0.088461
15355,0.152452
15356,0.132342
15357,0.150179
15358,0.076429
15359,0.118936
15360,0.149385
15361,0.122242
15362,0.129126
15363,0.131507
15364,0.191988
15365,0.113249
15366,0.105399
15367,0.088887
15368,0.126234
15369,0.123311
15370,0.080828
15371,0.122966
15372,0.139743
15373,0.171124
15374,0.109148
15375,0.113470
15376,0.065409
15377,0.088901
15378,0.122162
15379,0.115354
15380,0.085990
15381,0.085084
15382,0.080959
15383,0.105613
15384,0.092294
15385,0.063783
15386,0.042553
15387,0.058930
15388,0.070724
15389,0.055618
15390,0.069938
15391,0.126622
15392,0.093107
15393,0.057712
15394,0.071407
15395,0.088912
15396,0.061298
15397,0.069937
15398,0.073635
15399,0.094060
15400,0.067062
15401,0.106674
15402,0.073814
15403,0.098291
15404,0.081274
15405,0.061636
15406,0.076801
15407,0.084789
15408,0.052003
15409,0.065234
15410,0.101097
15411,0.077076
15412,0.090584
15413,0.067293
15414,0.076627
15415,0.073964
15416,0.076118
15417,0.064613
15418,0.062272
15419,0.071752
15420,0.097731
15421,0.125886
15422,0.099477
15423,0.111277
15424,0.079132
15425,0.120295
15426,0.085134
15427,0.080127
15428,0.080969
15429,0.067155
15430,0.106536
15431,0.082046
15432,0.046811
15433,0.063344
15434,0.100316
15435,0.060828
15436,0.073646
15437,0.065452
15438,0.056561
15439,0.064205
15440,0.058582
15441,0.062885
15442,0.077759
15443,0.075539
15444,0.056939
15445,0.085299
15446,0.107601
15447,0.073925
15448,0.065623
15449,0.083279
15450,0.089063
15451,0.073284
15452,0.061078
15453,0.060174
15454,0.063349
15455,0.083732
15456,0.057395
15457,0.072373
15458,0.061209
15459,0.068786
15460,0.079689
15461,0.097295
15462,0.083025
15463,0.086729
15464,0.099901
15465,0.126692
15466,0.065201
15467,0.131069
15468,0.166958
15469,0.123317
15470,0.109178
15471,0.192253
15472,0.147101
15473,0.151389
15474,0.098044
15475,0.098731
15476,0.133519
15477,0.086530
15478,0.093226
15479,0.083980
15480,0.081679
15481,0.065045
15482,0.093194
15483,0.075080
15484,0.066557
15485,0.081358
15486,0.066400
15487,0.054508
15488,0.063995
15489,0.102998
15490,0.090170
15491,0.101527
15492,0.089142
15493,0.114454
15494,0.107372
15495,0.086182
15496,0.073022
15497,0.061934
15498,0.061756
15499,0.053686
15500,0.059762
15501,0.059150
15502,0.072172
15503,0.073888
15504,0.087494
15505,0.081398
15506,0.111179
15507,0.090025
15508,0.076276
15509,0.094575
15510,0.120375
15511,0.097413
15512,0.070132
15513,0.091880
15514,0.104617
15515,0.063899
15516,0.073969
15517,0.138049
15518,0.076452
15519,0.078854
15520,0.132719
15521,0.111371
15522,0.100492
15523,0.089071
15524,0.109239
15525,0.120975
15526,0.107223
15527,0.059223
15528,0.072382
15529,0.152221
15530,0.183256
15531,0.094280
15532,0.122957
15533,0.118818
15534,0.099528
15535,0.103317
15536,0.084382
15537,0.103931
15538,0.060125
15539,0.068592
15540,0.056739
15541,0.079721
15542,0.102150
15543,0.074901
15544,0.117890
15545,0.108140
15546,0.095198
15547,0.094550
15548,0.134739
15549,0.225502
15550,0.151522
15551,0.116395
15552,0.137571
15553,0.157424
15554,0.134917
15555,0.147055
15556,0.097274
15557,0.095163
15558,0.129522
15559,0.098256
15560,0.050322
15561,0.112417
15562,0.066567
15563,0.091570
15564,0.122172
15565,0.087099
15566,0.069815
15567,0.098931
15568,0.116980
15569,0.101315
15570,0.075089
15571,0.106865
15572,0.071668
15573,0.109096
15574,0.087755
15575,0.104154
15576,0.100326
15577,0.124162
15578,0.129021
15579,0.135594
15580,0.100995
15581,0.145800
15582,0.093566
15583,0.114745
15584,0.083254
15585,0.221032
15586,0.232904
15587,0.098603
15588,0.101902
15589,0.085324
15590,0.098433
15591,0.069921
15592,0.099081
15593,0.101457
15594,0.186980
15595,0.100990
15596,0.087355
15597,0.126328
15598,0.143807
15599,0.095579
15600,0.086851
15601,0.121418
15602,0.101324
15603,0.074927
15604,0.060820
15605,0.093169
15606,0.082410
15607,0.088119
15608,0.057518
15609,0.080983
15610,0.091551
15611,0.072601
15612,0.094645
15613,0.114405
15614,0.162637
15615,0.095379
15616,0.090430
15617,0.070842
15618,0.107792
15619,0.096168
15620,0.094501
15621,0.103742
15622,0.062918
15623,0.077148
15624,0.070637
15625,0.056987
15626,0.071645
15627,0.084523
15628,0.053429
15629,0.069006
15630,0.087489
15631,0.074159
15632,0.057424
15633,0.056382
15634,0.045543
15635,0.059163
15636,0.060857
15637,0.065119
15638,0.047857
15639,0.061600
15640,0.067494
15641,0.063661
15642,0.098128
15643,0.112646
15644,0.085119
15645,0.094191
15646,0.117709
15647,0.091711
15648,0.059094
15649,0.069322
15650,0.053790
15651,0.083424
15652,0.087973
15653,0.102483
15654,0.086338
15655,0.108172
15656,0.121287
15657,0.115601
15658,0.081991
15659,0.072206
15660,0.129154
15661,0.101937
15662,0.073060
15663,0.091177
15664,0.099464
15665,0.084515
15666,0.109067
15667,0.110812
15668,0.072367
15669,0.090431
15670,0.094314
15671,0.058530
15672,0.070098
15673,0.090174
15674,0.045875
15675,0.073077
15676,0.087787
15677,0.096216
15678,0.095192
15679,0.116604
15680,0.073859
15681,0.054136
15682,0.064673
15683,0.069114
15684,0.102010
15685,0.081129
15686,0.095284
15687,0.092096
15688,0.075032
15689,0.089386
15690,0.069670
15691,0.092651
15692,0.105531
15693,0.069358
15694,0.082971
15695,0.074670
15696,0.056781
15697,0.088251
15698,0.141386
15699,0.180186
15700,0.096607
15701,0.070210
15702,0.092103
15703,0.088418
15704,0.074354
15705,0.129357
15706,0.129842
15707,0.082962
15708,0.077583
15709,0.079337
15710,0.050574
15711,0.077631
15712,0.112529
15713,0.114683
15714,0.075473
15715,0.074439
15716,0.089830
15717,0.103035
15718,0.081002
15719,0.062025
15720,0.072838
15721,0.110804
15722,0.111576
15723,0.081219
15724,0.107227
15725,0.115564
15726,0.136347
15727,0.105371
15728,0.101476
15729,0.087033
15730,0.095156
15731,0.128187
15732,0.127563
15733,0.103275
15734,0.081813
15735,0.064186
15736,0.052295
15737,0.095516
15738,0.060176
15739,0.071724
15740,0.089848
15741,0.081950
15742,0.078810
15743,0.084306
15744,0.051760
15745,0.098489
15746,0.099334
15747,0.121626
15748,0.099476
15749,0.122453
15750,0.098468
15751,0.098158
15752,0.093412
15753,0.083872
15754,0.093900
15755,0.074461
15756,0.077873
15757,0.074013
15758,0.187592
15759,0.125064
15760,0.122469
15761,0.096809
15762,0.093788
15763,0.074632
15764,0.074908
15765,0.062702
15766,0.065766
15767,0.090496
15768,0.079975
15769,0.106629
15770,0.142056
15771,0.083710
15772,0.065892
15773,0.073435
15774,0.071926
15775,0.057952
15776,0.052639
15777,0.082384
15778,0.088637
15779,0.102019
15780,0.099145
15781,0.061434
15782,0.058662
15783,0.117175
15784,0.086060
15785,0.087170
15786,0.066444
15787,0.076194
15788,0.096320
15789,0.090652
15790,0.071049
15791,0.064397
15792,0.066194
15793,0.058225
15794,0.049469
15795,0.075299
15796,0.076879
15797,0.077111
15798,0.062280
15799,0.096443
15800,0.100780
15801,0.062913
15802,0.064523
15803,0.094417
15804,0.057370
15805,0.055732
15806,0.057663
15807,0.067090
15808,0.068006
15809,0.061283
15810,0.057669
15811,0.055348
15812,0.050981
15813,0.058829
15814,0.067271
15815,0.080710
15816,0.070538
15817,0.081698
15818,0.076960
15819,0.051352
15820,0.083950
15821,0.072428
15822,0.062638
15823,0.055404
15824,0.075571
15825,0.067426
15826,0.065292
15827,0.080939
15828,0.080879
15829,0.059567
15830,0.068953
15831,0.056077
15832,0.069691
15833,0.061275
15834,0.083449
15835,0.059088
15836,0.052618
15837,0.065597
15838,0.071061
15839,0.063866
15840,0.052700
15841,0.072463
15842,0.064035
15843,0.056826
15844,0.064771
15845,0.054009
15846,0.043161
15847,0.059899
15848,0.063585
15849,0.051309
15850,0.070653
15851,0.066703
15852,0.054841
15853,0.079730
15854,0.057199
15855,0.058711
15856,0.084416
15857,0.103124
15858,0.056813
15859,0.063252
15860,0.058774
15861,0.060684
15862,0.061447
15863,0.051613
15864,0.039374
15865,0.064025
15866,0.061878
15867,0.059678
15868,0.090230
15869,0.075118
15870,0.079153
15871,0.086494
15872,0.085975
15873,0.076164
15874,0.049936
15875,0.062216
15876,0.090471
15877,0.084227
15878,0.066949
15879,0.076941
15880,0.072503
15881,0.050283
15882,0.076593
15883,0.079468
15884,0.082894
15885,0.065924
15886,0.083099
15887,0.058541
15888,0.104376
15889,0.118385
15890,0.081264
15891,0.083983
15892,0.109813
15893,0.077295
15894,0.069763
15895,0.061505
15896,0.089335
15897,0.076314
15898,0.073166
15899,0.075486
15900,0.131292
15901,0.178709
15902,0.130345
15903,0.081036
15904,0.126502
15905,0.139186
15906,0.143354
15907,0.142514
15908,0.094798
15909,0.134849
15910,0.079431
15911,0.080362
15912,0.123749
15913,0.094741
15914,0.085439
15915,0.104605
15916,0.114936
15917,0.092198
15918,0.073346
15919,0.062488
15920,0.063576
15921,0.066631
15922,0.076776
15923,0.066957
15924,0.056827
15925,0.064598
15926,0.051629
15927,0.052789
15928,0.077585
15929,0.070280
15930,0.057030
15931,0.058778
15932,0.070579
15933,0.074461
15934,0.057050
15935,0.066749
15936,0.061515
15937,0.080274
15938,0.076796
15939,0.075001
15940,0.083221
15941,0.108943
15942,0.089995
15943,0.053746
15944,0.055082
15945,0.060195
15946,0.045994
15947,0.047296
15948,0.047921
15949,0.072233
15950,0.099229
15951,0.075423
15952,0.103391
15953,0.083984
15954,0.131428
15955,0.150679
15956,0.099961
15957,0.115106
15958,0.099193
15959,0.132847
15960,0.095129
15961,0.094141
15962,0.061229
15963,0.077841
15964,0.088595
15965,0.096766
15966,0.057997
15967,0.070059
15968,0.064597
15969,0.075529
15970,0.064769
15971,0.049053
15972,0.068683
15973,0.066846
15974,0.072970
15975,0.071858
15976,0.077085
15977,0.055006
15978,0.068199
15979,0.075453
15980,0.103418
15981,0.066979
15982,0.055592
15983,0.059092
15984,0.089955
15985,0.091048
15986,0.085049
15987,0.087085
15988,0.083240
15989,0.065608
15990,0.093168
15991,0.112187
15992,0.098589
15993,0.104703
15994,0.063923
15995,0.085485
15996,0.137152
15997,0.078764
15998,0.063943
15999,0.074768
16000,0.098845
16001,0.070089
16002,0.079308
16003,0.048499
16004,0.075503
16005,0.061405
16006,0.060036
16007,0.072104
16008,0.077098
16009,0.063844
16010,0.070729
16011,0.089142
16012,0.070188
16013,0.102443
16014,0.088580
16015,0.076317
16016,0.057451
16017,0.079996
16018,0.117216
16019,0.081487
16020,0.104310
16021,0.083996
16022,0.070352
16023,0.111000
16024,0.127073
16025,0.116624
16026,0.094273
16027,0.111124
16028,0.122635
16029,0.098145
16030,0.121837
16031,0.117831
16032,0.123007
16033,0.085601
16034,0.106670
16035,0.179251
16036,0.099931
16037,0.102011
16038,0.115685
16039,0.115273
16040,0.137434
16041,0.054013
16042,0.087709
16043,0.149153
16044,0.162611
16045,0.073998
16046,0.097655
16047,0.173524
16048,0.137790
16049,0.052521
16050,0.082055
16051,0.160246
16052,0.135333
16053,0.079754
16054,0.098780
16055,0.114262
16056,0.110463
16057,0.071444
16058,0.083958
16059,0.068911
16060,0.066700
16061,0.056031
16062,0.101094
16063,0.074479
16064,0.091356
16065,0.145500
16066,0.114136
16067,0.115790
16068,0.140577
16069,0.116478
16070,0.087983
16071,0.088264
16072,0.087197
16073,0.045137
16074,0.074158
16075,0.088453
16076,0.084430
16077,0.106622
16078,0.088736
16079,0.086765
16080,0.100522
16081,0.067637
16082,0.087027
16083,0.075945
16084,0.086955
16085,0.090076
16086,0.064338
16087,0.053568
16088,0.071275
16089,0.085175
16090,0.067167
16091,0.052883
16092,0.082264
16093,0.073139
16094,0.059668
16095,0.060396
16096,0.067780
16097,0.076346
16098,0.069248
16099,0.077949
16100,0.075016
16101,0.082137
16102,0.073564
16103,0.052166
16104,0.056258
16105,0.045371
16106,0.057748
16107,0.057323
16108,0.053504
16109,0.061309
16110,0.062084
16111,0.058422
16112,0.053822
16113,0.046346
16114,0.052619
16115,0.045401
16116,0.054422
16117,0.057924
16118,0.051559
16119,0.072956
16120,0.084496
16121,0.094334
16122,0.156590
16123,0.101536
16124,0.088327
16125,0.058317
16126,0.066299
16127,0.091399
16128,0.121043
16129,0.087971
16130,0.089357
16131,0.126770
16132,0.092334
16133,0.084574
16134,0.062084
16135,0.120445
16136,0.100341
16137,0.064274
16138,0.071083
16139,0.059042
16140,0.075061
16141,0.085073
16142,0.053214
16143,0.127238
16144,0.160918
16145,0.138710
16146,0.085932
16147,0.179729
16148,0.198069
16149,0.290346
16150,0.142188
16151,0.118351
16152,0.110262
16153,0.125784
16154,0.123271
16155,0.115293
16156,0.090990
16157,0.063532
16158,0.079687
16159,0.085243
16160,0.080641
16161,0.069232
16162,0.073279
16163,0.066642
16164,0.051708
16165,0.084058
16166,0.052259
16167,0.085379
16168,0.112613
16169,0.122372
16170,0.063423
16171,0.075267
16172,0.089855
16173,0.078577
16174,0.072265
16175,0.055231
16176,0.073007
16177,0.070657
16178,0.065506
16179,0.055326
16180,0.081831
16181,0.065254
16182,0.062468
16183,0.063017
16184,0.061272
16185,0.068245
16186,0.066477
16187,0.060062
16188,0.069286
16189,0.041797
16190,0.058882
16191,0.087594
16192,0.084727
16193,0.088905
16194,0.058986
16195,0.075806
16196,0.093675
16197,0.054872
16198,0.061960
16199,0.082791
16200,0.089642
16201,0.099482
16202,0.059741
16203,0.064771
16204,0.081173
16205,0.157429
16206,0.135237
16207,0.122037
16208,0.104232
16209,0.102719
16210,0.081396
16211,0.085401
16212,0.082666
16213,0.069147
16214,0.117655
16215,0.090374
16216,0.084659
16217,0.133458
16218,0.093992
16219,0.087459
16220,0.096275
16221,0.059186
16222,0.067731
16223,0.102107
16224,0.131141
16225,0.104139
16226,0.077899
16227,0.118173
16228,0.158827
16229,0.091662
16230,0.069017
16231,0.094882
16232,0.069050
16233,0.057806
16234,0.042190
16235,0.044679
16236,0.067566
16237,0.072035
16238,0.041391
16239,0.042750
16240,0.075571
16241,0.078529
16242,0.069821
16243,0.043770
16244,0.068266
16245,0.065088
16246,0.067135
16247,0.073135
16248,0.081250
16249,0.053000
16250,0.059628
16251,0.067264
16252,0.067992
16253,0.063032
16254,0.066240
16255,0.062724
16256,0.069453
16257,0.055692
16258,0.066039
16259,0.085755
16260,0.105003
16261,0.080792
16262,0.072306
16263,0.100449
16264,0.081588
16265,0.076717
16266,0.080333
16267,0.125215
16268,0.073265
16269,0.093375
16270,0.085842
16271,0.048943
16272,0.088191
16273,0.082124
16274,0.084579
16275,0.083250
16276,0.083572
16277,0.072814
16278,0.061652
16279,0.063080
16280,0.050326
16281,0.058493
16282,0.063528
16283,0.055228
16284,0.065197
16285,0.061313
16286,0.083056
16287,0.088457
16288,0.133282
16289,0.093698
16290,0.084841
16291,0.087556
16292,0.091666
16293,0.099161
16294,0.061765
16295,0.067225
16296,0.068458
16297,0.070530
16298,0.045870
16299,0.069340
16300,0.074453
16301,0.076632
16302,0.085740
16303,0.071355
16304,0.083041
16305,0.147938
16306,0.136639
16307,0.096358
16308,0.079783
16309,0.159108
16310,0.113213
16311,0.084887
16312,0.119794
16313,0.107949
16314,0.053590
16315,0.086857
16316,0.190961
16317,0.121560
16318,0.150194
16319,0.094880
16320,0.083237
16321,0.072690
16322,0.096572
16323,0.193495
16324,0.127845
16325,0.083559
16326,0.122427
16327,0.111817
16328,0.067311
16329,0.083489
16330,0.094661
16331,0.088033
16332,0.092062
16333,0.063901
16334,0.074734
16335,0.063728
16336,0.073960
16337,0.122490
16338,0.089670
16339,0.051572
16340,0.079280
16341,0.120026
16342,0.116024
16343,0.081693
16344,0.071416
16345,0.094224
16346,0.069143
16347,0.088445
16348,0.066248
16349,0.060903
16350,0.071709
16351,0.089991
16352,0.062232
16353,0.056427
16354,0.073182
16355,0.128712
16356,0.109851
16357,0.115849
16358,0.124722
16359,0.081895
16360,0.125119
16361,0.117552
16362,0.109979
16363,0.084649
16364,0.080765
16365,0.102793
16366,0.083683
16367,0.066655
16368,0.067600
16369,0.082259
16370,0.067922
16371,0.083392
16372,0.063431
16373,0.150672
16374,0.174516
16375,0.108064
16376,0.094262
16377,0.110288
16378,0.115854
16379,0.073751
16380,0.068823
16381,0.120760
16382,0.098996
16383,0.097726
16384,0.100952
16385,0.080275
16386,0.054234
16387,0.045724
16388,0.093662
16389,0.140560
16390,0.096338
16391,0.078022
16392,0.082575
16393,0.094061
16394,0.058388
16395,0.137489
16396,0.096271
16397,0.128177
16398,0.101613
16399,0.092699
16400,0.080701
16401,0.083031
16402,0.166642
16403,0.110803
16404,0.143871
16405,0.133507
16406,0.178992
16407,0.131991
16408,0.142865
16409,0.097481
16410,0.106144
16411,0.072605
16412,0.059658
16413,0.083418
16414,0.101731
16415,0.150567
16416,0.089503
16417,0.065192
16418,0.052123
16419,0.103855
16420,0.052238
16421,0.070023
16422,0.105819
16423,0.078934
16424,0.072607
16425,0.084695
16426,0.090788
16427,0.091685
16428,0.064395
16429,0.078775
16430,0.061154
16431,0.072298
16432,0.065865
16433,0.060387
16434,0.062150
16435,0.064351
16436,0.093462
16437,0.094091
16438,0.090157
16439,0.065467
16440,0.049461
16441,0.061051
16442,0.077009
16443,0.071070
16444,0.055599
16445,0.063560
16446,0.076196
16447,0.068617
16448,0.056971
16449,0.058806
16450,0.067364
16451,0.064459
16452,0.113810
16453,0.044969
16454,0.053206
16455,0.069193
16456,0.067606
16457,0.060558
16458,0.105941
16459,0.078995
16460,0.076138
16461,0.105257
16462,0.145668
16463,0.092842
16464,0.093133
16465,0.159163
16466,0.169037
16467,0.091149
16468,0.103282
16469,0.264227
16470,0.196197
16471,0.146692
16472,0.090658
16473,0.119307
16474,0.152824
16475,0.089147
16476,0.082941
16477,0.109604
16478,0.138246
16479,0.120679
16480,0.105314
16481,0.142378
16482,0.122994
16483,0.063886
16484,0.057456
16485,0.071573
16486,0.088308
16487,0.051669
16488,0.058931
16489,0.109600
16490,0.086436
16491,0.107957
16492,0.085033
16493,0.055619
16494,0.060186
16495,0.075555
16496,0.072814
16497,0.081597
16498,0.090958
16499,0.080089
16500,0.090125
16501,0.074096
16502,0.066579
16503,0.077935
16504,0.064738
16505,0.093714
16506,0.136542
16507,0.153102
16508,0.091411
16509,0.073036
16510,0.064019
16511,0.075181
16512,0.047870
16513,0.057141
16514,0.082339
16515,0.078951
16516,0.071665
16517,0.139886
16518,0.103201
16519,0.060431
16520,0.094149
16521,0.173514
16522,0.111778
16523,0.075354
16524,0.091418
16525,0.085407
16526,0.059676
16527,0.096169
16528,0.095464
16529,0.048653
16530,0.106021
16531,0.146891
16532,0.108194
16533,0.080084
16534,0.073796
16535,0.130835
16536,0.152683
16537,0.185056
16538,0.087766
16539,0.085318
16540,0.183712
16541,0.206879
16542,0.122469
16543,0.055058
16544,0.121677
16545,0.105659
16546,0.069414
16547,0.057017
16548,0.059800
16549,0.048179
16550,0.051861
16551,0.060710
16552,0.077207
16553,0.065716
16554,0.056687
16555,0.065519
16556,0.052714
16557,0.053192
16558,0.051938
16559,0.046500
16560,0.063604
16561,0.065800
16562,0.072410
16563,0.062293
16564,0.062041
16565,0.056523
16566,0.105222
16567,0.113610
16568,0.084737
16569,0.118092
16570,0.111913
16571,0.126649
16572,0.081609
16573,0.051325
16574,0.073312
16575,0.075978
16576,0.082855
16577,0.069322
16578,0.050729
16579,0.078343
16580,0.078108
16581,0.060554
16582,0.056475
16583,0.047854
16584,0.068809
16585,0.042268
16586,0.058505
16587,0.071442
16588,0.087194
16589,0.082477
16590,0.059417
16591,0.057179
16592,0.098850
16593,0.070771
16594,0.053081
16595,0.086422
16596,0.106958
16597,0.069110
16598,0.061226
16599,0.067292
16600,0.049784
16601,0.059020
16602,0.049797
16603,0.075854
16604,0.067710
16605,0.084301
16606,0.070364
16607,0.048500
16608,0.060209
16609,0.074929
16610,0.067619
16611,0.065316
16612,0.071187
16613,0.051431
16614,0.058277
16615,0.059755
16616,0.047916
16617,0.071286
16618,0.078957
16619,0.056215
16620,0.128594
16621,0.072566
16622,0.076387
16623,0.072914
16624,0.082707
16625,0.153395
16626,0.057126
16627,0.052321
16628,0.092085
16629,0.265396
16630,0.172486
16631,0.095835
16632,0.070730
16633,0.134099
16634,0.125168
16635,0.211832
16636,0.115019
16637,0.059916
16638,0.091086
16639,0.122982
16640,0.071687
16641,0.093851
16642,0.124365
16643,0.084088
16644,0.096532
16645,0.097045
16646,0.096608
16647,0.048924
16648,0.067939
16649,0.058648
16650,0.071363
16651,0.088914
16652,0.099833
16653,0.087043
16654,0.073225
16655,0.053898
16656,0.056756
16657,0.059825
16658,0.049945
16659,0.097077
16660,0.069202
16661,0.060939
16662,0.056283
16663,0.069789
16664,0.067764
16665,0.060858
16666,0.068034
16667,0.087622
16668,0.079039
16669,0.072292
16670,0.062977
16671,0.059412
16672,0.038350
16673,0.071572
16674,0.080198
16675,0.064940
16676,0.098974
16677,0.137523
16678,0.124518
16679,0.076870
16680,0.112488
16681,0.079439
16682,0.063292
16683,0.111014
16684,0.182366
16685,0.177063
16686,0.107818
16687,0.137957
16688,0.088163
16689,0.130396
16690,0.136687
16691,0.110384
16692,0.103349
16693,0.102202
16694,0.097715
16695,0.063620
16696,0.071236
16697,0.098251
16698,0.087476
16699,0.088327
16700,0.091018
16701,0.120566
16702,0.107780
16703,0.092344
16704,0.113202
16705,0.094485
16706,0.084760
16707,0.068873
16708,0.065790
16709,0.072131
16710,0.099170
16711,0.089716
16712,0.058754
16713,0.075501
16714,0.081805
16715,0.066932
16716,0.064088
16717,0.077559
16718,0.072440
16719,0.084418
16720,0.094358
16721,0.080588
16722,0.076401
16723,0.045943
16724,0.051827
16725,0.058605
16726,0.061126
16727,0.049973
16728,0.053470
16729,0.038224
16730,0.049079
16731,0.045267
16732,0.041291
16733,0.063348
16734,0.054442
16735,0.055652
16736,0.152657
16737,0.111216
16738,0.174159
16739,0.076696
16740,0.095434
16741,0.101710
16742,0.089472
16743,0.100453
16744,0.076425
16745,0.082507
16746,0.076386
16747,0.057513
16748,0.099278
16749,0.091302
16750,0.070649
16751,0.091623
16752,0.057137
16753,0.085037
16754,0.091608
16755,0.054332
16756,0.079920
16757,0.134671
16758,0.134172
16759,0.082079
16760,0.106639
16761,0.128445
16762,0.120866
16763,0.062781
16764,0.139470
16765,0.063563
16766,0.089487
16767,0.073456
16768,0.063996
16769,0.118431
16770,0.055005
16771,0.060619
16772,0.079894
16773,0.114913
16774,0.145612
16775,0.119277
16776,0.128582
16777,0.106990
16778,0.097974
16779,0.105843
16780,0.138039
16781,0.097303
16782,0.122721
16783,0.149743
16784,0.168544
16785,0.095867
16786,0.117782
16787,0.083079
16788,0.072981
16789,0.090751
16790,0.092052
16791,0.063123
16792,0.089212
16793,0.070174
16794,0.053058
16795,0.075872
16796,0.089493
16797,0.064092
16798,0.056630
16799,0.081711
16800,0.114428
16801,0.125931
16802,0.118242
16803,0.130537
16804,0.085134
16805,0.099467
16806,0.159507
16807,0.148269
16808,0.068674
16809,0.180359
16810,0.242768
16811,0.139170
16812,0.099828
16813,0.076408
16814,0.159117
16815,0.173171
16816,0.136033
16817,0.086771
16818,0.105818
16819,0.081413
16820,0.079376
16821,0.088406
16822,0.081052
16823,0.105056
16824,0.079895
16825,0.066321
16826,0.092059
16827,0.118963
16828,0.141015
16829,0.102024
16830,0.084471
16831,0.098474
16832,0.115682
16833,0.098649
16834,0.066751
16835,0.083796
16836,0.077205
16837,0.063857
16838,0.074120
16839,0.061820
16840,0.062753
16841,0.051348
16842,0.040741
16843,0.056672
16844,0.050821
16845,0.054232
16846,0.067885
16847,0.056203
16848,0.053305
16849,0.043461
16850,0.099482
16851,0.078666
16852,0.071035
16853,0.093722
16854,0.106496
16855,0.073782
16856,0.059597
16857,0.054942
16858,0.065699
16859,0.060268
16860,0.062508
16861,0.062824
16862,0.088827
16863,0.059981
16864,0.065420
16865,0.095644
16866,0.069241
16867,0.085070
16868,0.089829
16869,0.085748
16870,0.087777
16871,0.060499
16872,0.060826
16873,0.087014
16874,0.130792
16875,0.111312
16876,0.080811
16877,0.071268
16878,0.070427
16879,0.061022
16880,0.074949
16881,0.073192
16882,0.097190
16883,0.053287
16884,0.090887
16885,0.127345
16886,0.103263
16887,0.071340
16888,0.072672
16889,0.081941
16890,0.114011
16891,0.077031
16892,0.128702
16893,0.083371
16894,0.067378
16895,0.057723
16896,0.057379
16897,0.050686
16898,0.054222
16899,0.067687
16900,0.045481
16901,0.062002
16902,0.092768
16903,0.054041
16904,0.050383
16905,0.062249
16906,0.072207
16907,0.063222
16908,0.063096
16909,0.079726
16910,0.067170
16911,0.106440
16912,0.097629
16913,0.046502
16914,0.073190
16915,0.079649
16916,0.056035
16917,0.056766
16918,0.054195
16919,0.068556
16920,0.072269
16921,0.091906
16922,0.105468
16923,0.137280
16924,0.064594
16925,0.122799
16926,0.138988
16927,0.158337
16928,0.053481
16929,0.095679
16930,0.143658
16931,0.115143
16932,0.059601
16933,0.080634
16934,0.094348
16935,0.080554
16936,0.103581
16937,0.082844
16938,0.051460
16939,0.051140
16940,0.086486
16941,0.047718
16942,0.055622
16943,0.057541
16944,0.098091
16945,0.083149
16946,0.091336
16947,0.081593
16948,0.102523
16949,0.080875
16950,0.074781
16951,0.035164
16952,0.071522
16953,0.064816
16954,0.068751
16955,0.067754
16956,0.054391
16957,0.075240
16958,0.089938
16959,0.053629
16960,0.054929
16961,0.046563
16962,0.057635
16963,0.071871
16964,0.062056
16965,0.064009
16966,0.075657
16967,0.083492
16968,0.066427
16969,0.072898
16970,0.075993
16971,0.045238
16972,0.059127
16973,0.051102
16974,0.042893
16975,0.064726
16976,0.085166
16977,0.072730
16978,0.095047
16979,0.068546
16980,0.055452
16981,0.060810
16982,0.057086
16983,0.061274
16984,0.084777
16985,0.055270
16986,0.070701
16987,0.071556
16988,0.063056
16989,0.069440
16990,0.076759
16991,0.082365
16992,0.083522
16993,0.091091
16994,0.111932
16995,0.107370
16996,0.096067
16997,0.071284
16998,0.091885
16999,0.149284
17000,0.095430
17001,0.093302
17002,0.114054
17003,0.076208
17004,0.074683
17005,0.084201
17006,0.086315
17007,0.068365
17008,0.078844
17009,0.160856
17010,0.079929
17011,0.067187
17012,0.096623
17013,0.119820
17014,0.091760
17015,0.071025
17016,0.181662
17017,0.143204
17018,0.097522
17019,0.063899
17020,0.077545
17021,0.088624
17022,0.077684
17023,0.064181
17024,0.102897
17025,0.101947
17026,0.090907
17027,0.091068
17028,0.101675
17029,0.062131
17030,0.079041
17031,0.081653
17032,0.077879
17033,0.066276
17034,0.046979
17035,0.055837
17036,0.084077
17037,0.079920
17038,0.082274
17039,0.084022
17040,0.331570
17041,0.180876
17042,0.235712
17043,0.234877
17044,0.198256
17045,0.124834
17046,0.091136
17047,0.122941
17048,0.108496
17049,0.095774
17050,0.114917
17051,0.093379
17052,0.164618
17053,0.074086
17054,0.090416
17055,0.088218
17056,0.071086
17057,0.061036
17058,0.063062
17059,0.073770
17060,0.079842
17061,0.135010
17062,0.104428
17063,0.068455
17064,0.057096
17065,0.066796
17066,0.076508
17067,0.110627
17068,0.074672
17069,0.069036
17070,0.057399
17071,0.074386
17072,0.089824
17073,0.190452
17074,0.077117
17075,0.071172
17076,0.108555
17077,0.079938
17078,0.091017
17079,0.164253
17080,0.169016
17081,0.066536
17082,0.090386
17083,0.107901
17084,0.111493
17085,0.093544
17086,0.152442
17087,0.105350
17088,0.076989
17089,0.075743
17090,0.124821
17091,0.122725
17092,0.094922
17093,0.078039
17094,0.111027
17095,0.091959
17096,0.099490
17097,0.060357
17098,0.087034
17099,0.089323
17100,0.060051
17101,0.062884
17102,0.055108
17103,0.076979
17104,0.065193
17105,0.072375
17106,0.079247
17107,0.072581
17108,0.096102
17109,0.166463
17110,0.212150
17111,0.154635
17112,0.098690
17113,0.079636
17114,0.103469
17115,0.102001
17116,0.125162
17117,0.062814
17118,0.120862
17119,0.205831
17120,0.124540
17121,0.122167
17122,0.059125
17123,0.141336
17124,0.131032
17125,0.111014
17126,0.115571
17127,0.073448
17128,0.068461
17129,0.077767
17130,0.073341
17131,0.072195
17132,0.088865
17133,0.099511
17134,0.098325
17135,0.134590
17136,0.161695
17137,0.122653
17138,0.106993
17139,0.055269
17140,0.103844
17141,0.152115
17142,0.123212
17143,0.124824
17144,0.060482
17145,0.112613
17146,0.088215
17147,0.120433
17148,0.114414
17149,0.118019
17150,0.088893
17151,0.058856
17152,0.047661
17153,0.073883
17154,0.059770
17155,0.085931
17156,0.083834
17157,0.109028
17158,0.125629
17159,0.086317
17160,0.115228
17161,0.072627
17162,0.068208
17163,0.075838
17164,0.089639
17165,0.071917
17166,0.058162
17167,0.067663
17168,0.092090
17169,0.064139
17170,0.074571
17171,0.064376
17172,0.058190
17173,0.097261
17174,0.062203
17175,0.087019
17176,0.062517
17177,0.105666
17178,0.088996
17179,0.120915
17180,0.092740
17181,0.078365
17182,0.128611
17183,0.090576
17184,0.138271
17185,0.099933
17186,0.164111
17187,0.154678
17188,0.128804
17189,0.100853
17190,0.072379
17191,0.073918
17192,0.058348
17193,0.066291
17194,0.069950
17195,0.097361
17196,0.070194
17197,0.064815
17198,0.083140
17199,0.050039
17200,0.074529
17201,0.076443
17202,0.068220
17203,0.077082
17204,0.051034
17205,0.065578
17206,0.052694
17207,0.083869
17208,0.060296
17209,0.057124
17210,0.066139
17211,0.069257
17212,0.058857
17213,0.044422
17214,0.055340
17215,0.084103
17216,0.070953
17217,0.056367
17218,0.042654
17219,0.050875
17220,0.073635
17221,0.058441
17222,0.046591
17223,0.063271
17224,0.067630
17225,0.044758
17226,0.091341
17227,0.106584
17228,0.120094
17229,0.098856
17230,0.068440
17231,0.101722
17232,0.062566
17233,0.049761
17234,0.078394
17235,0.100120
17236,0.089187
17237,0.059858
17238,0.062850
17239,0.085310
17240,0.050226
17241,0.070983
17242,0.078732
17243,0.065771
17244,0.067386
17245,0.103874
17246,0.099837
17247,0.086006
17248,0.063167
17249,0.058190
17250,0.109896
17251,0.101584
17252,0.091076
17253,0.064510
17254,0.073606
17255,0.095222
17256,0.100071
17257,0.077097
17258,0.052642
17259,0.064514
17260,0.079480
17261,0.043342
17262,0.095688
17263,0.074554
17264,0.056248
17265,0.071066
17266,0.150757
17267,0.124356
17268,0.092401
17269,0.041876
17270,0.083241
17271,0.089365
17272,0.104642
17273,0.093351
17274,0.094561
17275,0.081801
17276,0.058109
17277,0.087859
17278,0.101551
17279,0.100048
17280,0.090345
17281,0.080526
17282,0.072906
17283,0.092096
17284,0.053684
17285,0.167800
17286,0.115751
17287,0.123020
17288,0.122255
17289,0.123855
17290,0.080748
17291,0.110105
17292,0.077787
17293,0.098311
17294,0.193097
17295,0.187424
17296,0.133111
17297,0.128432
17298,0.086880
17299,0.103856
17300,0.098676
17301,0.081038
17302,0.053145
17303,0.115569
17304,0.110640
17305,0.095880
17306,0.068831
17307,0.080000
17308,0.088601
17309,0.085678
17310,0.116432
17311,0.051723
17312,0.083515
17313,0.276518
17314,0.111578
17315,0.082348
17316,0.081073
17317,0.129229
17318,0.093877
17319,0.134132
17320,0.130597
17321,0.146267
17322,0.071196
17323,0.047906
17324,0.073146
17325,0.128889
17326,0.119210
17327,0.073456
17328,0.074821
17329,0.076498
17330,0.150948
17331,0.098594
17332,0.087659
17333,0.156086
17334,0.100214
17335,0.144085
17336,0.101976
17337,0.107230
17338,0.085579
17339,0.066992
17340,0.080980
17341,0.132493
17342,0.118269
17343,0.083378
17344,0.085970
17345,0.098662
17346,0.078662
17347,0.104857
17348,0.068097
17349,0.060589
17350,0.060117
17351,0.043218
17352,0.080825
17353,0.080542
17354,0.074465
17355,0.065033
17356,0.087940
17357,0.087573
17358,0.076055
17359,0.122869
17360,0.084935
17361,0.080575
17362,0.067055
17363,0.107365
17364,0.194603
17365,0.072822
17366,0.077009
17367,0.176715
17368,0.115126
17369,0.076959
17370,0.058377
17371,0.051869
17372,0.071767
17373,0.099944
17374,0.045111
17375,0.064276
17376,0.063607
17377,0.051827
17378,0.049933
17379,0.056388
17380,0.057067
17381,0.065094
17382,0.072666
17383,0.055067
17384,0.055881
17385,0.077552
17386,0.080135
17387,0.058450
17388,0.084999
17389,0.116802
17390,0.084065
17391,0.050251
17392,0.099597
17393,0.154771
17394,0.088283
17395,0.074590
17396,0.087206
17397,0.121760
17398,0.058641
17399,0.095069
17400,0.141948
17401,0.138699
17402,0.129380
17403,0.127058
17404,0.325880
17405,0.191474
17406,0.111727
17407,0.141294
17408,0.130792
17409,0.136807
17410,0.113943
17411,0.083106
17412,0.097452
17413,0.069128
17414,0.060883
17415,0.119714
17416,0.101991
17417,0.108405
17418,0.090030
17419,0.105037
17420,0.111698
17421,0.069886
17422,0.093894
17423,0.059322
17424,0.073876
17425,0.104526
17426,0.070224
17427,0.076958
17428,0.082079
17429,0.072184
17430,0.059105
17431,0.075818
17432,0.077292
17433,0.121081
17434,0.090263
17435,0.088878
17436,0.083140
17437,0.054476
17438,0.106756
17439,0.153171
17440,0.169395
17441,0.113938
17442,0.072206
17443,0.112896
17444,0.141766
17445,0.131968
17446,0.117152
17447,0.076834
17448,0.089814
17449,0.192508
17450,0.099060
17451,0.070333
17452,0.078265
17453,0.045407
17454,0.109462
17455,0.067881
17456,0.079519
17457,0.075485
17458,0.095671
17459,0.079482
17460,0.092882
17461,0.153892
17462,0.083637
17463,0.090702
17464,0.085693
17465,0.092569
17466,0.053452
17467,0.123882
17468,0.119072
17469,0.135949
17470,0.109656
17471,0.111250
17472,0.089949
17473,0.090677
17474,0.133981
17475,0.094176
17476,0.051905
17477,0.124574
17478,0.074329
17479,0.065023
17480,0.115167
17481,0.087281
17482,0.099238
17483,0.080290
17484,0.114929
17485,0.101944
17486,0.079472
17487,0.081178
17488,0.138033
17489,0.148825
17490,0.154186
17491,0.100845
17492,0.139236
17493,0.092860
17494,0.079987
17495,0.095424
17496,0.081170
17497,0.058408
17498,0.068681
17499,0.091906
17500,0.066858
17501,0.111833
17502,0.126513
17503,0.072491
17504,0.058870
17505,0.078670
17506,0.075763
17507,0.088270
17508,0.088458
17509,0.065380
17510,0.046194
17511,0.082688
17512,0.119754
17513,0.080423
17514,0.102725
17515,0.098422
17516,0.077463
17517,0.094033
17518,0.074394
17519,0.087935
17520,0.040131
17521,0.100120
17522,0.161117
17523,0.099563
17524,0.057233
17525,0.079942
17526,0.133123
17527,0.158578
17528,0.119093
17529,0.105617
17530,0.084175
17531,0.088082
17532,0.114107
17533,0.095451
17534,0.104023
17535,0.064732
17536,0.056998
17537,0.043174
17538,0.051407
17539,0.059123
17540,0.064675
17541,0.087970
17542,0.091675
17543,0.065130
17544,0.073458
17545,0.082450
17546,0.084186
17547,0.074802
17548,0.085197
17549,0.089402
17550,0.067013
17551,0.066355
17552,0.080550
17553,0.089735
17554,0.046387
17555,0.046028
17556,0.059743
17557,0.066184
17558,0.096815
17559,0.100274
17560,0.087174
17561,0.069288
17562,0.082340
17563,0.097293
17564,0.112202
17565,0.087303
17566,0.062818
17567,0.114534
17568,0.147642
17569,0.107294
17570,0.104136
17571,0.096696
17572,0.091781
17573,0.086498
17574,0.075256
17575,0.098087
17576,0.095550
17577,0.068118
17578,0.090256
17579,0.072401
17580,0.055305
17581,0.069521
17582,0.126255
17583,0.055799
17584,0.069689
17585,0.114802
17586,0.114161
17587,0.096483
17588,0.098637
17589,0.067215
17590,0.061444
17591,0.068165
17592,0.053737
17593,0.070429
17594,0.094935
17595,0.087134
17596,0.096245
17597,0.085602
17598,0.068193
17599,0.074899
17600,0.049816
17601,0.072152
17602,0.080721
17603,0.058117
17604,0.072171
17605,0.059472
17606,0.067473
17607,0.060908
17608,0.062359
17609,0.067150
17610,0.070441
17611,0.062172
17612,0.080576
17613,0.111749
17614,0.131192
17615,0.078873
17616,0.055352
17617,0.081675
17618,0.086772
17619,0.087344
17620,0.070285
17621,0.102351
17622,0.104940
17623,0.124073
17624,0.070287
17625,0.066208
17626,0.110003
17627,0.108259
17628,0.105797
17629,0.067081
17630,0.085002
17631,0.082047
17632,0.081908
17633,0.052538
17634,0.070969
17635,0.101585
17636,0.088142
17637,0.090976
17638,0.041158
17639,0.117802
17640,0.142438
17641,0.115058
17642,0.075637
17643,0.111396
17644,0.135460
17645,0.099426
17646,0.091823
17647,0.073626
17648,0.104576
17649,0.123222
17650,0.066873
17651,0.081269
17652,0.088553
17653,0.052996
17654,0.087531
17655,0.052486
17656,0.070668
17657,0.088411
17658,0.061807
17659,0.078234
17660,0.083881
17661,0.070576
17662,0.067289
17663,0.130476
17664,0.111697
17665,0.094585
17666,0.097738
17667,0.136334
17668,0.189611
17669,0.132406
17670,0.151260
17671,0.100048
17672,0.116802
17673,0.133712
17674,0.151565
17675,0.168244
17676,0.072680
17677,0.080276
17678,0.139373
17679,0.200363
17680,0.111511
17681,0.080752
17682,0.080336
17683,0.076290
17684,0.075932
17685,0.079729
17686,0.071260
17687,0.070572
17688,0.071065
17689,0.061053
17690,0.091178
17691,0.066387
17692,0.073975
17693,0.068076
17694,0.066646
17695,0.047053
17696,0.072357
17697,0.083509
17698,0.087682
17699,0.049158
17700,0.041635
17701,0.068971
17702,0.069810
17703,0.058616
17704,0.049716
17705,0.064910
17706,0.058267
17707,0.042248
17708,0.051835
17709,0.052617
17710,0.053432
17711,0.050205
17712,0.048094
17713,0.035228
17714,0.039407
17715,0.063108
17716,0.059607
17717,0.083987
17718,0.061279
17719,0.065611
17720,0.072465
17721,0.063242
17722,0.057194
17723,0.123107
17724,0.052162
17725,0.092163
17726,0.075395
17727,0.059755
17728,0.058364
17729,0.089949
17730,0.060041
17731,0.090284
17732,0.079502
17733,0.059239
17734,0.046362
17735,0.057491
17736,0.070493
17737,0.054138
17738,0.060314
17739,0.088720
17740,0.084026
17741,0.105598
17742,0.078298
17743,0.084251
17744,0.120819
17745,0.102603
17746,0.084266
17747,0.045409
17748,0.083041
17749,0.159722
17750,0.121654
17751,0.071446
17752,0.087920
17753,0.072727
17754,0.102111
17755,0.118495
17756,0.091488
17757,0.062328
17758,0.073580
17759,0.064971
17760,0.067419
17761,0.051048
17762,0.046187
17763,0.058143
17764,0.070748
17765,0.075042
17766,0.083398
17767,0.057111
17768,0.051106
17769,0.054328
17770,0.050052
17771,0.064464
17772,0.076504
17773,0.086668
17774,0.108675
17775,0.094522
17776,0.079168
17777,0.076085
17778,0.124180
17779,0.081646
17780,0.067894
17781,0.077881
17782,0.069737
17783,0.055324
17784,0.049227
17785,0.067680
17786,0.073573
17787,0.066357
17788,0.056842
17789,0.070680
17790,0.078985
17791,0.076948
17792,0.078760
17793,0.066392
17794,0.058106
17795,0.060118
17796,0.076257
17797,0.084758
17798,0.053115
17799,0.041804
17800,0.071236
17801,0.085233
17802,0.056410
17803,0.056020
17804,0.068494
17805,0.076789
17806,0.078889
17807,0.086072
17808,0.059645
17809,0.080586
17810,0.081391
17811,0.072448
17812,0.060540
17813,0.062982
17814,0.065675
17815,0.055684
17816,0.053861
17817,0.079003
17818,0.048901
17819,0.065197
17820,0.052458
17821,0.070577
17822,0.065065
17823,0.064362
17824,0.061195
17825,0.053690
17826,0.067185
17827,0.040576
17828,0.049470
17829,0.080246
17830,0.087597
17831,0.114941
17832,0.113350
17833,0.084793
17834,0.074602
17835,0.080234
17836,0.140454
17837,0.101957
17838,0.053633
17839,0.071873
17840,0.143812
17841,0.100657
17842,0.090205
17843,0.146652
17844,0.241304
17845,0.142074
17846,0.130197
17847,0.132686
17848,0.168467
17849,0.153090
17850,0.119546
17851,0.145323
17852,0.211864
17853,0.185250
17854,0.103546
17855,0.060129
17856,0.077476
17857,0.070912
17858,0.056352
17859,0.078833
17860,0.080942
17861,0.041638
17862,0.068065
17863,0.050870
17864,0.046781
17865,0.045293
17866,0.055428
17867,0.047806
17868,0.072254
17869,0.071235
17870,0.085819
17871,0.081757
17872,0.071742
17873,0.110620
17874,0.074004
17875,0.046030
17876,0.070170
17877,0.099470
17878,0.077958
17879,0.090411
17880,0.088170
17881,0.117830
17882,0.069427
17883,0.084291
17884,0.138780
17885,0.142373
17886,0.075694
17887,0.083858
17888,0.109869
17889,0.111025
17890,0.080097
17891,0.068257
17892,0.076568
17893,0.082639
17894,0.060441
17895,0.092906
17896,0.136981
17897,0.152859
17898,0.150174
17899,0.117312
17900,0.199944
17901,0.162525
17902,0.146782
17903,0.121009
17904,0.132274
17905,0.069568
17906,0.064831
17907,0.098311
17908,0.094202
17909,0.084295
17910,0.065283
17911,0.109748
17912,0.116345
17913,0.096329
17914,0.075149
17915,0.085230
17916,0.085983
17917,0.058022
17918,0.066331
17919,0.092047
17920,0.096943
17921,0.074426
17922,0.091993
17923,0.148038
17924,0.075831
17925,0.078828
17926,0.060700
17927,0.075477
17928,0.082166
17929,0.116753
17930,0.111669
17931,0.069228
17932,0.088599
17933,0.112094
17934,0.051947
17935,0.073452
17936,0.053639
17937,0.057640
17938,0.059839
17939,0.061391
17940,0.060733
17941,0.040318
17942,0.071640
17943,0.083982
17944,0.080650
17945,0.043476
17946,0.097556
17947,0.110100
17948,0.083258
17949,0.060328
17950,0.065531
17951,0.076545
17952,0.145692
17953,0.061512
17954,0.049736
17955,0.042729
17956,0.056419
17957,0.060425
17958,0.054673
17959,0.083200
17960,0.065186
17961,0.055150
17962,0.065943
17963,0.052353
17964,0.061325
17965,0.054557
17966,0.040100
17967,0.044270
17968,0.055014
17969,0.038233
17970,0.058662
17971,0.075003
17972,0.083596
17973,0.065742
17974,0.080551
17975,0.112765
17976,0.056884
17977,0.077224
17978,0.090966
17979,0.091682
17980,0.080231
17981,0.076334
17982,0.121144
17983,0.092253
17984,0.066603
17985,0.032627
17986,0.104597
17987,0.123811
17988,0.107668
17989,0.086549
17990,0.080687
17991,0.088325
17992,0.065191
17993,0.090702
17994,0.078639
17995,0.074586
17996,0.054209
17997,0.057534
17998,0.052353
17999,0.058838
18000,0.051526
18001,0.057334
18002,0.055103
18003,0.054764
18004,0.054498
18005,0.042859
18006,0.049766
18007,0.032912
18008,0.064368
18009,0.077724
18010,0.086333
18011,0.081245
18012,0.050500
18013,0.061170
18014,0.110899
18015,0.057311
18016,0.060663
18017,0.051513
18018,0.042992
18019,0.043972
18020,0.043615
18021,0.066399
18022,0.044295
18023,0.057789
18024,0.083858
18025,0.076995
18026,0.064353
18027,0.070453
18028,0.077774
18029,0.070928
18030,0.073321
18031,0.103407
18032,0.063012
18033,0.069937
18034,0.086325
18035,0.041297
18036,0.041008
18037,0.059988
18038,0.067628
18039,0.069983
18040,0.068297
18041,0.060852
18042,0.060216
18043,0.043087
18044,0.054243
18045,0.062291
18046,0.042132
18047,0.047797
18048,0.040518
18049,0.052862
18050,0.051702
18051,0.036755
18052,0.042481
18053,0.053232
18054,0.073119
18055,0.055227
18056,0.057278
18057,0.048076
18058,0.081272
18059,0.045980
18060,0.057580
18061,0.050659
18062,0.036668
18063,0.075939
18064,0.071545
18065,0.058717
18066,0.053851
18067,0.097820
18068,0.046413
18069,0.053410
18070,0.066029
18071,0.078138
18072,0.060138
18073,0.047012
18074,0.070228
18075,0.075253
18076,0.100329
18077,0.062239
18078,0.105036
18079,0.122296
18080,0.052519
18081,0.086661
18082,0.074102
18083,0.052704
18084,0.075801
18085,0.078811
18086,0.066786
18087,0.042393
18088,0.143875
18089,0.289998
18090,0.172564
18091,0.117313
18092,0.051342
18093,0.086018
18094,0.089863
18095,0.090434
18096,0.057630
18097,0.064796
18098,0.070079
18099,0.071938
18100,0.052619
18101,0.072594
18102,0.071392
18103,0.049666
18104,0.048689
18105,0.044592
18106,0.055775
18107,0.039246
18108,0.053389
18109,0.058682
18110,0.044623
18111,0.050614
18112,0.055564
18113,0.041934
18114,0.042907
18115,0.056132
18116,0.055540
18117,0.075060
18118,0.094969
18119,0.069543
18120,0.067272
18121,0.093476
18122,0.097329
18123,0.041488
18124,0.047119
18125,0.040038
18126,0.031049
18127,0.046187
18128,0.067057
18129,0.065438
18130,0.073252
18131,0.059420
18132,0.053958
18133,0.096974
18134,0.081441
18135,0.038958
18136,0.111831
18137,0.109195
18138,0.159087
18139,0.069751
18140,0.056336
18141,0.093054
18142,0.106145
18143,0.065772
18144,0.085847
18145,0.113499
18146,0.085542
18147,0.064295
18148,0.071058
18149,0.051909
18150,0.061754
18151,0.073293
18152,0.062833
18153,0.063731
18154,0.057207
18155,0.051495
18156,0.086690
18157,0.050042
18158,0.053955
18159,0.059490
18160,0.046854
18161,0.050063
18162,0.078247
18163,0.063693
18164,0.076166
18165,0.062429
18166,0.029068
18167,0.046312
18168,0.080263
18169,0.067413
18170,0.070815
18171,0.067967
18172,0.045388
18173,0.050691
18174,0.072677
18175,0.072247
18176,0.045719
18177,0.082435
18178,0.041708
18179,0.064504
18180,0.079371
18181,0.154250
18182,0.104433
18183,0.055352
18184,0.103218
18185,0.175112
18186,0.132059
18187,0.116120
18188,0.070397
18189,0.080367
18190,0.097841
18191,0.064129
18192,0.069598
18193,0.071528
18194,0.088391
18195,0.060220
18196,0.058323
18197,0.046870
18198,0.052095
18199,0.037561
18200,0.074032
18201,0.052414
18202,0.066473
18203,0.090437
18204,0.086389
18205,0.079710
18206,0.057465
18207,0.077638
18208,0.055322
18209,0.050815
18210,0.056787
18211,0.085394
18212,0.053013
18213,0.066957
18214,0.071709
18215,0.084903
18216,0.044612
18217,0.069373
18218,0.057320
18219,0.084606
18220,0.067469
18221,0.076422
18222,0.066627
18223,0.087353
18224,0.082237
18225,0.065844
18226,0.068079
18227,0.089681
18228,0.086627
18229,0.048367
18230,0.108528
18231,0.181580
18232,0.097725
18233,0.085488
18234,0.090813
18235,0.151471
18236,0.185744
18237,0.140155
18238,0.131751
18239,0.120058
18240,0.125910
18241,0.148823
18242,0.082953
18243,0.112376
18244,0.078719
18245,0.077645
18246,0.081623
18247,0.082694
18248,0.105875
18249,0.106623
18250,0.078734
18251,0.077545
18252,0.086528
18253,0.061952
18254,0.046265
18255,0.062805
18256,0.106240
18257,0.076129
18258,0.061886
18259,0.073044
18260,0.086896
18261,0.073454
18262,0.062933
18263,0.087129
18264,0.060391
18265,0.046393
18266,0.059638
18267,0.088947
18268,0.072682
18269,0.064706
18270,0.070263
18271,0.056858
18272,0.077696
18273,0.071871
18274,0.051417
18275,0.063227
18276,0.103462
18277,0.109304
18278,0.099634
18279,0.093197
18280,0.119445
18281,0.073443
18282,0.068222
18283,0.080401
18284,0.105597
18285,0.092090
18286,0.048346
18287,0.037236
18288,0.075793
18289,0.061977
18290,0.069991
18291,0.076166
18292,0.092791
18293,0.127325
18294,0.066660
18295,0.090173
18296,0.053097
18297,0.042058
18298,0.089254
18299,0.070057
18300,0.074847
18301,0.068992
18302,0.079962
18303,0.064086
18304,0.055420
18305,0.093285
18306,0.087774
18307,0.137882
18308,0.113640
18309,0.093420
18310,0.095116
18311,0.124474
18312,0.092354
18313,0.078933
18314,0.050044
18315,0.045853
18316,0.050625
18317,0.087132
18318,0.076552
18319,0.098267
18320,0.069001
18321,0.053980
18322,0.053728
18323,0.092459
18324,0.079914
18325,0.058356
18326,0.087626
18327,0.065478
18328,0.054051
18329,0.054159
18330,0.047922
18331,0.050917
18332,0.057127
18333,0.051296
18334,0.064699
18335,0.060421
18336,0.053118
18337,0.050003
18338,0.044479
18339,0.098162
18340,0.127240
18341,0.076822
18342,0.065096
18343,0.075918
18344,0.077310
18345,0.073613
18346,0.071922
18347,0.062164
18348,0.047562
18349,0.051579
18350,0.100067
18351,0.084141
18352,0.071509
18353,0.074660
18354,0.076116
18355,0.066057
18356,0.052857
18357,0.074167
18358,0.053938
18359,0.060822
18360,0.076719
18361,0.086607
18362,0.060110
18363,0.059884
18364,0.049429
18365,0.055371
18366,0.058759
18367,0.065276
18368,0.067392
18369,0.059015
18370,0.070635
18371,0.131146
18372,0.122637
18373,0.084237
18374,0.087470
18375,0.108524
18376,0.085877
18377,0.146546
18378,0.109177
18379,0.076242
18380,0.066506
18381,0.101516
18382,0.086835
18383,0.110104
18384,0.078625
18385,0.060853
18386,0.076327
18387,0.070819
18388,0.068339
18389,0.077068
18390,0.070815
18391,0.070928
18392,0.089517
18393,0.041145
18394,0.043238
18395,0.071545
18396,0.070064
18397,0.062897
18398,0.063690
18399,0.045843
18400,0.057717
18401,0.044216
18402,0.053902
18403,0.061703
18404,0.053975
18405,0.110539
18406,0.082051
18407,0.051889
18408,0.054579
18409,0.044325
18410,0.050107
18411,0.055305
18412,0.066278
18413,0.073423
18414,0.046408
18415,0.053733
18416,0.067353
18417,0.057366
18418,0.061398
18419,0.130385
18420,0.080309
18421,0.096315
18422,0.094934
18423,0.065353
18424,0.057735
18425,0.069048
18426,0.113007
18427,0.072691
18428,0.073677
18429,0.088330
18430,0.077355
18431,0.047065
18432,0.057553
18433,0.085492
18434,0.057172
18435,0.059494
18436,0.085257
18437,0.050784
18438,0.067691
18439,0.056395
18440,0.049258
18441,0.067769
18442,0.061820
18443,0.042229
18444,0.037659
18445,0.041029
18446,0.049037
18447,0.076862
18448,0.061357
18449,0.065290
18450,0.041252
18451,0.050133
18452,0.077702
18453,0.065745
18454,0.060546
18455,0.059778
18456,0.042960
18457,0.071745
18458,0.063408
18459,0.080463
18460,0.056689
18461,0.042844
18462,0.041912
18463,0.049066
18464,0.041269
18465,0.068323
18466,0.063784
18467,0.082888
18468,0.082292
18469,0.067527
18470,0.044620
18471,0.073234
18472,0.056610
18473,0.077499
18474,0.085684
18475,0.092978
18476,0.042077
18477,0.050799
18478,0.046318
18479,0.046241
18480,0.051502
18481,0.042265
18482,0.060621
18483,0.051381
18484,0.068653
18485,0.118029
18486,0.090833
18487,0.078343
18488,0.071451
18489,0.040603
18490,0.059477
18491,0.053539
18492,0.079671
18493,0.110483
18494,0.092322
18495,0.073413
18496,0.097975
18497,0.143254
18498,0.082783
18499,0.129179
18500,0.154527
18501,0.165511
18502,0.110842
18503,0.063528
18504,0.083063
18505,0.094888
18506,0.061565
18507,0.078341
18508,0.078855
18509,0.097623
18510,0.090862
18511,0.079781
18512,0.051700
18513,0.060824
18514,0.066636
18515,0.081128
18516,0.072185
18517,0.080735
18518,0.054879
18519,0.062113
18520,0.095429
18521,0.056124
18522,0.071862
18523,0.086881
18524,0.068028
18525,0.049938
18526,0.049962
18527,0.053647
18528,0.048726
18529,0.053361
18530,0.064198
18531,0.049050
18532,0.040695
18533,0.053912
18534,0.067700
18535,0.054749
18536,0.058943
18537,0.051082
18538,0.043497
18539,0.087898
18540,0.075153
18541,0.047340
18542,0.081524
18543,0.073592
18544,0.065387
18545,0.093168
18546,0.053854
18547,0.047431
18548,0.077062
18549,0.093923
18550,0.062667
18551,0.099594
18552,0.091646
18553,0.077854
18554,0.084081
18555,0.067422
18556,0.087329
18557,0.085150
18558,0.063852
18559,0.059337
18560,0.074015
18561,0.074294
18562,0.039635
18563,0.085141
18564,0.098180
18565,0.088002
18566,0.069235
18567,0.122145
18568,0.078450
18569,0.045939
18570,0.118350
18571,0.110236
18572,0.138599
18573,0.059136
18574,0.112631
18575,0.093277
18576,0.107427
18577,0.099113
18578,0.116979
18579,0.112164
18580,0.057838
18581,0.062857
18582,0.090487
18583,0.085119
18584,0.045718
18585,0.053853
18586,0.053669
18587,0.047823
18588,0.058979
18589,0.078113
18590,0.047855
18591,0.047670
18592,0.057327
18593,0.042188
18594,0.048366
18595,0.070405
18596,0.061730
18597,0.039213
18598,0.045074
18599,0.067395
18600,0.036684
18601,0.126291
18602,0.093133
18603,0.086664
18604,0.053699
18605,0.076156
18606,0.141743
18607,0.099104
18608,0.053701
18609,0.055019
18610,0.078399
18611,0.056282
18612,0.051450
18613,0.063369
18614,0.048919
18615,0.062721
18616,0.065651
18617,0.060653
18618,0.059590
18619,0.096176
18620,0.068703
18621,0.070715
18622,0.117150
18623,0.064953
18624,0.063207
18625,0.068346
18626,0.053600
18627,0.053070
18628,0.052491
18629,0.044216
18630,0.068700
18631,0.072989
18632,0.052786
18633,0.088595
18634,0.144411
18635,0.083809
18636,0.086930
18637,0.112936
18638,0.169243
18639,0.149402
18640,0.078672
18641,0.063895
18642,0.085165
18643,0.085924
18644,0.056821
18645,0.050061
18646,0.060284
18647,0.104519
18648,0.091521
18649,0.062249
18650,0.055898
18651,0.057457
18652,0.113228
18653,0.104452
18654,0.101094
18655,0.063301
18656,0.065936
18657,0.085344
18658,0.079790
18659,0.080663
18660,0.076100
18661,0.061805
18662,0.078087
18663,0.115856
18664,0.099208
18665,0.076933
18666,0.051132
18667,0.045093
18668,0.070087
18669,0.037282
18670,0.046274
18671,0.058939
18672,0.074736
18673,0.063876
18674,0.062326
18675,0.062639
18676,0.054305
18677,0.073276
18678,0.052651
18679,0.045039
18680,0.064357
18681,0.075544
18682,0.064541
18683,0.062031
18684,0.079266
18685,0.112514
18686,0.086877
18687,0.079645
18688,0.082732
18689,0.127254
18690,0.086650
18691,0.095780
18692,0.194369
18693,0.102706
18694,0.125330
18695,0.079622
18696,0.084241
18697,0.135586
18698,0.133411
18699,0.109598
18700,0.077159
18701,0.064453
18702,0.068015
18703,0.087375
18704,0.075445
18705,0.082141
18706,0.067397
18707,0.044405
18708,0.088272
18709,0.083760
18710,0.120665
18711,0.111694
18712,0.125932
18713,0.092571
18714,0.079357
18715,0.098206
18716,0.085140
18717,0.119254
18718,0.102735
18719,0.095772
18720,0.135602
18721,0.068678
18722,0.069598
18723,0.146960
18724,0.135170
18725,0.105088
18726,0.118444
18727,0.098450
18728,0.138719
18729,0.131530
18730,0.093147
18731,0.064807
18732,0.096165
18733,0.077467
18734,0.039014
18735,0.062381
18736,0.088008
18737,0.107611
18738,0.077681
18739,0.071511
18740,0.052152
18741,0.062406
18742,0.055817
18743,0.062143
18744,0.088198
18745,0.084821
18746,0.080774
18747,0.127793
18748,0.072358
18749,0.050990
18750,0.058854
18751,0.117602
18752,0.088571
18753,0.058687
18754,0.052217
18755,0.134237
18756,0.064247
18757,0.064245
18758,0.066558
18759,0.058583
18760,0.043685
18761,0.086084
18762,0.073395
18763,0.087209
18764,0.048187
18765,0.085975
18766,0.095439
18767,0.119243
18768,0.068276
18769,0.089117
18770,0.090869
18771,0.111848
18772,0.086780
18773,0.175556
18774,0.089113
18775,0.078840
18776,0.080241
18777,0.088783
18778,0.135137
18779,0.093363
18780,0.121237
18781,0.091263
18782,0.032131
18783,0.084202
18784,0.128506
18785,0.104457
18786,0.083804
18787,0.069255
18788,0.057935
18789,0.051725
18790,0.085349
18791,0.086533
18792,0.066164
18793,0.065765
18794,0.046274
18795,0.063299
18796,0.073638
18797,0.038126
18798,0.050123
18799,0.064062
18800,0.054513
18801,0.066042
18802,0.045332
18803,0.063207
18804,0.061758
18805,0.051296
18806,0.056068
18807,0.070017
18808,0.050294
18809,0.051683
18810,0.066585
18811,0.051316
18812,0.075097
18813,0.067628
18814,0.055560
18815,0.058913
18816,0.084558
18817,0.075821
18818,0.062764
18819,0.070396
18820,0.056942
18821,0.058988
18822,0.059104
18823,0.085777
18824,0.044038
18825,0.056894
18826,0.043268
18827,0.055331
18828,0.051269
18829,0.048362
18830,0.095275
18831,0.184779
18832,0.121110
18833,0.095993
18834,0.087335
18835,0.104042
18836,0.082052
18837,0.064872
18838,0.115418
18839,0.070633
18840,0.047718
18841,0.053689
18842,0.052608
18843,0.049876
18844,0.055806
18845,0.037333
18846,0.042927
18847,0.048299
18848,0.047392
18849,0.059649
18850,0.033486
18851,0.039187
18852,0.048263
18853,0.046399
18854,0.035827
18855,0.041666
18856,0.044346
18857,0.029995
18858,0.043392
18859,0.058644
18860,0.040325
18861,0.033530
18862,0.057156
18863,0.053435
18864,0.100344
18865,0.101338
18866,0.057573
18867,0.059210
18868,0.063334
18869,0.072792
18870,0.060045
18871,0.070332
18872,0.078927
18873,0.068277
18874,0.039677
18875,0.045924
18876,0.055313
18877,0.075376
18878,0.043098
18879,0.059422
18880,0.046038
18881,0.068829
18882,0.094479
18883,0.089423
18884,0.068808
18885,0.124959
18886,0.064254
18887,0.066690
18888,0.074533
18889,0.081855
18890,0.077347
18891,0.083034
18892,0.084707
18893,0.058617
18894,0.064841
18895,0.067213
18896,0.050758
18897,0.047194
18898,0.065196
18899,0.058779
18900,0.065152
18901,0.057785
18902,0.096842
18903,0.108542
18904,0.090370
18905,0.049836
18906,0.068130
18907,0.059489
18908,0.056842
18909,0.082173
18910,0.126259
18911,0.154227
18912,0.103216
18913,0.058419
18914,0.104213
18915,0.162114
18916,0.213975
18917,0.148504
18918,0.146150
18919,0.187069
18920,0.193145
18921,0.102965
18922,0.070417
18923,0.078471
18924,0.072944
18925,0.053910
18926,0.101881
18927,0.089616
18928,0.081073
18929,0.084026
18930,0.062465
18931,0.070685
18932,0.052801
18933,0.069966
18934,0.096143
18935,0.107510
18936,0.081549
18937,0.052020
18938,0.079185
18939,0.130375
18940,0.145834
18941,0.081422
18942,0.108037
18943,0.099497
18944,0.098301
18945,0.079686
18946,0.079014
18947,0.085160
18948,0.094877
18949,0.050011
18950,0.065978
18951,0.093835
18952,0.086673
18953,0.096424
18954,0.072722
18955,0.054421
18956,0.044081
18957,0.059246
18958,0.075403
18959,0.064541
18960,0.091277
18961,0.079693
18962,0.055774
18963,0.046624
18964,0.056734
18965,0.055663
18966,0.084927
18967,0.081502
18968,0.077813
18969,0.049899
18970,0.054741
18971,0.076997
18972,0.051802
18973,0.049258
18974,0.065987
18975,0.097586
18976,0.099060
18977,0.042376
18978,0.043040
18979,0.071064
18980,0.095595
18981,0.054327
18982,0.056732
18983,0.037779
18984,0.054583
18985,0.060031
18986,0.051946
18987,0.056912
18988,0.045563
18989,0.071107
18990,0.045278
18991,0.096218
18992,0.059378
18993,0.059610
18994,0.177238
18995,0.111124
18996,0.114610
18997,0.114796
18998,0.071363
18999,0.139700
19000,0.158925
19001,0.152924
19002,0.312069
19003,0.136400
19004,0.195393
19005,0.112384
19006,0.103088
19007,0.147941
19008,0.216111
19009,0.188522
19010,0.086927
19011,0.070007
19012,0.099695
19013,0.068385
19014,0.061190
19015,0.060018
19016,0.057880
19017,0.053920
19018,0.048596
19019,0.044220
19020,0.045671
19021,0.051390
19022,0.066142
19023,0.068764
19024,0.086251
19025,0.103325
19026,0.056542
19027,0.064114
19028,0.206169
19029,0.204885
19030,0.051244
19031,0.126934
19032,0.075048
19033,0.057157
19034,0.068000
19035,0.067872
19036,0.042585
19037,0.053628
19038,0.132922
19039,0.174678
19040,0.055650
19041,0.066062
19042,0.049509
19043,0.046711
19044,0.062524
19045,0.053508
19046,0.061652
19047,0.058237
19048,0.062953
19049,0.070831
19050,0.102812
19051,0.081047
19052,0.078531
19053,0.063204
19054,0.130006
19055,0.076914
19056,0.093497
19057,0.053295
19058,0.065415
19059,0.038349
19060,0.046964
19061,0.066915
19062,0.063341
19063,0.070713
19064,0.063978
19065,0.067556
19066,0.078211
19067,0.081855
19068,0.117579
19069,0.067348
19070,0.055075
19071,0.111679
19072,0.056327
19073,0.109135
19074,0.080508
19075,0.066335
19076,0.062549
19077,0.053412
19078,0.063832
19079,0.045623
19080,0.088199
19081,0.127707
19082,0.091605
19083,0.045054
19084,0.095316
19085,0.136664
19086,0.071935
19087,0.047383
19088,0.076726
19089,0.081801
19090,0.067207
19091,0.111549
19092,0.090798
19093,0.091971
19094,0.073790
19095,0.075373
19096,0.069750
19097,0.054777
19098,0.074052
19099,0.095026
19100,0.065665
19101,0.050426
19102,0.038528
19103,0.045487
19104,0.060434
19105,0.090480
19106,0.070423
19107,0.077447
19108,0.082993
19109,0.063021
19110,0.047816
19111,0.086586
19112,0.074607
19113,0.059111
19114,0.079299
19115,0.089744
19116,0.060023
19117,0.061507
19118,0.059460
19119,0.106254
19120,0.072627
19121,0.083256
19122,0.087716
19123,0.076646
19124,0.071426
19125,0.071032
19126,0.087809
19127,0.048654
19128,0.040184
19129,0.085431
19130,0.049836
19131,0.044192
19132,0.045249
19133,0.047344
19134,0.047829
19135,0.059849
19136,0.064290
19137,0.044517
19138,0.067276
19139,0.048869
19140,0.038127
19141,0.049214
19142,0.070139
19143,0.061656
19144,0.050434
19145,0.058857
19146,0.077346
19147,0.058055
19148,0.053607
19149,0.055855
19150,0.043049
19151,0.065605
19152,0.053801
19153,0.037045
19154,0.048752
19155,0.042240
19156,0.049743
19157,0.051105
19158,0.037851
19159,0.058497
19160,0.091833
19161,0.068633
19162,0.052978
19163,0.081672
19164,0.101973
19165,0.114392
19166,0.075516
19167,0.056196
19168,0.059595
19169,0.062618
19170,0.065867
19171,0.061286
19172,0.069034
19173,0.064353
19174,0.059031
19175,0.062506
19176,0.076732
19177,0.048701
19178,0.099554
19179,0.113486
19180,0.103314
19181,0.043759
19182,0.057949
19183,0.113687
19184,0.126234
19185,0.119686
19186,0.095322
19187,0.103224
19188,0.093928
19189,0.108140
19190,0.089447
19191,0.067834
19192,0.065367
19193,0.052787
19194,0.043037
19195,0.041737
19196,0.049169
19197,0.058320
19198,0.061482
19199,0.078746
19200,0.077721
19201,0.055341
19202,0.047489
19203,0.045470
19204,0.060584
19205,0.057956
19206,0.076328
19207,0.049875
19208,0.060988
19209,0.061847
19210,0.045663
19211,0.049753
19212,0.069682
19213,0.077007
19214,0.067088
19215,0.044092
19216,0.047977
19217,0.056279
19218,0.047444
19219,0.041785
19220,0.041386
19221,0.038288
19222,0.037385
19223,0.043340
19224,0.061278
19225,0.054297
19226,0.048006
19227,0.038550
19228,0.037719
19229,0.048404
19230,0.041503
19231,0.036884
19232,0.042947
19233,0.029422
19234,0.039755
19235,0.036803
19236,0.040793
19237,0.061372
19238,0.040033
19239,0.032383
19240,0.039891
19241,0.061040
19242,0.056415
19243,0.037287
19244,0.050681
19245,0.072687
19246,0.087240
19247,0.058970
19248,0.046193
19249,0.064764
19250,0.063746
19251,0.059988
19252,0.051592
19253,0.036664
19254,0.026728
19255,0.046688
19256,0.060503
19257,0.051853
19258,0.031872
19259,0.047116
19260,0.067602
19261,0.040882
19262,0.041244
19263,0.035323
19264,0.050443
19265,0.069759
19266,0.089367
19267,0.079888
19268,0.056870
19269,0.058372
19270,0.096269
19271,0.073679
19272,0.059600
19273,0.047076
19274,0.049846
19275,0.030535
19276,0.047408
19277,0.089313
19278,0.071284
19279,0.077732
19280,0.064325
19281,0.042421
19282,0.044809
19283,0.047912
19284,0.049189
19285,0.041912
19286,0.047611
19287,0.040891
19288,0.027130
19289,0.032715
19290,0.069752
19291,0.076252
19292,0.041612
19293,0.059097
19294,0.076363
19295,0.069650
19296,0.036884
19297,0.043625
19298,0.061202
19299,0.054807
19300,0.047439
19301,0.040186
19302,0.065770
19303,0.065409
19304,0.052555
19305,0.055982
19306,0.055999
19307,0.083988
19308,0.080363
19309,0.075195
19310,0.048837
19311,0.065704
19312,0.042593
19313,0.027805
19314,0.021942
19315,0.035869
19316,0.053364
19317,0.038851
19318,0.051042
19319,0.057544
19320,0.035674
19321,0.038538
19322,0.033762
19323,0.049224
19324,0.048094
19325,0.039293
19326,0.052733
19327,0.037358
19328,0.069301
19329,0.056065
19330,0.067568
19331,0.052362
19332,0.052828
19333,0.053138
19334,0.061796
19335,0.050671
19336,0.041453
19337,0.094956
19338,0.078455
19339,0.062777
19340,0.044887
19341,0.057431
19342,0.084972
19343,0.068964
19344,0.037402
19345,0.041741
19346,0.067677
19347,0.079202
19348,0.053395
19349,0.072752
19350,0.068068
19351,0.071071
19352,0.072912
19353,0.066927
19354,0.081124
19355,0.106375
19356,0.061208
19357,0.050636
19358,0.054792
19359,0.041851
19360,0.033925
19361,0.055875
19362,0.037993
19363,0.041940
19364,0.037090
19365,0.038637
19366,0.076097
19367,0.075337
19368,0.038471
19369,0.069345
19370,0.081807
19371,0.050576
19372,0.066245
19373,0.114373
19374,0.049321
19375,0.042130
19376,0.058582
19377,0.076455
19378,0.044082
19379,0.062355
19380,0.091343
19381,0.071840
19382,0.052959
19383,0.054698
19384,0.058413
19385,0.087562
19386,0.072063
19387,0.047758
19388,0.161918
19389,0.037591
19390,0.033241
19391,0.032282
19392,0.039691
19393,0.052240
19394,0.033072
19395,0.030106
19396,0.034891
19397,0.067620
19398,0.068064
19399,0.035567
19400,0.034139
19401,0.049323
19402,0.045967
19403,0.035330
19404,0.034288
19405,0.040846
19406,0.033226
19407,0.033828
19408,0.037898
19409,0.030631
19410,0.038561
19411,0.039333
19412,0.051734
19413,0.042731
19414,0.036936
19415,0.053723
19416,0.066618
19417,0.087897
19418,0.036129
19419,0.046576
19420,0.061789
19421,0.035121
19422,0.056601
19423,0.073727
19424,0.059527
19425,0.075638
19426,0.053210
19427,0.049950
19428,0.072552
19429,0.078758
19430,0.058579
19431,0.061518
19432,0.089908
19433,0.039887
19434,0.045592
19435,0.060587
19436,0.084200
19437,0.035997
19438,0.040803
19439,0.033389
19440,0.042049
19441,0.048024
19442,0.045209
19443,0.029338
19444,0.024807
19445,0.036033
19446,0.076130
19447,0.068529
19448,0.065743
19449,0.061110
19450,0.074081
19451,0.045426
19452,0.046251
19453,0.056073
19454,0.069410
19455,0.054422
19456,0.065641
19457,0.097396
19458,0.050443
19459,0.056208
19460,0.076447
19461,0.056662
19462,0.061658
19463,0.030753
19464,0.033778
19465,0.066237
19466,0.067207
19467,0.077205
19468,0.060708
19469,0.078360
19470,0.044441
19471,0.042028
19472,0.046379
19473,0.060127
19474,0.064277
19475,0.045193
19476,0.039096
19477,0.064565
19478,0.058990
19479,0.041624
19480,0.036923
19481,0.066575
19482,0.055659
19483,0.044235
19484,0.042815
19485,0.052218
19486,0.050584
19487,0.070505
19488,0.083590
19489,0.072797
19490,0.069591
19491,0.066537
19492,0.075428
19493,0.052967
19494,0.050132
19495,0.072614
19496,0.075687
19497,0.078950
19498,0.046270
19499,0.053794
19500,0.081968
19501,0.059474
19502,0.058708
19503,0.047220
19504,0.053198
19505,0.031961
19506,0.036857
19507,0.032592
19508,0.036618
19509,0.032478
19510,0.029624
19511,0.037445
19512,0.041655
19513,0.034755
19514,0.043505
19515,0.062161
19516,0.045933
19517,0.044790
19518,0.054073
19519,0.064711
19520,0.073170
19521,0.073098
19522,0.069589
19523,0.065223
19524,0.048358
19525,0.032341
19526,0.056185
19527,0.058838
19528,0.068368
19529,0.109542
19530,0.061146
19531,0.069276
19532,0.067178
19533,0.133305
19534,0.076505
19535,0.066246
19536,0.044494
19537,0.083692
19538,0.063883
19539,0.049672
19540,0.076025
19541,0.094418
19542,0.095626
19543,0.059127
19544,0.067736
19545,0.067403
19546,0.107186
19547,0.074503
19548,0.048496
19549,0.055597
19550,0.056157
19551,0.044322
19552,0.051067
19553,0.039302
19554,0.039879
19555,0.042156
19556,0.038092
19557,0.042410
19558,0.035711
19559,0.042609
19560,0.029677
19561,0.041674
19562,0.060925
19563,0.050061
19564,0.054028
19565,0.049986
19566,0.048355
19567,0.067888
19568,0.039692
19569,0.050834
19570,0.053274
19571,0.033950
19572,0.049133
19573,0.039090
19574,0.044307
19575,0.054769
19576,0.027191
19577,0.046839
19578,0.036086
19579,0.040500
19580,0.044537
19581,0.046896
19582,0.064937
19583,0.042779
19584,0.042042
19585,0.038045
19586,0.053095
19587,0.056688
19588,0.052476
19589,0.043281
19590,0.054341
19591,0.053826
19592,0.033983
19593,0.048378
19594,0.079193
19595,0.044397
19596,0.048096
19597,0.039325
19598,0.042403
19599,0.041316
19600,0.050998
19601,0.033756
19602,0.052685
19603,0.060822
19604,0.048157
19605,0.043985
19606,0.048323
19607,0.040615
19608,0.040742
19609,0.037471
19610,0.033696
19611,0.051080
19612,0.045561
19613,0.213190
19614,0.067739
19615,0.096633
19616,0.046465
19617,0.033378
19618,0.039062
19619,0.041554
19620,0.046631
19621,0.061279
19622,0.044755
19623,0.070177
19624,0.077644
19625,0.095951
19626,0.075228
19627,0.085209
19628,0.113076
19629,0.078802
19630,0.075222
19631,0.106624
19632,0.120381
19633,0.170892
19634,0.065809
19635,0.058309
19636,0.103329
19637,0.072118
19638,0.051555
19639,0.068565
19640,0.095020
19641,0.101372
19642,0.057026
19643,0.074826
19644,0.106499
19645,0.103320
19646,0.051124
19647,0.043993
19648,0.047818
19649,0.062299
19650,0.052489
19651,0.039656
19652,0.089876
19653,0.047330
19654,0.036268
19655,0.068725
19656,0.076281
19657,0.097006
19658,0.082826
19659,0.073508
19660,0.092868
19661,0.081138
19662,0.069447
19663,0.057670
19664,0.065306
19665,0.095880
19666,0.040120
19667,0.035976
19668,0.067956
19669,0.079994
19670,0.067460
19671,0.080167
19672,0.081396
19673,0.074087
19674,0.048968
19675,0.088227
19676,0.096882
19677,0.070632
19678,0.092554
19679,0.107898
19680,0.050199
19681,0.072814
19682,0.064599
19683,0.047893
19684,0.056409
19685,0.105583
19686,0.150349
19687,0.045197
19688,0.097020
19689,0.055577
19690,0.085049
19691,0.037527
19692,0.102567
19693,0.083383
19694,0.074274
19695,0.039084
19696,0.107841
19697,0.156822
19698,0.157240
19699,0.109697
19700,0.157154
19701,0.080932
19702,0.085857
19703,0.048929
19704,0.062465
19705,0.046043
19706,0.062912
19707,0.039450
19708,0.043299
19709,0.070421
19710,0.059863
19711,0.066382
19712,0.056189
19713,0.054972
19714,0.152056
19715,0.056366
19716,0.053203
19717,0.054856
19718,0.064961
19719,0.079550
19720,0.063487
19721,0.070695
19722,0.062697
19723,0.068369
19724,0.068736
19725,0.072213
19726,0.091528
19727,0.042407
19728,0.047295
19729,0.060006
19730,0.065546
19731,0.086219
19732,0.075978
19733,0.072240
19734,0.102476
19735,0.091069
19736,0.093057
19737,0.124172
19738,0.134627
19739,0.067577
19740,0.067677
19741,0.078117
19742,0.097887
19743,0.053346
19744,0.109615
19745,0.101339
19746,0.067048
19747,0.085063
19748,0.147017
19749,0.155150
19750,0.163600
19751,0.101613
19752,0.118519
19753,0.108048
19754,0.103603
19755,0.126216
19756,0.157663
19757,0.120555
19758,0.128264
19759,0.084501
19760,0.147771
19761,0.102285
19762,0.168106
19763,0.115698
19764,0.103076
19765,0.052917
19766,0.071502
19767,0.069935
19768,0.068715
19769,0.042601
19770,0.040811
19771,0.052615
19772,0.057946
19773,0.079387
19774,0.068856
19775,0.059419
19776,0.056581
19777,0.070730
19778,0.088352
19779,0.087633
19780,0.070953
19781,0.072159
19782,0.053235
19783,0.047138
19784,0.057069
19785,0.093763
19786,0.086077
19787,0.054833
19788,0.074075
19789,0.073221
19790,0.047458
19791,0.050647
19792,0.041828
19793,0.069437
19794,0.068185
19795,0.035381
19796,0.039632
19797,0.064513
19798,0.075574
19799,0.062115
19800,0.080164
19801,0.063749
19802,0.039741
19803,0.038209
19804,0.037252
19805,0.047212
19806,0.054034
19807,0.055606
19808,0.042825
19809,0.042105
19810,0.053659
19811,0.065063
19812,0.053103
19813,0.039433
19814,0.039956
19815,0.032057
19816,0.046925
19817,0.051369
19818,0.059251
19819,0.083962
19820,0.092746
19821,0.053251
19822,0.048547
19823,0.043254
19824,0.052617
19825,0.048974
19826,0.072108
19827,0.083433
19828,0.044398
19829,0.054410
19830,0.052585
19831,0.056178
19832,0.083142
19833,0.059649
19834,0.041273
19835,0.033210
19836,0.059578
19837,0.064055
19838,0.067367
19839,0.040738
19840,0.058715
19841,0.063038
19842,0.067920
19843,0.064875
19844,0.064776
19845,0.062957
19846,0.074096
19847,0.066077
19848,0.042458
19849,0.095439
19850,0.072321
19851,0.035531
19852,0.073809
19853,0.081689
19854,0.078202
19855,0.046149
19856,0.076710
19857,0.083393
19858,0.100485
19859,0.053802
19860,0.060227
19861,0.084011
19862,0.072219
19863,0.063622
19864,0.067072
19865,0.081368
19866,0.058078
19867,0.063339
19868,0.068032
19869,0.074172
19870,0.082543
19871,0.078166
19872,0.077873
19873,0.041409
19874,0.044911
19875,0.041126
19876,0.021456
19877,0.042177
19878,0.060610
19879,0.047059
19880,0.037008
19881,0.042476
19882,0.033726
19883,0.038732
19884,0.053418
19885,0.035345
19886,0.051588
19887,0.034307
19888,0.040897
19889,0.033868
19890,0.064653
19891,0.060245
19892,0.065471
19893,0.039211
19894,0.052333
19895,0.037412
19896,0.045365
19897,0.023868
19898,0.039581
19899,0.032504
19900,0.036268
19901,0.043380
19902,0.032619
19903,0.043458
19904,0.047908
19905,0.050276
19906,0.054330
19907,0.053876
19908,0.049477
19909,0.059639
19910,0.057659
19911,0.037191
19912,0.060267
19913,0.052734
19914,0.043054
19915,0.068121
19916,0.053544
19917,0.138105
19918,0.065730
19919,0.084100
19920,0.077081
19921,0.070984
19922,0.056864
19923,0.044299
19924,0.067533
19925,0.063523
19926,0.064737
19927,0.088196
19928,0.063954
19929,0.040612
19930,0.062267
19931,0.069517
19932,0.052393
19933,0.042567
19934,0.032778
19935,0.032458
19936,0.066806
19937,0.046964
19938,0.051549
19939,0.044412
19940,0.055680
19941,0.058703
19942,0.046519
19943,0.050388
19944,0.061475
19945,0.057614
19946,0.050415
19947,0.033370
19948,0.039915
19949,0.075269
19950,0.036049
19951,0.034176
19952,0.046146
19953,0.051154
19954,0.037112
19955,0.044341
19956,0.050164
19957,0.054638
19958,0.051002
19959,0.030897
19960,0.045568
19961,0.043609
19962,0.039692
19963,0.056352
19964,0.057350
19965,0.044769
19966,0.040302
19967,0.061370
19968,0.080176
19969,0.071227
19970,0.074672
19971,0.063312
19972,0.062893
19973,0.057797
19974,0.037944
19975,0.068797
19976,0.077353
19977,0.070196
19978,0.061853
19979,0.034307
19980,0.048561
19981,0.057676
19982,0.051398
19983,0.034840
19984,0.062120
19985,0.067577
19986,0.092668
19987,0.063927
19988,0.053705
19989,0.043747
19990,0.045380
19991,0.056627
19992,0.029218
19993,0.037361
19994,0.041506
19995,0.056399
19996,0.045134
19997,0.031688
19998,0.046277
19999,0.047233
20000,0.039479
20001,0.049267
20002,0.028191
20003,0.038778
20004,0.093019
20005,0.078907
20006,0.076907
20007,0.050991
20008,0.072372
20009,0.049371
20010,0.041599
20011,0.057105
20012,0.044240
20013,0.030510
20014,0.040034
20015,0.055415
20016,0.032135
20017,0.055267
20018,0.039732
20019,0.033901
20020,0.050054
20021,0.045695
20022,0.047374
20023,0.046676
20024,0.053179
20025,0.044970
20026,0.045279
20027,0.041236
20028,0.050982
20029,0.048171
20030,0.068580
20031,0.060684
20032,0.068604
20033,0.039045
20034,0.037470
20035,0.035896
20036,0.043579
20037,0.044334
20038,0.045387
20039,0.040396
20040,0.054045
20041,0.049012
20042,0.035382
20043,0.053135
20044,0.042981
20045,0.046349
20046,0.037048
20047,0.046643
20048,0.037880
20049,0.043446
20050,0.039515
20051,0.033089
20052,0.059291
20053,0.045647
20054,0.037132
20055,0.042619
20056,0.032351
20057,0.058428
20058,0.050252
20059,0.038697
20060,0.046971
20061,0.056372
20062,0.048876
20063,0.076906
20064,0.073319
20065,0.041038
20066,0.035663
20067,0.056216
20068,0.049348
20069,0.052833
20070,0.044123
20071,0.023029
20072,0.028861
20073,0.042332
20074,0.025630
20075,0.029793
20076,0.030808
20077,0.037195
20078,0.031159
20079,0.032053
20080,0.033736
20081,0.033714
20082,0.025881
20083,0.035312
20084,0.027418
20085,0.041064
20086,0.049778
20087,0.033846
20088,0.071425
20089,0.084149
20090,0.061502
20091,0.060338
20092,0.048615
20093,0.047168
20094,0.044753
20095,0.031199
20096,0.029775
20097,0.055921
20098,0.044518
20099,0.051529
20100,0.071340
20101,0.058041
20102,0.054126
20103,0.048560
20104,0.105552
20105,0.054931
20106,0.063174
20107,0.037125
20108,0.045998
20109,0.046121
20110,0.053036
20111,0.043645
20112,0.059305
20113,0.051707
20114,0.033862
20115,0.044118
20116,0.067512
20117,0.064462
20118,0.084421
20119,0.052216
20120,0.048062
20121,0.036673
20122,0.033005
20123,0.042937
20124,0.058714
20125,0.083077
20126,0.108041
20127,0.123304
20128,0.059548
20129,0.048365
20130,0.077328
20131,0.071084
20132,0.061260
20133,0.087421
20134,0.054298
20135,0.071803
20136,0.050772
20137,0.045231
20138,0.038278
20139,0.048595
20140,0.041796
20141,0.057030
20142,0.033226
20143,0.050780
20144,0.048186
20145,0.053785
20146,0.083352
20147,0.070746
20148,0.048783
20149,0.091164
20150,0.086900
20151,0.117189
20152,0.091533
20153,0.106965
20154,0.084386
20155,0.091309
20156,0.073053
20157,0.067041
20158,0.091947
20159,0.082774
20160,0.072592
20161,0.062682
20162,0.082396
20163,0.099371
20164,0.067583
20165,0.041549
20166,0.080048
20167,0.095991
20168,0.093452
20169,0.063201
20170,0.090165
20171,0.045346
20172,0.046642
20173,0.041208
20174,0.041368
20175,0.045103
20176,0.074751
20177,0.098089
20178,0.087428
20179,0.105899
20180,0.120835
20181,0.065420
20182,0.105087
20183,0.092527
20184,0.071199
20185,0.062031
20186,0.065591
20187,0.045538
20188,0.049477
20189,0.049321
20190,0.029839
20191,0.031018
20192,0.062160
20193,0.065655
20194,0.065880
20195,0.039100
20196,0.044118
20197,0.052546
20198,0.035974
20199,0.044210
20200,0.039480
20201,0.029372
20202,0.046150
20203,0.064790
20204,0.029432
20205,0.027048
20206,0.043973
20207,0.047474
20208,0.053821
20209,0.069242
20210,0.071956
20211,0.037435
20212,0.040599
20213,0.058943
20214,0.057729
20215,0.054615
20216,0.067094
20217,0.106316
20218,0.101079
20219,0.102095
20220,0.119409
20221,0.070947
20222,0.045336
20223,0.100796
20224,0.099095
20225,0.087358
20226,0.062807
20227,0.070131
20228,0.083594
20229,0.092203
20230,0.062529
20231,0.067021
20232,0.081254
20233,0.087686
20234,0.063752
20235,0.071128
20236,0.067923
20237,0.051763
20238,0.034728
20239,0.067673
20240,0.032177
20241,0.031012
20242,0.043801
20243,0.069934
20244,0.044004
20245,0.061899
20246,0.092883
20247,0.052613
20248,0.051711
20249,0.055868
20250,0.058848
20251,0.030930
20252,0.080592
20253,0.161541
20254,0.056053
20255,0.097109
20256,0.076382
20257,0.090248
20258,0.065207
20259,0.064050
20260,0.111131
20261,0.163722
20262,0.135454
20263,0.110301
20264,0.048263
20265,0.154078
20266,0.107454
20267,0.042894
20268,0.062482
20269,0.085442
20270,0.100215
20271,0.049570
20272,0.055290
20273,0.046766
20274,0.033975
20275,0.032759
20276,0.035765
20277,0.040447
20278,0.061561
20279,0.038068
20280,0.050174
20281,0.052360
20282,0.037050
20283,0.038747
20284,0.040020
20285,0.030622
20286,0.039855
20287,0.041288
20288,0.046609
20289,0.042235
20290,0.041720
20291,0.030312
20292,0.045165
20293,0.092131
20294,0.055137
20295,0.098119
20296,0.064346
20297,0.060920
20298,0.055372
20299,0.046063
20300,0.058269
20301,0.041824
20302,0.060570
20303,0.068038
20304,0.067101
20305,0.091170
20306,0.087580
20307,0.066945
20308,0.074474
20309,0.111619
20310,0.079761
20311,0.065620
20312,0.063598
20313,0.033958
20314,0.040938
20315,0.033506
20316,0.041983
20317,0.050715
20318,0.065860
20319,0.046688
20320,0.041925
20321,0.048226
20322,0.029536
20323,0.036940
20324,0.035454
20325,0.040920
20326,0.055732
20327,0.052638
20328,0.073505
20329,0.041135
20330,0.075890
20331,0.072162
20332,0.037707
20333,0.050888
20334,0.053576
20335,0.057912
20336,0.052642
20337,0.041799
20338,0.031580
20339,0.041405
20340,0.074775
20341,0.114548
20342,0.073281
20343,0.101714
20344,0.155828
20345,0.083996
20346,0.081247
20347,0.089675
20348,0.098770
20349,0.054893
20350,0.062487
20351,0.038102
20352,0.068342
20353,0.053568
20354,0.055322
20355,0.062634
20356,0.055232
20357,0.072371
20358,0.060168
20359,0.040864
20360,0.032847
20361,0.045277
20362,0.055154
20363,0.054240
20364,0.047059
20365,0.027851
20366,0.051112
20367,0.053903
20368,0.063782
20369,0.066123
20370,0.079590
20371,0.036211
20372,0.092753
20373,0.091550
20374,0.039755
20375,0.042576
20376,0.060815
20377,0.043996
20378,0.029872
20379,0.030867
20380,0.054315
20381,0.058392
20382,0.097255
20383,0.075551
20384,0.036525
20385,0.094494
20386,0.163789
20387,0.121191
20388,0.084240
20389,0.102329
20390,0.101618
20391,0.057169
20392,0.073295
20393,0.068632
20394,0.043031
20395,0.070815
20396,0.051111
20397,0.126878
20398,0.043524
20399,0.067877
20400,0.067771
20401,0.065438
20402,0.049604
20403,0.067978
20404,0.068920
20405,0.089224
20406,0.075121
20407,0.085133
20408,0.065955
20409,0.068405
20410,0.055942
20411,0.045296
20412,0.037336
20413,0.048243
20414,0.057946
20415,0.053460
20416,0.041823
20417,0.045169
20418,0.056407
20419,0.062187
20420,0.055952
20421,0.071509
20422,0.067305
20423,0.064403
20424,0.076513
20425,0.142518
20426,0.088719
20427,0.063547
20428,0.083925
20429,0.062514
20430,0.040231
20431,0.037902
20432,0.041779
20433,0.031611
20434,0.036813
20435,0.037911
20436,0.041645
20437,0.035023
20438,0.069580
20439,0.068844
20440,0.060499
20441,0.056885
20442,0.065794
20443,0.054463
20444,0.043575
20445,0.053051
20446,0.046244
20447,0.051732
20448,0.040379
20449,0.061859
20450,0.071493
20451,0.099549
20452,0.074621
20453,0.060977
20454,0.067312
20455,0.053842
20456,0.086342
20457,0.076087
20458,0.055600
20459,0.057633
20460,0.060336
20461,0.056213
20462,0.037773
20463,0.046708
20464,0.068695
20465,0.051734
20466,0.047995
20467,0.040322
20468,0.043678
20469,0.041633
20470,0.039521
20471,0.048628
20472,0.048555
20473,0.026615
20474,0.032320
20475,0.038551
20476,0.042963
20477,0.046142
20478,0.040278
20479,0.040541
20480,0.057122
20481,0.083511
20482,0.060491
20483,0.039633
20484,0.049574
20485,0.042331
20486,0.046865
20487,0.078030
20488,0.068790
20489,0.058926
20490,0.058580
20491,0.067068
20492,0.055178
20493,0.047488
20494,0.042695
20495,0.044456
20496,0.032706
20497,0.048660
20498,0.075054
20499,0.078111
20500,0.042109
20501,0.083499
20502,0.074172
20503,0.077071
20504,0.052755
20505,0.049201
20506,0.046709
20507,0.042036
20508,0.051345
20509,0.062149
20510,0.027801
20511,0.033923
20512,0.041986
20513,0.052820
20514,0.032513
20515,0.028602
20516,0.044301
20517,0.052299
20518,0.064423
20519,0.071394
20520,0.056174
20521,0.038306
20522,0.055953
20523,0.060411
20524,0.050481
20525,0.035975
20526,0.078083
20527,0.095475
20528,0.080083
20529,0.062295
20530,0.075521
20531,0.046327
20532,0.052141
20533,0.061350
20534,0.077384
20535,0.061237
20536,0.090232
20537,0.053148
20538,0.054318
20539,0.038165
20540,0.039711
20541,0.034859
20542,0.046815
20543,0.048851
20544,0.059531
20545,0.042707
20546,0.057970
20547,0.044040
20548,0.059523
20549,0.050389
20550,0.045792
20551,0.028006
20552,0.039140
20553,0.057422
20554,0.033543
20555,0.047876
20556,0.040244
20557,0.025054
20558,0.049301
20559,0.075127
20560,0.040338
20561,0.034248
20562,0.041152
20563,0.043233
20564,0.052952
20565,0.044553
20566,0.042859
20567,0.053372
20568,0.059643
20569,0.039750
20570,0.035368
20571,0.057823
20572,0.074921
20573,0.036047
20574,0.055815
20575,0.060824
20576,0.058436
20577,0.038704
20578,0.044574
20579,0.066017
20580,0.059156
20581,0.046690
20582,0.036675
20583,0.040283
20584,0.053287
20585,0.024681
20586,0.029655
20587,0.036212
20588,0.034301
20589,0.043733
20590,0.059664
20591,0.055445
20592,0.041357
20593,0.051093
20594,0.029554
20595,0.050817
20596,0.072165
20597,0.047081
20598,0.052145
20599,0.040116
20600,0.032933
20601,0.032594
20602,0.041650
20603,0.034294
20604,0.038845
20605,0.046871
20606,0.072322
20607,0.045989
20608,0.047513
20609,0.061443
20610,0.087096
20611,0.078440
20612,0.053345
20613,0.057323
20614,0.048854
20615,0.046453
20616,0.030613
20617,0.043846
20618,0.038789
20619,0.036688
20620,0.037582
20621,0.038506
20622,0.046994
20623,0.038937
20624,0.033912
20625,0.036162
20626,0.053955
20627,0.042481
20628,0.043008
20629,0.047075
20630,0.051180
20631,0.063280
20632,0.088964
20633,0.055779
20634,0.046300
20635,0.049406
20636,0.062886
20637,0.039341
20638,0.039740
20639,0.061269
20640,0.044999
20641,0.032343
20642,0.026915
20643,0.042986
20644,0.026811
20645,0.031958
20646,0.061914
20647,0.056525
20648,0.071988
20649,0.051057
20650,0.041412
20651,0.048529
20652,0.124929
20653,0.086421
20654,0.064067
20655,0.086089
20656,0.053887
20657,0.044010
20658,0.066532
20659,0.038693
20660,0.046115
20661,0.045042
20662,0.025985
20663,0.042992
20664,0.052238
20665,0.037446
20666,0.035852
20667,0.043407
20668,0.037381
20669,0.054573
20670,0.058626
20671,0.071962
20672,0.086915
20673,0.052913
20674,0.088350
20675,0.080560
20676,0.070521
20677,0.071721
20678,0.059835
20679,0.041659
20680,0.071624
20681,0.073728
20682,0.052677
20683,0.066905
20684,0.083148
20685,0.052589
20686,0.041527
20687,0.039775
20688,0.038302
20689,0.032844
20690,0.041596
20691,0.042318
20692,0.037046
20693,0.081723
20694,0.064165
20695,0.049178
20696,0.050835
20697,0.064845
20698,0.047598
20699,0.043377
20700,0.032119
20701,0.033432
20702,0.032207
20703,0.057830
20704,0.037253
20705,0.045223
20706,0.062249
20707,0.038489
20708,0.036012
20709,0.042865
20710,0.046484
20711,0.033287
20712,0.026559
20713,0.042484
20714,0.048070
20715,0.038011
20716,0.068014
20717,0.091029
20718,0.100346
20719,0.040620
20720,0.037572
20721,0.038105
20722,0.032796
20723,0.050456
20724,0.055873
20725,0.041209
20726,0.053991
20727,0.049485
20728,0.066564
20729,0.081938
20730,0.049915
20731,0.078416
20732,0.080417
20733,0.067410
20734,0.060293
20735,0.053637
20736,0.043113
20737,0.043868
20738,0.040391
20739,0.044379
20740,0.045494
20741,0.052068
20742,0.046802
20743,0.035189
20744,0.054951
20745,0.034200
20746,0.039001
20747,0.054776
20748,0.033423
20749,0.028269
20750,0.036949
20751,0.035127
20752,0.034693
20753,0.037257
20754,0.047213
20755,0.033203
20756,0.059528
20757,0.119914
20758,0.104406
20759,0.069850
20760,0.062602
20761,0.085698
20762,0.046407
20763,0.045282
20764,0.057607
20765,0.065057
20766,0.076155
20767,0.052339
20768,0.126639
20769,0.065554
20770,0.045378
20771,0.031959
20772,0.075759
20773,0.084216
20774,0.073329
20775,0.038623
20776,0.053688
20777,0.077747
20778,0.077813
20779,0.084716
20780,0.115712
20781,0.065073
20782,0.055234
20783,0.044363
20784,0.080313
20785,0.103714
20786,0.061540
20787,0.071953
20788,0.076885
20789,0.116790
20790,0.062550
20791,0.044367
20792,0.044955
20793,0.085180
20794,0.055876
20795,0.048423
20796,0.063483
20797,0.105626
20798,0.132702
20799,0.118163
20800,0.089514
20801,0.071603
20802,0.050356
20803,0.048447
20804,0.086530
20805,0.136593
20806,0.119323
20807,0.074056
20808,0.070907
20809,0.092089
20810,0.077214
20811,0.071248
20812,0.080563
20813,0.034751
20814,0.043201
20815,0.067820
20816,0.071478
20817,0.036872
20818,0.071735
20819,0.067452
20820,0.054138
20821,0.048249
20822,0.037633
20823,0.045620
20824,0.060395
20825,0.062581
20826,0.033560
20827,0.041310
20828,0.038913
20829,0.039472
20830,0.060445
20831,0.057057
20832,0.037366
20833,0.042349
20834,0.025387
20835,0.050808
20836,0.115129
20837,0.065848
20838,0.040819
20839,0.046092
20840,0.076501
20841,0.057879
20842,0.058493
20843,0.058245
20844,0.063734
20845,0.061787
20846,0.073615
20847,0.122314
20848,0.117421
20849,0.074806
20850,0.058001
20851,0.057683
20852,0.108717
20853,0.055070
20854,0.110127
20855,0.091050
20856,0.093858
20857,0.072057
20858,0.066429
20859,0.157956
20860,0.091757
20861,0.044998
20862,0.058590
20863,0.119776
20864,0.087630
20865,0.060996
20866,0.056555
20867,0.125094
20868,0.153354
20869,0.043491
20870,0.055919
20871,0.086990
20872,0.094866
20873,0.064765
20874,0.052136
20875,0.061803
20876,0.052680
20877,0.040694
20878,0.066649
20879,0.046664
20880,0.034519
20881,0.044314
20882,0.028015
20883,0.043489
20884,0.036712
20885,0.038530
20886,0.046152
20887,0.053863
20888,0.030930
20889,0.042202
20890,0.105709
20891,0.051716
20892,0.034365
20893,0.042794
20894,0.034342
20895,0.045261
20896,0.036599
20897,0.034629
20898,0.037694
20899,0.026082
20900,0.029359
20901,0.024858
20902,0.051472
20903,0.046557
20904,0.028791
20905,0.036380
20906,0.068985
20907,0.043094
20908,0.040996
20909,0.061382
20910,0.043026
20911,0.035953
20912,0.046977
20913,0.042694
20914,0.030133
20915,0.033830
20916,0.036779
20917,0.039086
20918,0.034887
20919,0.028370
20920,0.028124
20921,0.057417
20922,0.052562
20923,0.041232
20924,0.065327
20925,0.028176
20926,0.033064
20927,0.032511
20928,0.040532
20929,0.041225
20930,0.023625
20931,0.028594
20932,0.031084
20933,0.049778
20934,0.028972
20935,0.020995
20936,0.035393
20937,0.045491
20938,0.069337
20939,0.060249
20940,0.039616
20941,0.049442
20942,0.089291
20943,0.086956
20944,0.087603
20945,0.049954
20946,0.040654
20947,0.042696
20948,0.069188
20949,0.055209
20950,0.030713
20951,0.031601
20952,0.033242
20953,0.047508
20954,0.043102
20955,0.028872
20956,0.034083
20957,0.030894
20958,0.031608
20959,0.036144
20960,0.030186
20961,0.042581
20962,0.048146
20963,0.041355
20964,0.061813
20965,0.042985
20966,0.048140
20967,0.040858
20968,0.038296
20969,0.037251
20970,0.032331
20971,0.046348
20972,0.047699
20973,0.027359
20974,0.036576
20975,0.042723
20976,0.062650
20977,0.054120
20978,0.046450
20979,0.038215
20980,0.046916
20981,0.034183
20982,0.036909
20983,0.053459
20984,0.068086
20985,0.064274
20986,0.046265
20987,0.045806
20988,0.048445
20989,0.037615
20990,0.055496
20991,0.098021
20992,0.051274
20993,0.045433
20994,0.054360
20995,0.031116
20996,0.057846
20997,0.067422
20998,0.047032
20999,0.033280
21000,0.040717
21001,0.063106
21002,0.047698
21003,0.048467
21004,0.101369
21005,0.038693
21006,0.044473
21007,0.044802
21008,0.038895
21009,0.041695
21010,0.034983
21011,0.027362
21012,0.043136
21013,0.052271
21014,0.051357
21015,0.035936
21016,0.055291
21017,0.051917
21018,0.031147
21019,0.025182
21020,0.032422
21021,0.033999
21022,0.036858
21023,0.053455
21024,0.044960
21025,0.046418
21026,0.032071
21027,0.034059
21028,0.031800
21029,0.032790
21030,0.027855
21031,0.025377
21032,0.020236
21033,0.035878
21034,0.047017
21035,0.032474
21036,0.034948
21037,0.036925
21038,0.048702
21039,0.038895
21040,0.035697
21041,0.031576
21042,0.026376
21043,0.029804
21044,0.025656
21045,0.034091
21046,0.033206
21047,0.032686
21048,0.037735
21049,0.044664
21050,0.050577
21051,0.036407
21052,0.040848
21053,0.047624
21054,0.057827
21055,0.047902
21056,0.027948
21057,0.037959
21058,0.032211
21059,0.030464
21060,0.045250
21061,0.033638
21062,0.018352
21063,0.030084
21064,0.039389
21065,0.036262
21066,0.037431
21067,0.028644
21068,0.026742
21069,0.019863
21070,0.032065
21071,0.030341
21072,0.036307
21073,0.042614
21074,0.042481
21075,0.040291
21076,0.035298
21077,0.031872
21078,0.026373
21079,0.039542
21080,0.029784
21081,0.035602
21082,0.044178
21083,0.029990
21084,0.027484
21085,0.028136
21086,0.027743
21087,0.031919
21088,0.031636
21089,0.083986
21090,0.059383
21091,0.041930
21092,0.064266
21093,0.068143
21094,0.048806
21095,0.033220
21096,0.051629
21097,0.077522
21098,0.076259
21099,0.042588
21100,0.065685
21101,0.049620
21102,0.031557
21103,0.028504
21104,0.038697
21105,0.055433
21106,0.041627
21107,0.055591
21108,0.046764
21109,0.028594
21110,0.022001
21111,0.034083
21112,0.026545
21113,0.036165
21114,0.040885
21115,0.035859
21116,0.045737
21117,0.046281
21118,0.031901
21119,0.032255
21120,0.055141
21121,0.069795
21122,0.065080
21123,0.173069
21124,0.044695
21125,0.053168
21126,0.037341
21127,0.039216
21128,0.058796
21129,0.031148
21130,0.028267
21131,0.045182
21132,0.055770
21133,0.031533
21134,0.051407
21135,0.078900
21136,0.063287
21137,0.057028
21138,0.063483
21139,0.050889
21140,0.061969
21141,0.039935
21142,0.038456
21143,0.045990
21144,0.028236
21145,0.023059
21146,0.041394
21147,0.030565
21148,0.027470
21149,0.036725
21150,0.033108
21151,0.047640
21152,0.054107
21153,0.052973
21154,0.049386
21155,0.034438
21156,0.067901
21157,0.059363
21158,0.072832
21159,0.052317
21160,0.038763
21161,0.045461
21162,0.048543
21163,0.062530
21164,0.046484
21165,0.029710
21166,0.033370
21167,0.035760
21168,0.035898
21169,0.044566
21170,0.053859
21171,0.050320
21172,0.050468
21173,0.035269
21174,0.033156
21175,0.038667
21176,0.040562
21177,0.047704
21178,0.046626
21179,0.042950
21180,0.038904
21181,0.054752
21182,0.036345
21183,0.046793
21184,0.047632
21185,0.050978
21186,0.033424
21187,0.037336
21188,0.030547
21189,0.032345
21190,0.041698
21191,0.035912
21192,0.045043
21193,0.021926
21194,0.037565
21195,0.035090
21196,0.028914
21197,0.028863
21198,0.025402
21199,0.020927
21200,0.045226
21201,0.031235
21202,0.026984
21203,0.020265
21204,0.032313
21205,0.030458
21206,0.020507
21207,0.029704
21208,0.018166
21209,0.023971
21210,0.026466
21211,0.021946
21212,0.028209
21213,0.045144
21214,0.035434
21215,0.037852
21216,0.050334
21217,0.043924
21218,0.035167
21219,0.033266
21220,0.038441
21221,0.032784
21222,0.030943
21223,0.021422
21224,0.025997
21225,0.035660
21226,0.025290
21227,0.032450
21228,0.027777
21229,0.023745
21230,0.024824
21231,0.025506
21232,0.020373
21233,0.022786
21234,0.028656
21235,0.030626
21236,0.027070
21237,0.030530
21238,0.031985
21239,0.028734
21240,0.032885
21241,0.027148
21242,0.029212
21243,0.043122
21244,0.058986
21245,0.039746
21246,0.034647
21247,0.050223
21248,0.032469
21249,0.054196
21250,0.065095
21251,0.047518
21252,0.043527
21253,0.032955
21254,0.038774
21255,0.045735
21256,0.044017
21257,0.036120
21258,0.055181
21259,0.064461
21260,0.043442
21261,0.045870
21262,0.043364
21263,0.041111
21264,0.054902
21265,0.044419
21266,0.035546
21267,0.042263
21268,0.041923
21269,0.027883
21270,0.035374
21271,0.063548
21272,0.074051
21273,0.068577
21274,0.096124
21275,0.048809
21276,0.038584
21277,0.036335
21278,0.035655
21279,0.032097
21280,0.054687
21281,0.038003
21282,0.057123
21283,0.076000
21284,0.047567
21285,0.058617
21286,0.068285
21287,0.105663
21288,0.055871
21289,0.039904
21290,0.036157
21291,0.070193
21292,0.056160
21293,0.040101
21294,0.030680
21295,0.046262
21296,0.043446
21297,0.034858
21298,0.026514
21299,0.037902
21300,0.037838
21301,0.055816
21302,0.049707
21303,0.042491
21304,0.030085
21305,0.034891
21306,0.051881
21307,0.048497
21308,0.034464
21309,0.031650
21310,0.032814
21311,0.077968
21312,0.061630
21313,0.043868
21314,0.075341
21315,0.051856
21316,0.033681
21317,0.032726
21318,0.039577
21319,0.041462
21320,0.026780
21321,0.036690
21322,0.043174
21323,0.029426
21324,0.035289
21325,0.039996
21326,0.047926
21327,0.040523
21328,0.033481
21329,0.057902
21330,0.043690
21331,0.053753
21332,0.068458
21333,0.048817
21334,0.050422
21335,0.050876
21336,0.035164
21337,0.024620
21338,0.047330
21339,0.088343
21340,0.073259
21341,0.046193
21342,0.057165
21343,0.054634
21344,0.043146
21345,0.051210
21346,0.037718
21347,0.023601
21348,0.030652
21349,0.060533
21350,0.083485
21351,0.048110
21352,0.042161
21353,0.041756
21354,0.030794
21355,0.035683
21356,0.043634
21357,0.049195
21358,0.037560
21359,0.032359
21360,0.052980
21361,0.034750
21362,0.048203
21363,0.038521
21364,0.028377
21365,0.030001
21366,0.034258
21367,0.041336
21368,0.037721
21369,0.029231
21370,0.028479
21371,0.032621
21372,0.042014
21373,0.060703
21374,0.031116
21375,0.028966
21376,0.024303
21377,0.023002
21378,0.033122
21379,0.034968
21380,0.040699
21381,0.030939
21382,0.058731
21383,0.052843
21384,0.042648
21385,0.043462
21386,0.039902
21387,0.035113
21388,0.042483
21389,0.034653
21390,0.027211
21391,0.029340
21392,0.042395
21393,0.031995
21394,0.026334
21395,0.043732
21396,0.037460
21397,0.031432
21398,0.058619
21399,0.067560
21400,0.041616
21401,0.051563
21402,0.059771
21403,0.072669
21404,0.047747
21405,0.045255
21406,0.045420
21407,0.046422
21408,0.036408
21409,0.027935
21410,0.046564
21411,0.034660
21412,0.033342
21413,0.046010
21414,0.042998
21415,0.024779
21416,0.043042
21417,0.044548
21418,0.038129
21419,0.028931
21420,0.041430
21421,0.032901
21422,0.025641
21423,0.039717
21424,0.032419
21425,0.036399
21426,0.047198
21427,0.028137
21428,0.036794
21429,0.047119
21430,0.041004
21431,0.049109
21432,0.035440
21433,0.049482
21434,0.047641
21435,0.035548
21436,0.036618
21437,0.041027
21438,0.040648
21439,0.030340
21440,0.037336
21441,0.045125
21442,0.045587
21443,0.042591
21444,0.060999
21445,0.071718
21446,0.037359
21447,0.061185
21448,0.032694
21449,0.021595
21450,0.087687
21451,0.083101
21452,0.083911
21453,0.040724
21454,0.060926
21455,0.066710
21456,0.065823
21457,0.048309
21458,0.036464
21459,0.051480
21460,0.048823
21461,0.040883
21462,0.048163
21463,0.095798
21464,0.042479
21465,0.039013
21466,0.041587
21467,0.050592
21468,0.040791
21469,0.047693
21470,0.065901
21471,0.043386
21472,0.037366
21473,0.052902
21474,0.071968
21475,0.063355
21476,0.044684
21477,0.036957
21478,0.041655
21479,0.043241
21480,0.039447
21481,0.036303
21482,0.040990
21483,0.086151
21484,0.058688
21485,0.050141
21486,0.055644
21487,0.050650
21488,0.036552
21489,0.042050
21490,0.029346
21491,0.033800
21492,0.047326
21493,0.036027
21494,0.091074
21495,0.076324
21496,0.042267
21497,0.029629
21498,0.069790
21499,0.048933
21500,0.037028
21501,0.049269
21502,0.060801
21503,0.061093
21504,0.041931
21505,0.084446
21506,0.076564
21507,0.134155
21508,0.095919
21509,0.040309
21510,0.089144
21511,0.114361
21512,0.133593
21513,0.148553
21514,0.068080
21515,0.069096
21516,0.063510
21517,0.071703
21518,0.082486
21519,0.063329
21520,0.060073
21521,0.051651
21522,0.044316
21523,0.081169
21524,0.063117
21525,0.056323
21526,0.066559
21527,0.068106
21528,0.073006
21529,0.052834
21530,0.073352
21531,0.077390
21532,0.067678
21533,0.056408
21534,0.068763
21535,0.071930
21536,0.045086
21537,0.032060
21538,0.043929
21539,0.039094
21540,0.051524
21541,0.035665
21542,0.042990
21543,0.058356
21544,0.053585
21545,0.076265
21546,0.096678
21547,0.089411
21548,0.086616
21549,0.052288
21550,0.074539
21551,0.098829
21552,0.071331
21553,0.029784
21554,0.049351
21555,0.042237
21556,0.042960
21557,0.025157
21558,0.028612
21559,0.034775
21560,0.067240
21561,0.052696
21562,0.041896
21563,0.224468
21564,0.066679
21565,0.118337
21566,0.086107
21567,0.083496
21568,0.103977
21569,0.072819
21570,0.057806
21571,0.070186
21572,0.055336
21573,0.059092
21574,0.089863
21575,0.065967
21576,0.053140
21577,0.040231
21578,0.041946
21579,0.044110
21580,0.043389
21581,0.076154
21582,0.068887
21583,0.040111
21584,0.046751
21585,0.051359
21586,0.024666
21587,0.037224
21588,0.050293
21589,0.067159
21590,0.040014
21591,0.044532
21592,0.038750
21593,0.036211
21594,0.038651
21595,0.038599
21596,0.047556
21597,0.042596
21598,0.031617
21599,0.023630
21600,0.034098
21601,0.050566
21602,0.022131
21603,0.031691
21604,0.027723
21605,0.023058
21606,0.021602
21607,0.021447
21608,0.022853
21609,0.043960
21610,0.024020
21611,0.027231
21612,0.029437
21613,0.034779
21614,0.025431
21615,0.026274
21616,0.038769
21617,0.045521
21618,0.061553
21619,0.038459
21620,0.038400
21621,0.053507
21622,0.042930
21623,0.084361
21624,0.066278
21625,0.043633
21626,0.026248
21627,0.065674
21628,0.044873
21629,0.051383
21630,0.041836
21631,0.039460
21632,0.030539
21633,0.071704
21634,0.058065
21635,0.058343
21636,0.080103
21637,0.054041
21638,0.072098
21639,0.066835
21640,0.066375
21641,0.034375
21642,0.068726
21643,0.109393
21644,0.104147
21645,0.077861
21646,0.103398
21647,0.115754
21648,0.083034
21649,0.087103
21650,0.052754
21651,0.060075
21652,0.081394
21653,0.065704
21654,0.048804
21655,0.038982
21656,0.078660
21657,0.081534
21658,0.078390
21659,0.129755
21660,0.084475
21661,0.054411
21662,0.054412
21663,0.054791
21664,0.060944
21665,0.056531
21666,0.033074
21667,0.052567
21668,0.091273
21669,0.066697
21670,0.038298
21671,0.080344
21672,0.086912
21673,0.070542
21674,0.089296
21675,0.086261
21676,0.077495
21677,0.052770
21678,0.039905
21679,0.054728
21680,0.045449
21681,0.040487
21682,0.050773
21683,0.049873
21684,0.041210
21685,0.060498
21686,0.062231
21687,0.099491
21688,0.059640
21689,0.044711
21690,0.042602
21691,0.063431
21692,0.079362
21693,0.058684
21694,0.058846
21695,0.039991
21696,0.055207
21697,0.076848
21698,0.064106
21699,0.053125
21700,0.028127
21701,0.061282
21702,0.108095
21703,0.109906
21704,0.054528
21705,0.086917
21706,0.171120
21707,0.190258
21708,0.073196
21709,0.050999
21710,0.095256
21711,0.122828
21712,0.130450
21713,0.058617
21714,0.054306
21715,0.039760
21716,0.064212
21717,0.077229
21718,0.054780
21719,0.076226
21720,0.060567
21721,0.057085
21722,0.030584
21723,0.047544
21724,0.057437
21725,0.037676
21726,0.036319
21727,0.038331
21728,0.042899
21729,0.055888
21730,0.053492
21731,0.052295
21732,0.031821
21733,0.060542
21734,0.044328
21735,0.042758
21736,0.028455
21737,0.030101
21738,0.031617
21739,0.022846
21740,0.036399
21741,0.034644
21742,0.034819
21743,0.049868
21744,0.043050
21745,0.025743
21746,0.042677
21747,0.068575
21748,0.047904
21749,0.043108
21750,0.043153
21751,0.044333
21752,0.032502
21753,0.029720
21754,0.033779
21755,0.034678
21756,0.040413
21757,0.032282
21758,0.027102
21759,0.031910
21760,0.027484
21761,0.034560
21762,0.046379
21763,0.049526
21764,0.043036
21765,0.037956
21766,0.018458
21767,0.027448
21768,0.035122
21769,0.030324
21770,0.028230
21771,0.047120
21772,0.033393
21773,0.040547
21774,0.037719
21775,0.039277
21776,0.030705
21777,0.043368
21778,0.048442
21779,0.040420
21780,0.035787
21781,0.031862
21782,0.031340
21783,0.030330
21784,0.047814
21785,0.038105
21786,0.035638
21787,0.046192
21788,0.045018
21789,0.036885
21790,0.076462
21791,0.063931
21792,0.049726
21793,0.101474
21794,0.109167
21795,0.089848
21796,0.078042
21797,0.077537
21798,0.051346
21799,0.040846
21800,0.043288
21801,0.062890
21802,0.067079
21803,0.052831
21804,0.059246
21805,0.071641
21806,0.104285
21807,0.073904
21808,0.043571
21809,0.054526
21810,0.050193
21811,0.074013
21812,0.082500
21813,0.092201
21814,0.062305
21815,0.033390
21816,0.058157
21817,0.091711
21818,0.084970
21819,0.048125
21820,0.041102
21821,0.068750
21822,0.044160
21823,0.050890
21824,0.064706
21825,0.063298
21826,0.034253
21827,0.043711
21828,0.058628
21829,0.035920
21830,0.057806
21831,0.046855
21832,0.036472
21833,0.038306
21834,0.050348
21835,0.051576
21836,0.040537
21837,0.028043
21838,0.031897
21839,0.035523
21840,0.043899
21841,0.031844
21842,0.029668
21843,0.033851
21844,0.042973
21845,0.065289
21846,0.049315
21847,0.040935
21848,0.031100
21849,0.038070
21850,0.040079
21851,0.051274
21852,0.051695
21853,0.032404
21854,0.031612
21855,0.032508
21856,0.021702
21857,0.040036
21858,0.054041
21859,0.037300
21860,0.050354
21861,0.098539
21862,0.059871
21863,0.047813
21864,0.057327
21865,0.070405
21866,0.039191
21867,0.082552
21868,0.068268
21869,0.051083
21870,0.050308
21871,0.043009
21872,0.042666
21873,0.032448
21874,0.033172
21875,0.027583
21876,0.030451
21877,0.031292
21878,0.030197
21879,0.031900
21880,0.053224
21881,0.050351
21882,0.076951
21883,0.056044
21884,0.038814
21885,0.051439
21886,0.043348
21887,0.058572
21888,0.052970
21889,0.025025
21890,0.053936
21891,0.053845
21892,0.198601
21893,0.107845
21894,0.068849
21895,0.061686
21896,0.044192
21897,0.081807
21898,0.056909
21899,0.065443
21900,0.124106
21901,0.038104
21902,0.062586
21903,0.053232
21904,0.041654
21905,0.040430
21906,0.072850
21907,0.068709
21908,0.030319
21909,0.026491
21910,0.031723
21911,0.031497
21912,0.038735
21913,0.040396
21914,0.071855
21915,0.037934
21916,0.037039
21917,0.035888
21918,0.062588
21919,0.045294
21920,0.047812
21921,0.098473
21922,0.107755
21923,0.053647
21924,0.056617
21925,0.083322
21926,0.082259
21927,0.069560
21928,0.126746
21929,0.077002
21930,0.074176
21931,0.039007
21932,0.080314
21933,0.061305
21934,0.101506
21935,0.066383
21936,0.056612
21937,0.094579
21938,0.200826
21939,0.074433
21940,0.085842
21941,0.072580
21942,0.065034
21943,0.048485
21944,0.046498
21945,0.032145
21946,0.051349
21947,0.053572
21948,0.051570
21949,0.047048
21950,0.063253
21951,0.078264
21952,0.057555
21953,0.041508
21954,0.042997
21955,0.052862
21956,0.068113
21957,0.073648
21958,0.044406
21959,0.054746
21960,0.057524
21961,0.070278
21962,0.073887
21963,0.074528
21964,0.070520
21965,0.043413
21966,0.052031
21967,0.046262
21968,0.070219
21969,0.036325
21970,0.042521
21971,0.038839
21972,0.034136
21973,0.043153
21974,0.032929
21975,0.024026
21976,0.057925
21977,0.041162
21978,0.025305
21979,0.042671
21980,0.079481
21981,0.059408
21982,0.057635
21983,0.053044
21984,0.070346
21985,0.061207
21986,0.065994
21987,0.049187
21988,0.048992
21989,0.049676
21990,0.062599
21991,0.132502
21992,0.065265
21993,0.025543
21994,0.038889
21995,0.060552
21996,0.045236
21997,0.056320
21998,0.053875
21999,0.042239
22000,0.040168
22001,0.068584
22002,0.049508
22003,0.050049
22004,0.044892
22005,0.035753
22006,0.050292
22007,0.040899
22008,0.069156
22009,0.025483
22010,0.028610
22011,0.044250
22012,0.043687
22013,0.049949
22014,0.046312
22015,0.043140
22016,0.058756
22017,0.069085
22018,0.117856
22019,0.098944
22020,0.105418
22021,0.048599
22022,0.086898
22023,0.108728
22024,0.082348
22025,0.045998
22026,0.074962
22027,0.072268
22028,0.077659
22029,0.064730
22030,0.048212
22031,0.072122
22032,0.061037
22033,0.044474
22034,0.057817
22035,0.049164
22036,0.046848
22037,0.064890
22038,0.089275
22039,0.055289
22040,0.054032
22041,0.049461
22042,0.042063
22043,0.044034
22044,0.133409
22045,0.103979
22046,0.067439
22047,0.057628
22048,0.092979
22049,0.130337
22050,0.128217
22051,0.086278
22052,0.095821
22053,0.108733
22054,0.065298
22055,0.053472
22056,0.049266
22057,0.090751
22058,0.044008
22059,0.053708
22060,0.041639
22061,0.080031
22062,0.068576
22063,0.060631
22064,0.054322
22065,0.061341
22066,0.052169
22067,0.030279
22068,0.042497
22069,0.042509
22070,0.046801
22071,0.037104
22072,0.075418
22073,0.046430
22074,0.032903
22075,0.044567
22076,0.099911
22077,0.067882
22078,0.058003
22079,0.030597
22080,0.047172
22081,0.065708
22082,0.050558
22083,0.058076
22084,0.058594
22085,0.083602
22086,0.062940
22087,0.043258
22088,0.054511
22089,0.042481
22090,0.037939
22091,0.027333
22092,0.020806
22093,0.024481
22094,0.033938
22095,0.026879
22096,0.031025
22097,0.025555
22098,0.026079
22099,0.031056
22100,0.031355
22101,0.020946
22102,0.036610
22103,0.024247
22104,0.025166
22105,0.036407
22106,0.032730
22107,0.031409
22108,0.018738
22109,0.031918
22110,0.034503
22111,0.026754
22112,0.023440
22113,0.033876
22114,0.032207
22115,0.042178
22116,0.047086
22117,0.056445
22118,0.054675
22119,0.042170
22120,0.034462
22121,0.037149
22122,0.025035
22123,0.036891
22124,0.042947
22125,0.047387
22126,0.063630
22127,0.039899
22128,0.029243
22129,0.028888
22130,0.042052
22131,0.028542
22132,0.028593
22133,0.029536
22134,0.029705
22135,0.037800
22136,0.033300
22137,0.028242
22138,0.025797
22139,0.034343
22140,0.033977
22141,0.041285
22142,0.039272
22143,0.022649
22144,0.052822
22145,0.064782
22146,0.043245
22147,0.033698
22148,0.040173
22149,0.040839
22150,0.066984
22151,0.051183
22152,0.051945
22153,0.043464
22154,0.203625
22155,0.209607
22156,0.077650
22157,0.031554
22158,0.035246
22159,0.092123
22160,0.077775
22161,0.052846
22162,0.054341
22163,0.056863
22164,0.061770
22165,0.039012
22166,0.044196
22167,0.053804
22168,0.036456
22169,0.036084
22170,0.049695
22171,0.044696
22172,0.032842
22173,0.048272
22174,0.062349
22175,0.090947
22176,0.126752
22177,0.084732
22178,0.039187
22179,0.043387
22180,0.051570
22181,0.055539
22182,0.033709
22183,0.035068
22184,0.069221
22185,0.045548
22186,0.047646
22187,0.039130
22188,0.050321
22189,0.092513
22190,0.078479
22191,0.053439
22192,0.055032
22193,0.054819
22194,0.056067
22195,0.045713
22196,0.052890
22197,0.021519
22198,0.030796
22199,0.029879
22200,0.028633
22201,0.039169
22202,0.049052
22203,0.036528
22204,0.025679
22205,0.035205
22206,0.039820
22207,0.033428
22208,0.034937
22209,0.060675
22210,0.050024
22211,0.044928
22212,0.035223
22213,0.038426
22214,0.053225
22215,0.049347
22216,0.046685
22217,0.040733
22218,0.053168
22219,0.077227
22220,0.066237
22221,0.076127
22222,0.044050
22223,0.046928
22224,0.039073
22225,0.030176
22226,0.031864
22227,0.045817
22228,0.038320
22229,0.030726
22230,0.038387
22231,0.037489
22232,0.049684
22233,0.041355
22234,0.036265
22235,0.029555
22236,0.031460
22237,0.019433
22238,0.028521
22239,0.053586
22240,0.046038
22241,0.024999
22242,0.047937
22243,0.046009
22244,0.044996
22245,0.032637
22246,0.038330
22247,0.033521
22248,0.023562
22249,0.035049
22250,0.028163
22251,0.031466
22252,0.024733
22253,0.023035
22254,0.031690
22255,0.019010
22256,0.028178
22257,0.026959
22258,0.025094
22259,0.019315
22260,0.030900
22261,0.038209
22262,0.026284
22263,0.032968
22264,0.044916
22265,0.037746
22266,0.042398
22267,0.036128
22268,0.038411
22269,0.042942
22270,0.033703
22271,0.036988
22272,0.030607
22273,0.030237
22274,0.033643
22275,0.030330
22276,0.025251
22277,0.023812
22278,0.031270
22279,0.018833
22280,0.035653
22281,0.034539
22282,0.027574
22283,0.027326
22284,0.046222
22285,0.031294
22286,0.026334
22287,0.025571
22288,0.038516
22289,0.026650
22290,0.035276
22291,0.032541
22292,0.026632
22293,0.025977
22294,0.035599
22295,0.038823
22296,0.039751
22297,0.034196
22298,0.026826
22299,0.028139
22300,0.029167
22301,0.052076
22302,0.045623
22303,0.026456
22304,0.019118
22305,0.026916
22306,0.026691
22307,0.026568
22308,0.026114
22309,0.020662
22310,0.030129
22311,0.024222
22312,0.028189
22313,0.040211
22314,0.024118
22315,0.030063
22316,0.041538
22317,0.026662
22318,0.020058
22319,0.020911
22320,0.033613
22321,0.032131
22322,0.029108
22323,0.036119
22324,0.038834
22325,0.053523
22326,0.040960
22327,0.028858
22328,0.033424
22329,0.034348
22330,0.035888
22331,0.035921
22332,0.044377
22333,0.040286
22334,0.046463
22335,0.045745
22336,0.057606
22337,0.035337
22338,0.041956
22339,0.045617
22340,0.033122
22341,0.026835
22342,0.047256
22343,0.037317
22344,0.028182
22345,0.019815
22346,0.023851
22347,0.029766
22348,0.025187
22349,0.027741
22350,0.027891
22351,0.044115
22352,0.030263
22353,0.050371
22354,0.054343
22355,0.047443
22356,0.067991
22357,0.051084
22358,0.078570
22359,0.033219
22360,0.081394
22361,0.076667
22362,0.065334
22363,0.030484
22364,0.049148
22365,0.042286
22366,0.038691
22367,0.033440
22368,0.053837
22369,0.044084
22370,0.034407
22371,0.061453
22372,0.059820
22373,0.039117
22374,0.030799
22375,0.039716
22376,0.028750
22377,0.046072
22378,0.035024
22379,0.056472
22380,0.027993
22381,0.033590
22382,0.029619
22383,0.023451
22384,0.027754
22385,0.039794
22386,0.037646
22387,0.023442
22388,0.027093
22389,0.020518
22390,0.026287
22391,0.033033
22392,0.016449
22393,0.057628
22394,0.043313
22395,0.030741
22396,0.024595
22397,0.032567
22398,0.033741
22399,0.049775
22400,0.047722
22401,0.041789
22402,0.104256
22403,0.043018
22404,0.044933
22405,0.032159
22406,0.041537
22407,0.037219
22408,0.031423
22409,0.024835
22410,0.051057
22411,0.074429
22412,0.066893
22413,0.058494
22414,0.081318
22415,0.044203
22416,0.030706
22417,0.067029
22418,0.093814
22419,0.090113
22420,0.153533
22421,0.057032
22422,0.057931
22423,0.081414
22424,0.037072
22425,0.052080
22426,0.089295
22427,0.048500
22428,0.027278
22429,0.024203
22430,0.033480
22431,0.036567
22432,0.020878
22433,0.045068
22434,0.017276
22435,0.025007
22436,0.033534
22437,0.030224
22438,0.043515
22439,0.034941
22440,0.030441
22441,0.040556
22442,0.037770
22443,0.038799
22444,0.039020
22445,0.031142
22446,0.025692
22447,0.030819
22448,0.019669
22449,0.022429
22450,0.040497
22451,0.049423
22452,0.034163
22453,0.027793
22454,0.023246
22455,0.024848
22456,0.035909
22457,0.044154
22458,0.032255
22459,0.033609
22460,0.035807
22461,0.029663
22462,0.034477
22463,0.032781
22464,0.024005
22465,0.035377
22466,0.039589
22467,0.020967
22468,0.029701
22469,0.042009
22470,0.045730
22471,0.024956
22472,0.027507
22473,0.029902
22474,0.028033
22475,0.025522
22476,0.022707
22477,0.024066
22478,0.030971
22479,0.020792
22480,0.018501
22481,0.021075
22482,0.039716
22483,0.029593
22484,0.047836
22485,0.047700
22486,0.025750
22487,0.049737
22488,0.079389
22489,0.070279
22490,0.077492
22491,0.057452
22492,0.074948
22493,0.039793
22494,0.068706
22495,0.062139
22496,0.053306
22497,0.043390
22498,0.065340
22499,0.079918
22500,0.045203
22501,0.028599
22502,0.041422
22503,0.033612
22504,0.031269
22505,0.025371
22506,0.037042
22507,0.035825
22508,0.050130
22509,0.040570
22510,0.047322
22511,0.083884
22512,0.058939
22513,0.050980
22514,0.041451
22515,0.073621
22516,0.052035
22517,0.022199
22518,0.038231
22519,0.037296
22520,0.041174
22521,0.040512
22522,0.055699
22523,0.027002
22524,0.028555
22525,0.035967
22526,0.027147
22527,0.021694
22528,0.030174
22529,0.019019
22530,0.032571
22531,0.033691
22532,0.041718
22533,0.028545
22534,0.038604
22535,0.029728
22536,0.028040
22537,0.033006
22538,0.028731
22539,0.024058
22540,0.030168
22541,0.033439
22542,0.034095
22543,0.035652
22544,0.031078
22545,0.029886
22546,0.039442
22547,0.024860
22548,0.031700
22549,0.025130
22550,0.018898
22551,0.028234
22552,0.036119
22553,0.027525
22554,0.032598
22555,0.045283
22556,0.029899
22557,0.028735
22558,0.039413
22559,0.030988
22560,0.040287
22561,0.042638
22562,0.053409
22563,0.058094
22564,0.064800
22565,0.028465
22566,0.062897
22567,0.057209
22568,0.046770
22569,0.031470
22570,0.036891
22571,0.042979
22572,0.036567
22573,0.046910
22574,0.046511
22575,0.046342
22576,0.040373
22577,0.062923
22578,0.057101
22579,0.043453
22580,0.046850
22581,0.056627
22582,0.052753
22583,0.045729
22584,0.067397
22585,0.043935
22586,0.037413
22587,0.049707
22588,0.052940
22589,0.038247
22590,0.033308
22591,0.049705
22592,0.063274
22593,0.051622
22594,0.072249
22595,0.050527
22596,0.033127
22597,0.030383
22598,0.043210
22599,0.045275
22600,0.033287
22601,0.049303
22602,0.042565
22603,0.044022
22604,0.036845
22605,0.036129
22606,0.036518
22607,0.041130
22608,0.024717
22609,0.033335
22610,0.034252
22611,0.045634
22612,0.047823
22613,0.043940
22614,0.036313
22615,0.031288
22616,0.028307
22617,0.022363
22618,0.032340
22619,0.059442
22620,0.032946
22621,0.025939
22622,0.047446
22623,0.047755
22624,0.042490
22625,0.034693
22626,0.032291
22627,0.029177
22628,0.044344
22629,0.042303
22630,0.037429
22631,0.031032
22632,0.031360
22633,0.034848
22634,0.042360
22635,0.027989
22636,0.063634
22637,0.053329
22638,0.055294
22639,0.054092
22640,0.077289
22641,0.056156
22642,0.035594
22643,0.037445
22644,0.031022
22645,0.033547
22646,0.038544
22647,0.069762
22648,0.039939
22649,0.039076
22650,0.064765
22651,0.044425
22652,0.016987
22653,0.059292
22654,0.082807
22655,0.072206
22656,0.065653
22657,0.055857
22658,0.083509
22659,0.087713
22660,0.036979
22661,0.043320
22662,0.063120
22663,0.061499
22664,0.037861
22665,0.037146
22666,0.035225
22667,0.032431
22668,0.027990
22669,0.024274
22670,0.030742
22671,0.025698
22672,0.032492
22673,0.025393
22674,0.028245
22675,0.027992
22676,0.032955
22677,0.025651
22678,0.025285
22679,0.023124
22680,0.031631
22681,0.027917
22682,0.034527
22683,0.028214
22684,0.026048
22685,0.024528
22686,0.045480
22687,0.030281
22688,0.034589
22689,0.037471
22690,0.024919
22691,0.026007
22692,0.025402
22693,0.026136
22694,0.026481
22695,0.034606
22696,0.031342
22697,0.019598
22698,0.023235
22699,0.029646
22700,0.027186
22701,0.042134
22702,0.037200
22703,0.027679
22704,0.049449
22705,0.045041
22706,0.043142
22707,0.078888
22708,0.092193
22709,0.034926
22710,0.034178
22711,0.051953
22712,0.039082
22713,0.027907
22714,0.036245
22715,0.036883
22716,0.023940
22717,0.052026
22718,0.034492
22719,0.030090
22720,0.032476
22721,0.032239
22722,0.031981
22723,0.046380
22724,0.041150
22725,0.040541
22726,0.047891
22727,0.074994
22728,0.071603
22729,0.059934
22730,0.088071
22731,0.032200
22732,0.042980
22733,0.049571
22734,0.051371
22735,0.029281
22736,0.035222
22737,0.034478
22738,0.026838
22739,0.029147
22740,0.048524
22741,0.034205
22742,0.038165
22743,0.072549
22744,0.038190
22745,0.034390
22746,0.040496
22747,0.035757
22748,0.032914
22749,0.025144
22750,0.051998
22751,0.072382
22752,0.053167
22753,0.038038
22754,0.052390
22755,0.054033
22756,0.039845
22757,0.040844
22758,0.044170
22759,0.046196
22760,0.023108
22761,0.023091
22762,0.046709
22763,0.030277
22764,0.032599
22765,0.042661
22766,0.048471
22767,0.028482
22768,0.034487
22769,0.064058
22770,0.046696
22771,0.083741
22772,0.086145
22773,0.104593
22774,0.084072
22775,0.033608
22776,0.073670
22777,0.110014
22778,0.103380
22779,0.033750
22780,0.049210
22781,0.039636
22782,0.035501
22783,0.047431
22784,0.057347
22785,0.040615
22786,0.035457
22787,0.035442
22788,0.042703
22789,0.065228
22790,0.046060
22791,0.024454
22792,0.029443
22793,0.026987
22794,0.043471
22795,0.032667
22796,0.050665
22797,0.022483
22798,0.045103
22799,0.031157
22800,0.038118
22801,0.020038
22802,0.025632
22803,0.055157
22804,0.048644
22805,0.060560
22806,0.024371
22807,0.091184
22808,0.125663
22809,0.088514
22810,0.057655
22811,0.033072
22812,0.061934
22813,0.038093
22814,0.039676
22815,0.044061
22816,0.045275
22817,0.038775
22818,0.030488
22819,0.036448
22820,0.038242
22821,0.038103
22822,0.037893
22823,0.033815
22824,0.025985
22825,0.021406
22826,0.023454
22827,0.025510
22828,0.022597
22829,0.030070
22830,0.034850
22831,0.029644
22832,0.029743
22833,0.027342
22834,0.033369
22835,0.059917
22836,0.086424
22837,0.058599
22838,0.053459
22839,0.044853
22840,0.040309
22841,0.033920
22842,0.105917
22843,0.058150
22844,0.042717
22845,0.043219
22846,0.067326
22847,0.047721
22848,0.047448
22849,0.072033
22850,0.069905
22851,0.036845
22852,0.035921
22853,0.071675
22854,0.056147
22855,0.036496
22856,0.037924
22857,0.026030
22858,0.030687
22859,0.033307
22860,0.072252
22861,0.048676
22862,0.024409
22863,0.035862
22864,0.027432
22865,0.033448
22866,0.048807
22867,0.043843
22868,0.048200
22869,0.031140
22870,0.037447
22871,0.061485
22872,0.050613
22873,0.036670
22874,0.030412
22875,0.046291
22876,0.028182
22877,0.032742
22878,0.035444
22879,0.051765
22880,0.043144
22881,0.027299
22882,0.031047
22883,0.025537
22884,0.040080
22885,0.035730
22886,0.061931
22887,0.045238
22888,0.057254
22889,0.051485
22890,0.047826
22891,0.029867
22892,0.025825
22893,0.034752
22894,0.031964
22895,0.051440
22896,0.037150
22897,0.031292
22898,0.045660
22899,0.026541
22900,0.038847
22901,0.037665
22902,0.045660
22903,0.036720
22904,0.047087
22905,0.037102
22906,0.038592
22907,0.048798
22908,0.028578
22909,0.037902
22910,0.027391
22911,0.036107
22912,0.039267
22913,0.026171
22914,0.022400
22915,0.030784
22916,0.031009
22917,0.025797
22918,0.022185
22919,0.024858
22920,0.025344
22921,0.050573
22922,0.042183
22923,0.056733
22924,0.047784
22925,0.073523
22926,0.101395
22927,0.041207
22928,0.034034
22929,0.067854
22930,0.108207
22931,0.067439
22932,0.066506
22933,0.071309
22934,0.117885
22935,0.065257
22936,0.034900
22937,0.068178
22938,0.096455
22939,0.090067
22940,0.051340
22941,0.037830
22942,0.102625
22943,0.131484
22944,0.112426
22945,0.064334
22946,0.079726
22947,0.084262
22948,0.064437
22949,0.063939
22950,0.045830
22951,0.044875
22952,0.101681
22953,0.052259
22954,0.024513
22955,0.028536
22956,0.057013
22957,0.088416
22958,0.037180
22959,0.030514
22960,0.027363
22961,0.035154
22962,0.050781
22963,0.047722
22964,0.047546
22965,0.070743
22966,0.044680
22967,0.056040
22968,0.067121
22969,0.036962
22970,0.034761
22971,0.026309
22972,0.031223
22973,0.038635
22974,0.052090
22975,0.058233
22976,0.037789
22977,0.039490
22978,0.053716
22979,0.030599
22980,0.041368
22981,0.074183
22982,0.069188
22983,0.043091
22984,0.068473
22985,0.084408
22986,0.102963
22987,0.107405
22988,0.058158
22989,0.040951
22990,0.090990
22991,0.106989
22992,0.062618
22993,0.039097
22994,0.032615
22995,0.043225
22996,0.036141
22997,0.041629
22998,0.027802
22999,0.036035
23000,0.046491
23001,0.031658
23002,0.028372
23003,0.056298
23004,0.030910
23005,0.030349
23006,0.041382
23007,0.047585
23008,0.031355
23009,0.026094
23010,0.043102
23011,0.048138
23012,0.040017
23013,0.034758
23014,0.030450
23015,0.030874
23016,0.027475
23017,0.045066
23018,0.042778
23019,0.051685
23020,0.035827
23021,0.052883
23022,0.050117
23023,0.046245
23024,0.041673
23025,0.038232
23026,0.027204
23027,0.041550
23028,0.030358
23029,0.038695
23030,0.051447
23031,0.061571
23032,0.043492
23033,0.037329
23034,0.090774
23035,0.125869
23036,0.125883
23037,0.092155
23038,0.063042
23039,0.059162
23040,0.073150
23041,0.082506
23042,0.060287
23043,0.066668
23044,0.043614
23045,0.035861
23046,0.040591
23047,0.047598
23048,0.067105
23049,0.046074
23050,0.041947
23051,0.059910
23052,0.036017
23053,0.056057
23054,0.041703
23055,0.042498
23056,0.025281
23057,0.029222
23058,0.023274
23059,0.059802
23060,0.068335
23061,0.056184
23062,0.054091
23063,0.026497
23064,0.051835
23065,0.065139
23066,0.055841
23067,0.066711
23068,0.035178
23069,0.033859
23070,0.068866
23071,0.049229
23072,0.033690
23073,0.080784
23074,0.039893
23075,0.049613
23076,0.042632
23077,0.046812
23078,0.037354
23079,0.036475
23080,0.064824
23081,0.046405
23082,0.064781
23083,0.073881
23084,0.056613
23085,0.019383
23086,0.050557
23087,0.067913
23088,0.105216
23089,0.050591
23090,0.040015
23091,0.056925
23092,0.042462
23093,0.039820
23094,0.041494
23095,0.051304
23096,0.027663
23097,0.050107
23098,0.071738
23099,0.052432
23100,0.040457
23101,0.043277
23102,0.060675
23103,0.041670
23104,0.041488
23105,0.053132
23106,0.040688
23107,0.062457
23108,0.034453
23109,0.042710
23110,0.039872
23111,0.022500
23112,0.024453
23113,0.047007
23114,0.039083
23115,0.090079
23116,0.052730
23117,0.078082
23118,0.056105
23119,0.040137
23120,0.036873
23121,0.051251
23122,0.037031
23123,0.029359
23124,0.035257
23125,0.041023
23126,0.031682
23127,0.044390
23128,0.058831
23129,0.029830
23130,0.031919
23131,0.039911
23132,0.030488
23133,0.040017
23134,0.034237
23135,0.025827
23136,0.043510
23137,0.036599
23138,0.057954
23139,0.047961
23140,0.046346
23141,0.047429
23142,0.054700
23143,0.034067
23144,0.036610
23145,0.059029
23146,0.056522
23147,0.062811
23148,0.061070
23149,0.043368
23150,0.049998
23151,0.035510
23152,0.034863
23153,0.056096
23154,0.040358
23155,0.039736
23156,0.027183
23157,0.023388
23158,0.033244
23159,0.035406
23160,0.041981
23161,0.029002
23162,0.052817
23163,0.025540
23164,0.030081
23165,0.041314
23166,0.041198
23167,0.080962
23168,0.046321
23169,0.042650
23170,0.045641
23171,0.029895
23172,0.040761
23173,0.045501
23174,0.040356
23175,0.028844
23176,0.041540
23177,0.045695
23178,0.052627
23179,0.039500
23180,0.048357
23181,0.055946
23182,0.040590
23183,0.033435
23184,0.025988
23185,0.024147
23186,0.044981
23187,0.048767
23188,0.049035
23189,0.032919
23190,0.054027
23191,0.106697
23192,0.058283
23193,0.054523
23194,0.044182
23195,0.035172
23196,0.024673
23197,0.034407
23198,0.031641
23199,0.050449
23200,0.044011
23201,0.027865
23202,0.048409
23203,0.039655
23204,0.040652
23205,0.033228
23206,0.030614
23207,0.049438
23208,0.046674
23209,0.037232
23210,0.037266
23211,0.043926
23212,0.033919
23213,0.041270
23214,0.030714
23215,0.045301
23216,0.099851
23217,0.045988
23218,0.045123
23219,0.036718
23220,0.054754
23221,0.050155
23222,0.053765
23223,0.041504
23224,0.044361
23225,0.051610
23226,0.025979
23227,0.028566
23228,0.059511
23229,0.062818
23230,0.051721
23231,0.049725
23232,0.054195
23233,0.050692
23234,0.068078
23235,0.030592
23236,0.057043
23237,0.072968
23238,0.076076
23239,0.098990
23240,0.101911
23241,0.061851
23242,0.043318
23243,0.054017
23244,0.100886
23245,0.029886
23246,0.049590
23247,0.044232
23248,0.045219
23249,0.043515
23250,0.051453
23251,0.037256
23252,0.044290
23253,0.029371
23254,0.025681
23255,0.040945
23256,0.037569
23257,0.114875
23258,0.043405
23259,0.041938
23260,0.038012
23261,0.056076
23262,0.070610
23263,0.046246
23264,0.030612
23265,0.045397
23266,0.040511
23267,0.027302
23268,0.029740
23269,0.036335
23270,0.036274
23271,0.042594
23272,0.046481
23273,0.044877
23274,0.042632
23275,0.045630
23276,0.077698
23277,0.075406
23278,0.054875
23279,0.037241
23280,0.060572
23281,0.046979
23282,0.047375
23283,0.039402
23284,0.044386
23285,0.028653
23286,0.037731
23287,0.036391
23288,0.074566
23289,0.041015
23290,0.027264
23291,0.028548
23292,0.036031
23293,0.030084
23294,0.021972
23295,0.040871
23296,0.033187
23297,0.027276
23298,0.042779
23299,0.032325
23300,0.042147
23301,0.047160
23302,0.033951
23303,0.048724
23304,0.039623
23305,0.028974
23306,0.045391
23307,0.049265
23308,0.044551
23309,0.033545
23310,0.028899
23311,0.041440
23312,0.026029
23313,0.039800
23314,0.044978
23315,0.029703
23316,0.024444
23317,0.051693
23318,0.029607
23319,0.027401
23320,0.030471
23321,0.053803
23322,0.032883
23323,0.053637
23324,0.045361
23325,0.046299
23326,0.028393
23327,0.027376
23328,0.049211
23329,0.026282
23330,0.036048
23331,0.065042
23332,0.039157
23333,0.029808
23334,0.028177
23335,0.019415
23336,0.039550
23337,0.076978
23338,0.053677
23339,0.031907
23340,0.031871
23341,0.029682
23342,0.034017
23343,0.019130
23344,0.033847
23345,0.094240
23346,0.040122
23347,0.047225
23348,0.051395
23349,0.033204
23350,0.037882
23351,0.024803
23352,0.025595
23353,0.025678
23354,0.023766
23355,0.028434
23356,0.022813
23357,0.034293
23358,0.118304
23359,0.118439
23360,0.103493
23361,0.045166
23362,0.044139
23363,0.037637
23364,0.050142
23365,0.053547
23366,0.040038
23367,0.036594
23368,0.038345
23369,0.031539
23370,0.036134
23371,0.042763
23372,0.026056
23373,0.049495
23374,0.058223
23375,0.069081
23376,0.034095
23377,0.028670
23378,0.058721
23379,0.062153
23380,0.038309
23381,0.044315
23382,0.042482
23383,0.045657
23384,0.037923
23385,0.030008
23386,0.049454
23387,0.041989
23388,0.052895
23389,0.033702
23390,0.047709
23391,0.046395
23392,0.044699
23393,0.047589
23394,0.031700
23395,0.022458
23396,0.026474
23397,0.023525
23398,0.027174
23399,0.043360
23400,0.031974
23401,0.024646
23402,0.021604
23403,0.029329
23404,0.026927
23405,0.034127
23406,0.024152
23407,0.031165
23408,0.041405
23409,0.038405
23410,0.047663
23411,0.051693
23412,0.037679
23413,0.047189
23414,0.050190
23415,0.069406
23416,0.063333
23417,0.038974
23418,0.040219
23419,0.039924
23420,0.022533
23421,0.041080
23422,0.057154
23423,0.065636
23424,0.024947
23425,0.045355
23426,0.038798
23427,0.028729
23428,0.026583
23429,0.033155
23430,0.022818
23431,0.026802
23432,0.029591
23433,0.021207
23434,0.023196
23435,0.031527
23436,0.026654
23437,0.032847
23438,0.041267
23439,0.035836
23440,0.027452
23441,0.035043
23442,0.033143
23443,0.025124
23444,0.024646
23445,0.022964
23446,0.022145
23447,0.024029
23448,0.023973
23449,0.024796
23450,0.022942
23451,0.024733
23452,0.031125
23453,0.027328
23454,0.022216
23455,0.027748
23456,0.026023
23457,0.022497
23458,0.026365
23459,0.036517
23460,0.024234
23461,0.019489
23462,0.014137
23463,0.018666
23464,0.016939
23465,0.019826
23466,0.018668
23467,0.018227
23468,0.022765
23469,0.025747
23470,0.017299
23471,0.025544
23472,0.030867
23473,0.024239
23474,0.033068
23475,0.039158
23476,0.041402
23477,0.029847
23478,0.046321
23479,0.067446
23480,0.060892
23481,0.052161
23482,0.065003
23483,0.046081
23484,0.044601
23485,0.041016
23486,0.033868
23487,0.032966
23488,0.045410
23489,0.046688
23490,0.022367
23491,0.022559
23492,0.027398
23493,0.034328
23494,0.028903
23495,0.038954
23496,0.026632
23497,0.038564
23498,0.065832
23499,0.053762
23500,0.032033
23501,0.042312
23502,0.030774
23503,0.016849
23504,0.019873
23505,0.031567
23506,0.019986
23507,0.032925
23508,0.039702
23509,0.025381
23510,0.022717
23511,0.015496
23512,0.017893
23513,0.034176
23514,0.037757
23515,0.029149
23516,0.030606
23517,0.038723
23518,0.039344
23519,0.036235
23520,0.035949
23521,0.042898
23522,0.065881
23523,0.032160
23524,0.026213
23525,0.046173
23526,0.035528
23527,0.030930
23528,0.051815
23529,0.044800
23530,0.043634
23531,0.020146
23532,0.026695
23533,0.044620
23534,0.025466
23535,0.024053
23536,0.032592
23537,0.044227
23538,0.022931
23539,0.034571
23540,0.050141
23541,0.029737
23542,0.035488
23543,0.053006
23544,0.046020
23545,0.020888
23546,0.036415
23547,0.033777
23548,0.035322
23549,0.020588
23550,0.029474
23551,0.039055
23552,0.037906
23553,0.025063
23554,0.028302
23555,0.033197
23556,0.028354
23557,0.029517
23558,0.036328
23559,0.025498
23560,0.031528
23561,0.037446
23562,0.035974
23563,0.044650
23564,0.043308
23565,0.060822
23566,0.048334
23567,0.054214
23568,0.038003
23569,0.021869
23570,0.030298
23571,0.044776
23572,0.047667
23573,0.045316
23574,0.075282
23575,0.054374
23576,0.040092
23577,0.060712
23578,0.047693
23579,0.020792
23580,0.021032
23581,0.022836
23582,0.032247
23583,0.045024
23584,0.029995
23585,0.028815
23586,0.034375
23587,0.026195
23588,0.030794
23589,0.048170
23590,0.037747
23591,0.025757
23592,0.023998
23593,0.062052
23594,0.023004
23595,0.018805
23596,0.030156
23597,0.026407
23598,0.023820
23599,0.021611
23600,0.016644
23601,0.028403
23602,0.036329
23603,0.024650
23604,0.033314
23605,0.030991
23606,0.022990
23607,0.032526
23608,0.030996
23609,0.039954
23610,0.047354
23611,0.048841
23612,0.033367
23613,0.048271
23614,0.025822
23615,0.031472
23616,0.022508
23617,0.030287
23618,0.027868
23619,0.026349
23620,0.018205
23621,0.022478
23622,0.036683
23623,0.031156
23624,0.030461
23625,0.033373
23626,0.031840
23627,0.029021
23628,0.060178
23629,0.040681
23630,0.026738
23631,0.041575
23632,0.032390
23633,0.049214
23634,0.034334
23635,0.022052
23636,0.027283
23637,0.044621
23638,0.039654
23639,0.029664
23640,0.040359
23641,0.025956
23642,0.039226
23643,0.053000
23644,0.045658
23645,0.034519
23646,0.049425
23647,0.036062
23648,0.037689
23649,0.046698
23650,0.048735
23651,0.035032
23652,0.028278
23653,0.038479
23654,0.050768
23655,0.041439
23656,0.036547
23657,0.046560
23658,0.033293
23659,0.025772
23660,0.034971
23661,0.030969
23662,0.034267
23663,0.034615
23664,0.029830
23665,0.031379
23666,0.046682
23667,0.026863
23668,0.024765
23669,0.035179
23670,0.043508
23671,0.047138
23672,0.048738
23673,0.052374
23674,0.037883
23675,0.040890
23676,0.023869
23677,0.036802
23678,0.025652
23679,0.031905
23680,0.022321
23681,0.021926
23682,0.032151
23683,0.034289
23684,0.025899
23685,0.020259
23686,0.026119
23687,0.023255
23688,0.046258
23689,0.033364
23690,0.028563
23691,0.030905
23692,0.045288
23693,0.023912
23694,0.020827
23695,0.017811
23696,0.022451
23697,0.019701
23698,0.024234
23699,0.022682
23700,0.022914
23701,0.018793
23702,0.027845
23703,0.021557
23704,0.015270
23705,0.025641
23706,0.026398
23707,0.030380
23708,0.026615
23709,0.025504
23710,0.031363
23711,0.025027
23712,0.021631
23713,0.025255
23714,0.018847
23715,0.023395
23716,0.047058
23717,0.029028
23718,0.027943
23719,0.035248
23720,0.021463
23721,0.027609
23722,0.032182
23723,0.020185
23724,0.023839
23725,0.021562
23726,0.020862
23727,0.018842
23728,0.026292
23729,0.024688
23730,0.030136
23731,0.028696
23732,0.029606
23733,0.027232
23734,0.020011
23735,0.018095
23736,0.018452
23737,0.019704
23738,0.020892
23739,0.026339
23740,0.026511
23741,0.030035
23742,0.018550
23743,0.016499
23744,0.021854
23745,0.026424
23746,0.040980
23747,0.046232
23748,0.019746
23749,0.052700
23750,0.042399
23751,0.036431
23752,0.028193
23753,0.042088
23754,0.041794
23755,0.026302
23756,0.021983
23757,0.047458
23758,0.029310
23759,0.027966
23760,0.047283
23761,0.054035
23762,0.036715
23763,0.027904
23764,0.058472
23765,0.060829
23766,0.041618
23767,0.029211
23768,0.058650
23769,0.046895
23770,0.028455
23771,0.030279
23772,0.026895
23773,0.022919
23774,0.020553
23775,0.024917
23776,0.021683
23777,0.026982
23778,0.039841
23779,0.043639
23780,0.031916
23781,0.027832
23782,0.035584
23783,0.027939
23784,0.062090
23785,0.039210
23786,0.026223
23787,0.033623
23788,0.033750
23789,0.027754
23790,0.026844
23791,0.031258
23792,0.027563
23793,0.033610
23794,0.035853
23795,0.032739
23796,0.024567
23797,0.033429
23798,0.029363
23799,0.026231
23800,0.033918
23801,0.019540
23802,0.039287
23803,0.022602
23804,0.024930
23805,0.032265
23806,0.029769
23807,0.033231
23808,0.034268
23809,0.022173
23810,0.030604
23811,0.034762
23812,0.033362
23813,0.065484
23814,0.031369
23815,0.025204
23816,0.035222
23817,0.051205
23818,0.056411
23819,0.036527
23820,0.065999
23821,0.060420
23822,0.046192
23823,0.038759
23824,0.035756
23825,0.026279
23826,0.035519
23827,0.031935
23828,0.022697
23829,0.022278
23830,0.040092
23831,0.031665
23832,0.032537
23833,0.050862
23834,0.044364
23835,0.046352
23836,0.036082
23837,0.042586
23838,0.020423
23839,0.044043
23840,0.030740
23841,0.025135
23842,0.027398
23843,0.017389
23844,0.015955
23845,0.015870
23846,0.022615
23847,0.015906
23848,0.017256
23849,0.020968
23850,0.021291
23851,0.018343
23852,0.017373
23853,0.021159
23854,0.019262
23855,0.016856
23856,0.017943
23857,0.014377
23858,0.022849
23859,0.029239
23860,0.020577
23861,0.022780
23862,0.047914
23863,0.040300
23864,0.033182
23865,0.030822
23866,0.027226
23867,0.027090
23868,0.029786
23869,0.029001
23870,0.019307
23871,0.020114
23872,0.018624
23873,0.014826
23874,0.020502
23875,0.024214
23876,0.016543
23877,0.024470
23878,0.027896
23879,0.018898
23880,0.017468
23881,0.024696
23882,0.024723
23883,0.035283
23884,0.039384
23885,0.034997
23886,0.023686
23887,0.030303
23888,0.025856
23889,0.040092
23890,0.054684
23891,0.051876
23892,0.037239
23893,0.040692
23894,0.032325
23895,0.043746
23896,0.027037
23897,0.028080
23898,0.055504
23899,0.041044
23900,0.047087
23901,0.042684
23902,0.041424
23903,0.030719
23904,0.059995
23905,0.048945
23906,0.038238
23907,0.030949
23908,0.026000
23909,0.023834
23910,0.033312
23911,0.026268
23912,0.021611
23913,0.032658
23914,0.020793
23915,0.021844
23916,0.018691
23917,0.016717
23918,0.021677
23919,0.020647
23920,0.024519
23921,0.022535
23922,0.019130
23923,0.029472
23924,0.039938
23925,0.021318
23926,0.033512
23927,0.035904
23928,0.055845
23929,0.030587
23930,0.024611
23931,0.029735
23932,0.044200
23933,0.035262
23934,0.029576
23935,0.023831
23936,0.036488
23937,0.032113
23938,0.029606
23939,0.027921
23940,0.023934
23941,0.017377
23942,0.024636
23943,0.017290
23944,0.023521
23945,0.022953
23946,0.024447
23947,0.019963
23948,0.032335
23949,0.046699
23950,0.026697
23951,0.026807
23952,0.059770
23953,0.071631
23954,0.057206
23955,0.030600
23956,0.050225
23957,0.062011
23958,0.063861
23959,0.044823
23960,0.046416
23961,0.081169
23962,0.066682
23963,0.035423
23964,0.048913
23965,0.038410
23966,0.029044
23967,0.026701
23968,0.046546
23969,0.037467
23970,0.035243
23971,0.040023
23972,0.020807
23973,0.022463
23974,0.035690
23975,0.046737
23976,0.040452
23977,0.037731
23978,0.047957
23979,0.057583
23980,0.036217
23981,0.033907
23982,0.052956
23983,0.046258
23984,0.039916
23985,0.043190
23986,0.071131
23987,0.063570
23988,0.028990
23989,0.028090
23990,0.038485
23991,0.031583
23992,0.023227
23993,0.031950
23994,0.038842
23995,0.037510
23996,0.042765
23997,0.030943
23998,0.022466
23999,0.041642
24000,0.058037
24001,0.042197
24002,0.048098
24003,0.038647
24004,0.044836
24005,0.029458
24006,0.021445
24007,0.024450
24008,0.034162
24009,0.032091
24010,0.047757
24011,0.037390
24012,0.038764
24013,0.040344
24014,0.046336
24015,0.077505
24016,0.052335
24017,0.058614
24018,0.062508
24019,0.023311
24020,0.058496
24021,0.160794
24022,0.080251
24023,0.080009
24024,0.077832
24025,0.108878
24026,0.073189
24027,0.056485
24028,0.036665
24029,0.032132
24030,0.041065
24031,0.036851
24032,0.030468
24033,0.020169
24034,0.023161
24035,0.022385
24036,0.018305
24037,0.039994
24038,0.044078
24039,0.024035
24040,0.024294
24041,0.034762
24042,0.028603
24043,0.019081
24044,0.020516
24045,0.023258
24046,0.019643
24047,0.025508
24048,0.030273
24049,0.034402
24050,0.027346
24051,0.042139
24052,0.035293
24053,0.030599
24054,0.023048
24055,0.020471
24056,0.029268
24057,0.027001
24058,0.011727
24059,0.021378
24060,0.028361
24061,0.028780
24062,0.032154
24063,0.028074
24064,0.038553
24065,0.038756
24066,0.049474
24067,0.030922
24068,0.024559
24069,0.015834
24070,0.017372
24071,0.031528
24072,0.021716
24073,0.016191
24074,0.019477
24075,0.037826
24076,0.019723
24077,0.014808
24078,0.015059
24079,0.030480
24080,0.017252
24081,0.022975
24082,0.020955
24083,0.016586
24084,0.023881
24085,0.027149
24086,0.021995
24087,0.017335
24088,0.018653
24089,0.022799
24090,0.019413
24091,0.027820
24092,0.047423
24093,0.030530
24094,0.026052
24095,0.033337
24096,0.037095
24097,0.019015
24098,0.032330
24099,0.024905
24100,0.018096
24101,0.015266
24102,0.015058
24103,0.022826
24104,0.019164
24105,0.021730
24106,0.022329
24107,0.022747
24108,0.027882
24109,0.026453
24110,0.026723
24111,0.017771
24112,0.028401
24113,0.016373
24114,0.017940
24115,0.016352
24116,0.028736
24117,0.023655
24118,0.022200
24119,0.020442
24120,0.016389
24121,0.019375
24122,0.015789
24123,0.018331
24124,0.017525
24125,0.020417
24126,0.015720
24127,0.011776
24128,0.020080
24129,0.030502
24130,0.036412
24131,0.018888
24132,0.019912
24133,0.040968
24134,0.021794
24135,0.032125
24136,0.031642
24137,0.028774
24138,0.014025
24139,0.020573
24140,0.021629
24141,0.031063
24142,0.028284
24143,0.046363
24144,0.039491
24145,0.019328
24146,0.037681
24147,0.037462
24148,0.016528
24149,0.021553
24150,0.026870
24151,0.023253
24152,0.034658
24153,0.033123
24154,0.024210
24155,0.019582
24156,0.022059
24157,0.034259
24158,0.032151
24159,0.028834
24160,0.024892
24161,0.035020
24162,0.024187
24163,0.024731
24164,0.027882
24165,0.022197
24166,0.022032
24167,0.028295
24168,0.032422
24169,0.026828
24170,0.037170
24171,0.040623
24172,0.048419
24173,0.041663
24174,0.034189
24175,0.045701
24176,0.029914
24177,0.025965
24178,0.031260
24179,0.034461
24180,0.023111
24181,0.029844
24182,0.032147
24183,0.021061
24184,0.025253
24185,0.026106
24186,0.019037
24187,0.029932
24188,0.055430
24189,0.036509
24190,0.052939
24191,0.044538
24192,0.049791
24193,0.041970
24194,0.046114
24195,0.017641
24196,0.028902
24197,0.028037
24198,0.030972
24199,0.034663
24200,0.035017
24201,0.027181
24202,0.025838
24203,0.023680
24204,0.021081
24205,0.026401
24206,0.021618
24207,0.023839
24208,0.023992
24209,0.017784
24210,0.034211
24211,0.029672
24212,0.016555
24213,0.035194
24214,0.032073
24215,0.029352
24216,0.025929
24217,0.045530
24218,0.032654
24219,0.023572
24220,0.050714
24221,0.030689
24222,0.026885
24223,0.030103
24224,0.036190
24225,0.033023
24226,0.029288
24227,0.030919
24228,0.032777
24229,0.048323
24230,0.053754
24231,0.039204
24232,0.038957
24233,0.035594
24234,0.032446
24235,0.030856
24236,0.027134
24237,0.019332
24238,0.031344
24239,0.021333
24240,0.020491
24241,0.025074
24242,0.050827
24243,0.049880
24244,0.026935
24245,0.036318
24246,0.025853
24247,0.031590
24248,0.055477
24249,0.031474
24250,0.044794
24251,0.029560
24252,0.061349
24253,0.037222
24254,0.028984
24255,0.020031
24256,0.025374
24257,0.023270
24258,0.014927
24259,0.025338
24260,0.028688
24261,0.018965
24262,0.025722
24263,0.024855
24264,0.020787
24265,0.018475
24266,0.019739
24267,0.025198
24268,0.036752
24269,0.026420
24270,0.023806
24271,0.018061
24272,0.036538
24273,0.026431
24274,0.021327
24275,0.019439
24276,0.021112
24277,0.016415
24278,0.022587
24279,0.018746
24280,0.022449
24281,0.015411
24282,0.020999
24283,0.019137
24284,0.017149
24285,0.017814
24286,0.021366
24287,0.030390
24288,0.025206
24289,0.024821
24290,0.027630
24291,0.023644
24292,0.036779
24293,0.021314
24294,0.019578
24295,0.020721
24296,0.013595
24297,0.014150
24298,0.032667
24299,0.033501
24300,0.019633
24301,0.017419
24302,0.014625
24303,0.014068
24304,0.018032
24305,0.019212
24306,0.021425
24307,0.020795
24308,0.023249
24309,0.021861
24310,0.017846
24311,0.033543
24312,0.028562
24313,0.029715
24314,0.032803
24315,0.019465
24316,0.019788
24317,0.028276
24318,0.017543
24319,0.021178
24320,0.025417
24321,0.018628
24322,0.017170
24323,0.033452
24324,0.025802
24325,0.028143
24326,0.027614
24327,0.021857
24328,0.014403
24329,0.046506
24330,0.023997
24331,0.047357
24332,0.046444
24333,0.029152
24334,0.033320
24335,0.021940
24336,0.076062
24337,0.073516
24338,0.049542
24339,0.052880
24340,0.023508
24341,0.035111
24342,0.031436
24343,0.037776
24344,0.076847
24345,0.078593
24346,0.057596
24347,0.045401
24348,0.093702
24349,0.032751
24350,0.047712
24351,0.030919
24352,0.022998
24353,0.025542
24354,0.032472
24355,0.030968
24356,0.038058
24357,0.030342
24358,0.134973
24359,0.029429
24360,0.032250
24361,0.026508
24362,0.029662
24363,0.029414
24364,0.030784
24365,0.045876
24366,0.046415
24367,0.035659
24368,0.040912
24369,0.041844
24370,0.053924
24371,0.041130
24372,0.050399
24373,0.041533
24374,0.036951
24375,0.110766
24376,0.069579
24377,0.057894
24378,0.082231
24379,0.067580
24380,0.050159
24381,0.051577
24382,0.063882
24383,0.049540
24384,0.036371
24385,0.033663
24386,0.053244
24387,0.048927
24388,0.037933
24389,0.048101
24390,0.054528
24391,0.032576
24392,0.017219
24393,0.028382
24394,0.041388
24395,0.042171
24396,0.033897
24397,0.018213
24398,0.026762
24399,0.025423
24400,0.023592
24401,0.030724
24402,0.029399
24403,0.022578
24404,0.027584
24405,0.020665
24406,0.030857
24407,0.025311
24408,0.025974
24409,0.026404
24410,0.050305
24411,0.038904
24412,0.040118
24413,0.032794
24414,0.030566
24415,0.034213
24416,0.019711
24417,0.024198
24418,0.033472
24419,0.033639
24420,0.034832
24421,0.031291
24422,0.030432
24423,0.030258
24424,0.029471
24425,0.037818
24426,0.033869
24427,0.029416
24428,0.031186
24429,0.036098
24430,0.024792
24431,0.051728
24432,0.037152
24433,0.060983
24434,0.043355
24435,0.031894
24436,0.043615
24437,0.063643
24438,0.040839
24439,0.036820
24440,0.033649
24441,0.054062
24442,0.041906
24443,0.049327
24444,0.063429
24445,0.057967
24446,0.036920
24447,0.024717
24448,0.061259
24449,0.096094
24450,0.067180
24451,0.037982
24452,0.033560
24453,0.052731
24454,0.046842
24455,0.057271
24456,0.024801
24457,0.046663
24458,0.026001
24459,0.021424
24460,0.026643
24461,0.022228
24462,0.027635
24463,0.048620
24464,0.057392
24465,0.032391
24466,0.033030
24467,0.043297
24468,0.023386
24469,0.027404
24470,0.033808
24471,0.035024
24472,0.026260
24473,0.022186
24474,0.024808
24475,0.030687
24476,0.020934
24477,0.022466
24478,0.024339
24479,0.041800
24480,0.038635
24481,0.049086
24482,0.040019
24483,0.046709
24484,0.036847
24485,0.021786
24486,0.084929
24487,0.030722
24488,0.024318
24489,0.040240
24490,0.022079
24491,0.029155
24492,0.031117
24493,0.027189
24494,0.034229
24495,0.026793
24496,0.028497
24497,0.021231
24498,0.021676
24499,0.036383
24500,0.022376
24501,0.038795
24502,0.037880
24503,0.050370
24504,0.025239
24505,0.016640
24506,0.045529
24507,0.056193
24508,0.068830
24509,0.071764
24510,0.044359
24511,0.031132
24512,0.045945
24513,0.057598
24514,0.043295
24515,0.054240
24516,0.034915
24517,0.038647
24518,0.029655
24519,0.047121
24520,0.046254
24521,0.031139
24522,0.029748
24523,0.037440
24524,0.022997
24525,0.023212
24526,0.026594
24527,0.030501
24528,0.049462
24529,0.033642
24530,0.016010
24531,0.027998
24532,0.039010
24533,0.031382
24534,0.039223
24535,0.052505
24536,0.076925
24537,0.064815
24538,0.060348
24539,0.043929
24540,0.031330
24541,0.038590
24542,0.069481
24543,0.042726
24544,0.033737
24545,0.028031
24546,0.033455
24547,0.025753
24548,0.015255
24549,0.023583
24550,0.023723
24551,0.032814
24552,0.020489
24553,0.027326
24554,0.016449
24555,0.022544
24556,0.029965
24557,0.018212
24558,0.025254
24559,0.017286
24560,0.027093
24561,0.024647
24562,0.019302
24563,0.026518
24564,0.040049
24565,0.039484
24566,0.033443
24567,0.024447
24568,0.030450
24569,0.031255
24570,0.024480
24571,0.027681
24572,0.036898
24573,0.045756
24574,0.037985
24575,0.021161
24576,0.031684
24577,0.036131
24578,0.027630
24579,0.023201
24580,0.052036
24581,0.050748
24582,0.038805
24583,0.022660
24584,0.033619
24585,0.037521
24586,0.029111
24587,0.027574
24588,0.029726
24589,0.031866
24590,0.021197
24591,0.018908
24592,0.027147
24593,0.034442
24594,0.025204
24595,0.017602
24596,0.020724
24597,0.021411
24598,0.025559
24599,0.019202
24600,0.043399
24601,0.016917
24602,0.025302
24603,0.030621
24604,0.043464
24605,0.032492
24606,0.024091
24607,0.017019
24608,0.028637
24609,0.027179
24610,0.016271
24611,0.027652
24612,0.046494
24613,0.044535
24614,0.040090
24615,0.028190
24616,0.029377
24617,0.037759
24618,0.032564
24619,0.020721
24620,0.035123
24621,0.036683
24622,0.045784
24623,0.055471
24624,0.030377
24625,0.036262
24626,0.032541
24627,0.036674
24628,0.020561
24629,0.023657
24630,0.063709
24631,0.053838
24632,0.070954
24633,0.057176
24634,0.035626
24635,0.032882
24636,0.053778
24637,0.097424
24638,0.064148
24639,0.040133
24640,0.067583
24641,0.041713
24642,0.044567
24643,0.044394
24644,0.048044
24645,0.059115
24646,0.043241
24647,0.025353
24648,0.031184
24649,0.083978
24650,0.053663
24651,0.031865
24652,0.023904
24653,0.038081
24654,0.051187
24655,0.038940
24656,0.023525
24657,0.045410
24658,0.034343
24659,0.027369
24660,0.031211
24661,0.055736
24662,0.038559
24663,0.034964
24664,0.018343
24665,0.037116
24666,0.036900
24667,0.024405
24668,0.026702
24669,0.020199
24670,0.026567
24671,0.024355
24672,0.023774
24673,0.042180
24674,0.058533
24675,0.037150
24676,0.051347
24677,0.049949
24678,0.076676
24679,0.094127
24680,0.056520
24681,0.037588
24682,0.056912
24683,0.138162
24684,0.070934
24685,0.074594
24686,0.030263
24687,0.031470
24688,0.058325
24689,0.036471
24690,0.031522
24691,0.042206
24692,0.062766
24693,0.040159
24694,0.026468
24695,0.041967
24696,0.053503
24697,0.039259
24698,0.022165
24699,0.030226
24700,0.050071
24701,0.041722
24702,0.027577
24703,0.026098
24704,0.055616
24705,0.035959
24706,0.023222
24707,0.041597
24708,0.059042
24709,0.056115
24710,0.022177
24711,0.033898
24712,0.037418
24713,0.037213
24714,0.041966
24715,0.020284
24716,0.039224
24717,0.048539
24718,0.036159
24719,0.023233
24720,0.045616
24721,0.058016
24722,0.055131
24723,0.028162
24724,0.019619
24725,0.031032
24726,0.022124
24727,0.021500
24728,0.024927
24729,0.017352
24730,0.032737
24731,0.041046
24732,0.023293
24733,0.018088
24734,0.028236
24735,0.029339
24736,0.017391
24737,0.022818
24738,0.021243
24739,0.019933
24740,0.031740
24741,0.025975
24742,0.014861
24743,0.021851
24744,0.024350
24745,0.017369
24746,0.022278
24747,0.013996
24748,0.022689
24749,0.024645
24750,0.022648
24751,0.018308
24752,0.020501
24753,0.016762
24754,0.021729
24755,0.024428
24756,0.029498
24757,0.030679
24758,0.024011
24759,0.030299
24760,0.024690
24761,0.019735
24762,0.023968
24763,0.024736
24764,0.025383
24765,0.019241
24766,0.020168
24767,0.029195
24768,0.034654
24769,0.038134
24770,0.032375
24771,0.031217
24772,0.025781
24773,0.030071
24774,0.025289
24775,0.018304
24776,0.065022
24777,0.055625
24778,0.041320
24779,0.029393
24780,0.042803
24781,0.054398
24782,0.052586
24783,0.024529
24784,0.036980
24785,0.043738
24786,0.029679
24787,0.019680
24788,0.015502
24789,0.018472
24790,0.016247
24791,0.019286
24792,0.025221
24793,0.019001
24794,0.015279
24795,0.013987
24796,0.016817
24797,0.023930
24798,0.030403
24799,0.023779
24800,0.018481
24801,0.028810
24802,0.043351
24803,0.020009
24804,0.019664
24805,0.026247
24806,0.031207
24807,0.040430
24808,0.029999
24809,0.023217
24810,0.025681
24811,0.016540
24812,0.023617
24813,0.033706
24814,0.024964
24815,0.026091
24816,0.030652
24817,0.030966
24818,0.033671
24819,0.023603
24820,0.050692
24821,0.064381
24822,0.068501
24823,0.039689
24824,0.049454
24825,0.103863
24826,0.091389
24827,0.057690
24828,0.051240
24829,0.104945
24830,0.118125
24831,0.090404
24832,0.049099
24833,0.029147
24834,0.041464
24835,0.048522
24836,0.033240
24837,0.043958
24838,0.038278
24839,0.023677
24840,0.024666
24841,0.031252
24842,0.034544
24843,0.022354
24844,0.030848
24845,0.033055
24846,0.031542
24847,0.023670
24848,0.026979
24849,0.025635
24850,0.015113
24851,0.022367
24852,0.031018
24853,0.031118
24854,0.020433
24855,0.017135
24856,0.024403
24857,0.039842
24858,0.028717
24859,0.033034
24860,0.021295
24861,0.037907
24862,0.046233
24863,0.031230
24864,0.067983
24865,0.067143
24866,0.058279
24867,0.030261
24868,0.047006
24869,0.069166
24870,0.075507
24871,0.040144
24872,0.032870
24873,0.045754
24874,0.054607
24875,0.044221
24876,0.046117
24877,0.042315
24878,0.079021
24879,0.049402
24880,0.033536
24881,0.026149
24882,0.026205
24883,0.041505
24884,0.057101
24885,0.039926
24886,0.023748
24887,0.037413
24888,0.063189
24889,0.035581
24890,0.019121
24891,0.029836
24892,0.050553
24893,0.050573
24894,0.025488
24895,0.025212
24896,0.049237
24897,0.021471
24898,0.020392
24899,0.027664
24900,0.026191
24901,0.036058
24902,0.037032
24903,0.041346
24904,0.024700
24905,0.026298
24906,0.026064
24907,0.044594
24908,0.017769
24909,0.036626
24910,0.055170
24911,0.035713
24912,0.015499
24913,0.019319
24914,0.030855
24915,0.028818
24916,0.049642
24917,0.026052
24918,0.023224
24919,0.048262
24920,0.054771
24921,0.041526
24922,0.024824
24923,0.037423
24924,0.031493
24925,0.035371
24926,0.028987
24927,0.036294
24928,0.025448
24929,0.016269
24930,0.023845
24931,0.032708
24932,0.025338
24933,0.024052
24934,0.022188
24935,0.027428
24936,0.019662
24937,0.026532
24938,0.035366
24939,0.019381
24940,0.018595
24941,0.018565
24942,0.014851
24943,0.024180
24944,0.031712
24945,0.030298
24946,0.028866
24947,0.046278
24948,0.049289
24949,0.030251
24950,0.021363
24951,0.021170
24952,0.028332
24953,0.035851
24954,0.018194
24955,0.035016
24956,0.036360
24957,0.026711
24958,0.027269
24959,0.034442
24960,0.028576
24961,0.021372
24962,0.070088
24963,0.074744
24964,0.044240
24965,0.097716
24966,0.063582
24967,0.053371
24968,0.033112
24969,0.042389
24970,0.099525
24971,0.050832
24972,0.039256
24973,0.028312
24974,0.037013
24975,0.032290
24976,0.029142
24977,0.019462
24978,0.020515
24979,0.018773
24980,0.021462
24981,0.017661
24982,0.030143
24983,0.024864
24984,0.014394
24985,0.018301
24986,0.015710
24987,0.014175
24988,0.048273
24989,0.068235
24990,0.071763
24991,0.028549
24992,0.035268
24993,0.071579
24994,0.066612
24995,0.072274
24996,0.046383
24997,0.047707
24998,0.050416
24999,0.028271
25000,0.027601
25001,0.039099
25002,0.033045
25003,0.028205
25004,0.015145
25005,0.024614
25006,0.037247
25007,0.043990
25008,0.029963
25009,0.033717
25010,0.026466
25011,0.034221
25012,0.043978
25013,0.033493
25014,0.030984
25015,0.035471
25016,0.044957
25017,0.025998
25018,0.041318
25019,0.039422
25020,0.029818
25021,0.022153
25022,0.024111
25023,0.027475
25024,0.026572
25025,0.031839
25026,0.025337
25027,0.024381
25028,0.025068
25029,0.028906
25030,0.031402
25031,0.020178
25032,0.029719
25033,0.034193
25034,0.057454
25035,0.031680
25036,0.031458
25037,0.045548
25038,0.027307
25039,0.021683
25040,0.040312
25041,0.046679
25042,0.029109
25043,0.023269
25044,0.038532
25045,0.026057
25046,0.028201
25047,0.018032
25048,0.028221
25049,0.018973
25050,0.028353
25051,0.036468
25052,0.056981
25053,0.028532
25054,0.031651
25055,0.033069
25056,0.033692
25057,0.023944
25058,0.022322
25059,0.042014
25060,0.034834
25061,0.021395
25062,0.028767
25063,0.028962
25064,0.020868
25065,0.037546
25066,0.037923
25067,0.030200
25068,0.022328
25069,0.032630
25070,0.026505
25071,0.027418
25072,0.033897
25073,0.037462
25074,0.025753
25075,0.026925
25076,0.023198
25077,0.020313
25078,0.021235
25079,0.033196
25080,0.035712
25081,0.031374
25082,0.021024
25083,0.061590
25084,0.072705
25085,0.050665
25086,0.040706
25087,0.022706
25088,0.024402
25089,0.028155
25090,0.023893
25091,0.022785
25092,0.013602
25093,0.015740
25094,0.021458
25095,0.020040
25096,0.018306
25097,0.026789
25098,0.019216
25099,0.028346
25100,0.032164
25101,0.022472
25102,0.023919
25103,0.039057
25104,0.032805
25105,0.026365
25106,0.042778
25107,0.047791
25108,0.037877
25109,0.030357
25110,0.027882
25111,0.036683
25112,0.048575
25113,0.034800
25114,0.044698
25115,0.044519
25116,0.040616
25117,0.031323
25118,0.022929
25119,0.028063
25120,0.033945
25121,0.025843
25122,0.025093
25123,0.018081
25124,0.016109
25125,0.026011
25126,0.019940
25127,0.035442
25128,0.024651
25129,0.020405
25130,0.020953
25131,0.020932
25132,0.020825
25133,0.025860
25134,0.026028
25135,0.028899
25136,0.028899
25137,0.020943
25138,0.033831
25139,0.032458
25140,0.018845
25141,0.039170
25142,0.034091
25143,0.030156
25144,0.021716
25145,0.016333
25146,0.018513
25147,0.032030
25148,0.038189
25149,0.040097
25150,0.021650
25151,0.022020
25152,0.025191
25153,0.020825
25154,0.029179
25155,0.020791
25156,0.026546
25157,0.031460
25158,0.033435
25159,0.024055
25160,0.016853
25161,0.023064
25162,0.024667
25163,0.018783
25164,0.018960
25165,0.020967
25166,0.044597
25167,0.066075
25168,0.052056
25169,0.038820
25170,0.063130
25171,0.073000
25172,0.049990
25173,0.044632
25174,0.033891
25175,0.030706
25176,0.039846
25177,0.029368
25178,0.035492
25179,0.035942
25180,0.045333
25181,0.043699
25182,0.026471
25183,0.018159
25184,0.031153
25185,0.026781
25186,0.043127
25187,0.032367
25188,0.027199
25189,0.028876
25190,0.021908
25191,0.018623
25192,0.018395
25193,0.025224
25194,0.015827
25195,0.015996
25196,0.011640
25197,0.017120
25198,0.026227
25199,0.022705
25200,0.032138
25201,0.023887
25202,0.027047
25203,0.038087
25204,0.031892
25205,0.027839
25206,0.029252
25207,0.021869
25208,0.025412
25209,0.025875
25210,0.017275
25211,0.017486
25212,0.021732
25213,0.017335
25214,0.020411
25215,0.034895
25216,0.020171
25217,0.016920
25218,0.020081
25219,0.021443
25220,0.020124
25221,0.018880
25222,0.020396
25223,0.013778
25224,0.017476
25225,0.033672
25226,0.028833
25227,0.024422
25228,0.023699
25229,0.022568
25230,0.017717
25231,0.026949
25232,0.025962
25233,0.023137
25234,0.019845
25235,0.040357
25236,0.045172
25237,0.019083
25238,0.024584
25239,0.031360
25240,0.038900
25241,0.032062
25242,0.030734
25243,0.046786
25244,0.047546
25245,0.051503
25246,0.041265
25247,0.036767
25248,0.074280
25249,0.068195
25250,0.034849
25251,0.031999
25252,0.040095
25253,0.038680
25254,0.028182
25255,0.038208
25256,0.037519
25257,0.044124
25258,0.026594
25259,0.029570
25260,0.016324
25261,0.023026
25262,0.023722
25263,0.026602
25264,0.026363
25265,0.059121
25266,0.041147
25267,0.027555
25268,0.020970
25269,0.031936
25270,0.028027
25271,0.054779
25272,0.059924
25273,0.035120
25274,0.024030
25275,0.024794
25276,0.028446
25277,0.022331
25278,0.022726
25279,0.015963
25280,0.030010
25281,0.044980
25282,0.026170
25283,0.029878
25284,0.030001
25285,0.029890
25286,0.034330
25287,0.037202
25288,0.044886
25289,0.035240
25290,0.026084
25291,0.015865
25292,0.031910
25293,0.026112
25294,0.032521
25295,0.016692
25296,0.016608
25297,0.027984
25298,0.036285
25299,0.037896
25300,0.041418
25301,0.043552
25302,0.036627
25303,0.022498
25304,0.029296
25305,0.041429
25306,0.033705
25307,0.022517
25308,0.021527
25309,0.040096
25310,0.026090
25311,0.020488
25312,0.023923
25313,0.040851
25314,0.045092
25315,0.027477
25316,0.024852
25317,0.029656
25318,0.024796
25319,0.011985
25320,0.022791
25321,0.033224
25322,0.024844
25323,0.017487
25324,0.030448
25325,0.024825
25326,0.023394
25327,0.022474
25328,0.020748
25329,0.032409
25330,0.040964
25331,0.032623
25332,0.022396
25333,0.016254
25334,0.024663
25335,0.025419
25336,0.019097
25337,0.018578
25338,0.018526
25339,0.023911
25340,0.025074
25341,0.019902
25342,0.024432
25343,0.024260
25344,0.037857
25345,0.018789
25346,0.015716
25347,0.016299
25348,0.016444
25349,0.024421
25350,0.019734
25351,0.039646
25352,0.054434
25353,0.038635
25354,0.036059
25355,0.036822
25356,0.023534
25357,0.033616
25358,0.028235
25359,0.024829
25360,0.016110
25361,0.020584
25362,0.018955
25363,0.021219
25364,0.019816
25365,0.041017
25366,0.015988
25367,0.022596
25368,0.014733
25369,0.015941
25370,0.021680
25371,0.019998
25372,0.015418
25373,0.013430
25374,0.015445
25375,0.028515
25376,0.026463
25377,0.027820
25378,0.020787
25379,0.021301
25380,0.024442
25381,0.030398
25382,0.027046
25383,0.039286
25384,0.034738
25385,0.028824
25386,0.045321
25387,0.058424
25388,0.063407
25389,0.034673
25390,0.031886
25391,0.042170
25392,0.029255
25393,0.030335
25394,0.027285
25395,0.042396
25396,0.046312
25397,0.032337
25398,0.020433
25399,0.029366
25400,0.034720
25401,0.023739
25402,0.030542
25403,0.025945
25404,0.028359
25405,0.017396
25406,0.023654
25407,0.029493
25408,0.022618
25409,0.017098
25410,0.023169
25411,0.032555
25412,0.028509
25413,0.024828
25414,0.033755
25415,0.044794
25416,0.014995
25417,0.016170
25418,0.016942
25419,0.023887
25420,0.020564
25421,0.017999
25422,0.018991
25423,0.023927
25424,0.024713
25425,0.022684
25426,0.016154
25427,0.015267
25428,0.024340
25429,0.017017
25430,0.021199
25431,0.017557
25432,0.014710
25433,0.018747
25434,0.026372
25435,0.035409
25436,0.014465
25437,0.023360
25438,0.016228
25439,0.022029
25440,0.018194
25441,0.024797
25442,0.020822
25443,0.022849
25444,0.029285
25445,0.023877
25446,0.023648
25447,0.017488
25448,0.028134
25449,0.028937
25450,0.027977
25451,0.021524
25452,0.023365
25453,0.025888
25454,0.043815
25455,0.024266
25456,0.024564
25457,0.026558
25458,0.051550
25459,0.037589
25460,0.034661
25461,0.042008
25462,0.036015
25463,0.037479
25464,0.033612
25465,0.049692
25466,0.033748
25467,0.032817
25468,0.033996
25469,0.030194
25470,0.023529
25471,0.028997
25472,0.023543
25473,0.017193
25474,0.013477
25475,0.025624
25476,0.021373
25477,0.018228
25478,0.021478
25479,0.015216
25480,0.016250
25481,0.017853
25482,0.022317
25483,0.026109
25484,0.021335
25485,0.013950
25486,0.015098
25487,0.019830
25488,0.020712
25489,0.022026
25490,0.015028
25491,0.016966
25492,0.021729
25493,0.038818
25494,0.013633
25495,0.013331
25496,0.020883
25497,0.023857
25498,0.037533
25499,0.032516
25500,0.022842
25501,0.031199
25502,0.035176
25503,0.033609
25504,0.042355
25505,0.045541
25506,0.032755
25507,0.032431
25508,0.023891
25509,0.029756
25510,0.022503
25511,0.018267
25512,0.029051
25513,0.042480
25514,0.030726
25515,0.019682
25516,0.056077
25517,0.109561
25518,0.081172
25519,0.047622
25520,0.026542
25521,0.037693
25522,0.021802
25523,0.021805
25524,0.028835
25525,0.022243
25526,0.026469
25527,0.016299
25528,0.022427
25529,0.020796
25530,0.019185
25531,0.017214
25532,0.015282
25533,0.034242
25534,0.023475
25535,0.015885
25536,0.027656
25537,0.038504
25538,0.044922
25539,0.030549
25540,0.027387
25541,0.048228
25542,0.024434
25543,0.044929
25544,0.042572
25545,0.032714
25546,0.027811
25547,0.040031
25548,0.056928
25549,0.036508
25550,0.034240
25551,0.032252
25552,0.044459
25553,0.028461
25554,0.024263
25555,0.059783
25556,0.064792
25557,0.039040
25558,0.031872
25559,0.019591
25560,0.037854
25561,0.028489
25562,0.024412
25563,0.026217
25564,0.021254
25565,0.020194
25566,0.029427
25567,0.018202
25568,0.018913
25569,0.020708
25570,0.018474
25571,0.017023
25572,0.020787
25573,0.018690
25574,0.013991
25575,0.015923
25576,0.016183
25577,0.013264
25578,0.019377
25579,0.024218
25580,0.032778
25581,0.019588
25582,0.022916
25583,0.028375
25584,0.034094
25585,0.024363
25586,0.027534
25587,0.024677
25588,0.018465
25589,0.025140
25590,0.050347
25591,0.020252
25592,0.031678
25593,0.021724
25594,0.025799
25595,0.026385
25596,0.025449
25597,0.037733
25598,0.028514
25599,0.021674
25600,0.023654
25601,0.040031
25602,0.031210
25603,0.016148
25604,0.037729
25605,0.044019
25606,0.044027
25607,0.026285
25608,0.030029
25609,0.031774
25610,0.024558
25611,0.032615
25612,0.013184
25613,0.037758
25614,0.020833
25615,0.029422
25616,0.026364
25617,0.023284
25618,0.039916
25619,0.023687
25620,0.037750
25621,0.033962
25622,0.041197
25623,0.027730
25624,0.021891
25625,0.024479
25626,0.025922
25627,0.037193
25628,0.026876
25629,0.015156
25630,0.015766
25631,0.026038
25632,0.022944
25633,0.052759
25634,0.033229
25635,0.064798
25636,0.069680
25637,0.053373
25638,0.044273
25639,0.019594
25640,0.028452
25641,0.039860
25642,0.029527
25643,0.015545
25644,0.017821
25645,0.019329
25646,0.015953
25647,0.022901
25648,0.030682
25649,0.031429
25650,0.026093
25651,0.018117
25652,0.022587
25653,0.029261
25654,0.028360
25655,0.033241
25656,0.030443
25657,0.014415
25658,0.035775
25659,0.045739
25660,0.058815
25661,0.038857
25662,0.020854
25663,0.021967
25664,0.034602
25665,0.020104
25666,0.018688
25667,0.021558
25668,0.019482
25669,0.020051
25670,0.024430
25671,0.022566
25672,0.017262
25673,0.018169
25674,0.016232
25675,0.026130
25676,0.021812
25677,0.026415
25678,0.032711
25679,0.036988
25680,0.043682
25681,0.040431
25682,0.024502
25683,0.026837
25684,0.017103
25685,0.026503
25686,0.032785
25687,0.034910
25688,0.040116
25689,0.063455
25690,0.023348
25691,0.046197
25692,0.072188
25693,0.065546
25694,0.045861
25695,0.037789
25696,0.057094
25697,0.034619
25698,0.027275
25699,0.040083
25700,0.023549
25701,0.035032
25702,0.027632
25703,0.020999
25704,0.035009
25705,0.048370
25706,0.036800
25707,0.039124
25708,0.030430
25709,0.026289
25710,0.034334
25711,0.033192
25712,0.021992
25713,0.029072
25714,0.033704
25715,0.044097
25716,0.047202
25717,0.032762
25718,0.031752
25719,0.036185
25720,0.034487
25721,0.056669
25722,0.030697
25723,0.061670
25724,0.049907
25725,0.036527
25726,0.037297
25727,0.021456
25728,0.031301
25729,0.076592
25730,0.065115
25731,0.046578
25732,0.022921
25733,0.022973
25734,0.037498
25735,0.041174
25736,0.025072
25737,0.015668
25738,0.017673
25739,0.018291
25740,0.021564
25741,0.026360
25742,0.023871
25743,0.018796
25744,0.028765
25745,0.044793
25746,0.028414
25747,0.019719
25748,0.025070
25749,0.044343
25750,0.052840
25751,0.033133
25752,0.030932
25753,0.019190
25754,0.021785
25755,0.029511
25756,0.023060
25757,0.018250
25758,0.017236
25759,0.034606
25760,0.034225
25761,0.026685
25762,0.019653
25763,0.015973
25764,0.038639
25765,0.045435
25766,0.033436
25767,0.028416
25768,0.044710
25769,0.040973
25770,0.055351
25771,0.031173
25772,0.032426
25773,0.046818
25774,0.046005
25775,0.031329
25776,0.058386
25777,0.048389
25778,0.031361
25779,0.025220
25780,0.027286
25781,0.036491
25782,0.035479
25783,0.012835
25784,0.035817
25785,0.065619
25786,0.055044
25787,0.039403
25788,0.034570
25789,0.053994
25790,0.030004
25791,0.021913
25792,0.034392
25793,0.034232
25794,0.057653
25795,0.028181
25796,0.056411
25797,0.052658
25798,0.054930
25799,0.039432
25800,0.036620
25801,0.064293
25802,0.054329
25803,0.039822
25804,0.054791
25805,0.032121
25806,0.043702
25807,0.053232
25808,0.031954
25809,0.016352
25810,0.024118
25811,0.019831
25812,0.021372
25813,0.025737
25814,0.041641
25815,0.047973
25816,0.042926
25817,0.026792
25818,0.030507
25819,0.023420
25820,0.033461
25821,0.042099
25822,0.023118
25823,0.017799
25824,0.031831
25825,0.020581
25826,0.038265
25827,0.031349
25828,0.022311
25829,0.018953
25830,0.045365
25831,0.043961
25832,0.020527
25833,0.018885
25834,0.026671
25835,0.021317
25836,0.025925
25837,0.023461
25838,0.016876
25839,0.031736
25840,0.023555
25841,0.023437
25842,0.030095
25843,0.031330
25844,0.027935
25845,0.020829
25846,0.024175
25847,0.023494
25848,0.027417
25849,0.024213
25850,0.015574
25851,0.022951
25852,0.022607
25853,0.017205
25854,0.024365
25855,0.035633
25856,0.021927
25857,0.014959
25858,0.021503
25859,0.022612
25860,0.021262
25861,0.026915
25862,0.025302
25863,0.033515
25864,0.045121
25865,0.133501
25866,0.041801
25867,0.056647
25868,0.037633
25869,0.030969
25870,0.046217
25871,0.045144
25872,0.031575
25873,0.038009
25874,0.037565
25875,0.034770
25876,0.035240
25877,0.035187
25878,0.039271
25879,0.042967
25880,0.033466
25881,0.026814
25882,0.022087
25883,0.031742
25884,0.017893
25885,0.015936
25886,0.022581
25887,0.022752
25888,0.014797
25889,0.020843
25890,0.032443
25891,0.037897
25892,0.035028
25893,0.051031
25894,0.038245
25895,0.022046
25896,0.022984
25897,0.025546
25898,0.040151
25899,0.040209
25900,0.032376
25901,0.025255
25902,0.024803
25903,0.017933
25904,0.019505
25905,0.040882
25906,0.041096
25907,0.036678
25908,0.025653
25909,0.017564
25910,0.021057
25911,0.024393
25912,0.021707
25913,0.013983
25914,0.030932
25915,0.020756
25916,0.020534
25917,0.028214
25918,0.036618
25919,0.024376
25920,0.031177
25921,0.025427
25922,0.028167
25923,0.032329
25924,0.031991
25925,0.038320
25926,0.025421
25927,0.026882
25928,0.036809
25929,0.042470
25930,0.033983
25931,0.024339
25932,0.038277
25933,0.027554
25934,0.026213
25935,0.024223
25936,0.022420
25937,0.019859
25938,0.030890
25939,0.032921
25940,0.030954
25941,0.022398
25942,0.027581
25943,0.037606
25944,0.035727
25945,0.030817
25946,0.025456
25947,0.028410
25948,0.028508
25949,0.046620
25950,0.037760
25951,0.045656
25952,0.039380
25953,0.046497
25954,0.028603
25955,0.015656
25956,0.030547
25957,0.024267
25958,0.020547
25959,0.028865
25960,0.066324
25961,0.035300
25962,0.018661
25963,0.029794
25964,0.042798
25965,0.041770
25966,0.023513
25967,0.024085
25968,0.046129
25969,0.036471
25970,0.018814
25971,0.026868
25972,0.033993
25973,0.026924
25974,0.021843
25975,0.017667
25976,0.019958
25977,0.022375
25978,0.018743
25979,0.023005
25980,0.024674
25981,0.020079
25982,0.016416
25983,0.021370
25984,0.020343
25985,0.013880
25986,0.025123
25987,0.023582
25988,0.016867
25989,0.023732
25990,0.018505
25991,0.026045
25992,0.015225
25993,0.018681
25994,0.017349
25995,0.014773
25996,0.017397
25997,0.013245
25998,0.019225
25999,0.021366
26000,0.016971
26001,0.017752
26002,0.022314
26003,0.012427
26004,0.024310
26005,0.027409
26006,0.025446
26007,0.029965
26008,0.032545
26009,0.032720
26010,0.025593
26011,0.026887
26012,0.024158
26013,0.028910
26014,0.022547
26015,0.019362
26016,0.033871
26017,0.025602
26018,0.024138
26019,0.038909
26020,0.030357
26021,0.031793
26022,0.035753
26023,0.051387
26024,0.032159
26025,0.031375
26026,0.036200
26027,0.030812
26028,0.024222
26029,0.019714
26030,0.032043
26031,0.014605
26032,0.018322
26033,0.032255
26034,0.027379
26035,0.042498
26036,0.025842
26037,0.024529
26038,0.056325
26039,0.078528
26040,0.053442
26041,0.032660
26042,0.023249
26043,0.025081
26044,0.059663
26045,0.026372
26046,0.038147
26047,0.031920
26048,0.020780
26049,0.022916
26050,0.022847
26051,0.018503
26052,0.020154
26053,0.023270
26054,0.018854
26055,0.019705
26056,0.022064
26057,0.019637
26058,0.018339
26059,0.018952
26060,0.024697
26061,0.016385
26062,0.022142
26063,0.015432
26064,0.011509
26065,0.014375
26066,0.013362
26067,0.015994
26068,0.030728
26069,0.013851
26070,0.093167
26071,0.059733
26072,0.087807
26073,0.056684
26074,0.052410
26075,0.041327
26076,0.048389
26077,0.050701
26078,0.068838
26079,0.040766
26080,0.060523
26081,0.034045
26082,0.029357
26083,0.031731
26084,0.044421
26085,0.036296
26086,0.038156
26087,0.025175
26088,0.024698
26089,0.016893
26090,0.041624
26091,0.027562
26092,0.039841
26093,0.014466
26094,0.021084
26095,0.030286
26096,0.033161
26097,0.024601
26098,0.028079
26099,0.050586
26100,0.031893
26101,0.030214
26102,0.043650
26103,0.025597
26104,0.032300
26105,0.026448
26106,0.051489
26107,0.025280
26108,0.019415
26109,0.022304
26110,0.025680
26111,0.030854
26112,0.020032
26113,0.021117
26114,0.023656
26115,0.036836
26116,0.029266
26117,0.026887
26118,0.020939
26119,0.027870
26120,0.026859
26121,0.018948
26122,0.019972
26123,0.018855
26124,0.030957
26125,0.023843
26126,0.021584
26127,0.016619
26128,0.019948
26129,0.021309
26130,0.022809
26131,0.024889
26132,0.028595
26133,0.020030
26134,0.016227
26135,0.022945
26136,0.013187
26137,0.015671
26138,0.025349
26139,0.019478
26140,0.014305
26141,0.024675
26142,0.024044
26143,0.018449
26144,0.014992
26145,0.013344
26146,0.020797
26147,0.011444
26148,0.012552
26149,0.021835
26150,0.019968
26151,0.018845
26152,0.015838
26153,0.013929
26154,0.014400
26155,0.016350
26156,0.015323
26157,0.021541
26158,0.030360
26159,0.017835
26160,0.020770
26161,0.023395
26162,0.017007
26163,0.016313
26164,0.016789
26165,0.020576
26166,0.022205
26167,0.013929
26168,0.014638
26169,0.017575
26170,0.022955
26171,0.030143
26172,0.024104
26173,0.031146
26174,0.024056
26175,0.019546
26176,0.021261
26177,0.036298
26178,0.027647
26179,0.027336
26180,0.016432
26181,0.020413
26182,0.029227
26183,0.024016
26184,0.016793
26185,0.023489
26186,0.038316
26187,0.034701
26188,0.030941
26189,0.033016
26190,0.039785
26191,0.029127
26192,0.031866
26193,0.047688
26194,0.051727
26195,0.044935
26196,0.014173
26197,0.037988
26198,0.065127
26199,0.060066
26200,0.044870
26201,0.025821
26202,0.039214
26203,0.049541
26204,0.022754
26205,0.031756
26206,0.042355
26207,0.038722
26208,0.013318
26209,0.033735
26210,0.044921
26211,0.052350
26212,0.034535
26213,0.040833
26214,0.073741
26215,0.056468
26216,0.026604
26217,0.026536
26218,0.037774
26219,0.058713
26220,0.040003
26221,0.034964
26222,0.029121
26223,0.053299
26224,0.048516
26225,0.031389
26226,0.023637
26227,0.051997
26228,0.032297
26229,0.021755
26230,0.020054
26231,0.028378
26232,0.020188
26233,0.014621
26234,0.020506
26235,0.019395
26236,0.019912
26237,0.026380
26238,0.019285
26239,0.021868
26240,0.018558
26241,0.020430
26242,0.014946
26243,0.026302
26244,0.033998
26245,0.031514
26246,0.017249
26247,0.023771
26248,0.019780
26249,0.032015
26250,0.033561
26251,0.033796
26252,0.021264
26253,0.013703
26254,0.020360
26255,0.023236
26256,0.028291
26257,0.022217
26258,0.025113
26259,0.028529
26260,0.026194
26261,0.027211
26262,0.026301
26263,0.025347
26264,0.032228
26265,0.026471
26266,0.023443
26267,0.033462
26268,0.044099
26269,0.027087
26270,0.026319
26271,0.017616
26272,0.023954
26273,0.020532
26274,0.028407
26275,0.020820
26276,0.021784
26277,0.038525
26278,0.039537
26279,0.020976
26280,0.026287
26281,0.036240
26282,0.031697
26283,0.016522
26284,0.027916
26285,0.033819
26286,0.036658
26287,0.026178
26288,0.039272
26289,0.021038
26290,0.018573
26291,0.018424
26292,0.014915
26293,0.016641
26294,0.016423
26295,0.017175
26296,0.019754
26297,0.021163
26298,0.029274
26299,0.020033
26300,0.022393
26301,0.036518
26302,0.024143
26303,0.032289
26304,0.027093
26305,0.022023
26306,0.027838
26307,0.019841
26308,0.024404
26309,0.029189
26310,0.023187
26311,0.022527
26312,0.035417
26313,0.030379
26314,0.017800
26315,0.031505
26316,0.053978
26317,0.035318
26318,0.024093
26319,0.037612
26320,0.036767
26321,0.033025
26322,0.020756
26323,0.017034
26324,0.030180
26325,0.032423
26326,0.021413
26327,0.021530
26328,0.022456
26329,0.019110
26330,0.017134
26331,0.028403
26332,0.028047
26333,0.022878
26334,0.032255
26335,0.035409
26336,0.047164
26337,0.027745
26338,0.036849
26339,0.047467
26340,0.046937
26341,0.051095
26342,0.052111
26343,0.041014
26344,0.017425
26345,0.050456
26346,0.029384
26347,0.038050
26348,0.017572
26349,0.013877
26350,0.021258
26351,0.027041
26352,0.023870
26353,0.022736
26354,0.020568
26355,0.059590
26356,0.022688
26357,0.022600
26358,0.016131
26359,0.019643
26360,0.027773
26361,0.048493
26362,0.029998
26363,0.026737
26364,0.030024
26365,0.022442
26366,0.026969
26367,0.026045
26368,0.021465
26369,0.013252
26370,0.028729
26371,0.021980
26372,0.022798
26373,0.022663
26374,0.030937
26375,0.024294
26376,0.016366
26377,0.024415
26378,0.011712
26379,0.020331
26380,0.027691
26381,0.024501
26382,0.031467
26383,0.028681
26384,0.016151
26385,0.016750
26386,0.026868
26387,0.024944
26388,0.022687
26389,0.023150
26390,0.031819
26391,0.022167
26392,0.035575
26393,0.044064
26394,0.041520
26395,0.035396
26396,0.044682
26397,0.048410
26398,0.045024
26399,0.042254
26400,0.027202
26401,0.022936
26402,0.018975
26403,0.042953
26404,0.041115
26405,0.029670
26406,0.047136
26407,0.036090
26408,0.018476
26409,0.040765
26410,0.031159
26411,0.026091
26412,0.037609
26413,0.025919
26414,0.028569
26415,0.027415
26416,0.017351
26417,0.020426
26418,0.020525
26419,0.104089
26420,0.034751
26421,0.027303
26422,0.036802
26423,0.021031
26424,0.039730
26425,0.033348
26426,0.070316
26427,0.019746
26428,0.025171
26429,0.030380
26430,0.031143
26431,0.034551
26432,0.051750
26433,0.039514
26434,0.048348
26435,0.038215
26436,0.065613
26437,0.052710
26438,0.051188
26439,0.073465
26440,0.068875
26441,0.060524
26442,0.047169
26443,0.023894
26444,0.022187
26445,0.019163
26446,0.022469
26447,0.024884
26448,0.031936
26449,0.038363
26450,0.038399
26451,0.029642
26452,0.030399
26453,0.045923
26454,0.034095
26455,0.026523
26456,0.025705
26457,0.022777
26458,0.026930
26459,0.033227
26460,0.034999
26461,0.042473
26462,0.023237
26463,0.034427
26464,0.037757
26465,0.025490
26466,0.015835
26467,0.016477
26468,0.041657
26469,0.028296
26470,0.033343
26471,0.030890
26472,0.028573
26473,0.034526
26474,0.037106
26475,0.020283
26476,0.026286
26477,0.050467
26478,0.034409
26479,0.018931
26480,0.022014
26481,0.021019
26482,0.024682
26483,0.019244
26484,0.019523
26485,0.020875
26486,0.030320
26487,0.022125
26488,0.037700
26489,0.039551
26490,0.044451
26491,0.015643
26492,0.056192
26493,0.046636
26494,0.023042
26495,0.020866
26496,0.014840
26497,0.023448
26498,0.021307
26499,0.026155
26500,0.033906
26501,0.036246
26502,0.025496
26503,0.035868
26504,0.024264
26505,0.036141
26506,0.034106
26507,0.020845
26508,0.050382
26509,0.048014
26510,0.053158
26511,0.027419
26512,0.023302
26513,0.039490
26514,0.039118
26515,0.030850
26516,0.069724
26517,0.062020
26518,0.050998
26519,0.051558
26520,0.041500
26521,0.059281
26522,0.053352
26523,0.060633
26524,0.065475
26525,0.048452
26526,0.071711
26527,0.037822
26528,0.033222
26529,0.022415
26530,0.029046
26531,0.021801
26532,0.027155
26533,0.021960
26534,0.024046
26535,0.044272
26536,0.068755
26537,0.017467
26538,0.023334
26539,0.018240
26540,0.032725
26541,0.029050
26542,0.017964
26543,0.016837
26544,0.015893
26545,0.026963
26546,0.019448
26547,0.016940
26548,0.026653
26549,0.026538
26550,0.020572
26551,0.023918
26552,0.025142
26553,0.028147
26554,0.022195
26555,0.026890
26556,0.039973
26557,0.017731
26558,0.029891
26559,0.046186
26560,0.037172
26561,0.033259
26562,0.045141
26563,0.047649
26564,0.031088
26565,0.024981
26566,0.034686
26567,0.037009
26568,0.019683
26569,0.021632
26570,0.028216
26571,0.031277
26572,0.037696
26573,0.033443
26574,0.025869
26575,0.029007
26576,0.032656
26577,0.024051
26578,0.024769
26579,0.033938
26580,0.029460
26581,0.020252
26582,0.038126
26583,0.033174
26584,0.020051
26585,0.018620
26586,0.029656
26587,0.028232
26588,0.019083
26589,0.019982
26590,0.025013
26591,0.021902
26592,0.033131
26593,0.029832
26594,0.021165
26595,0.023763
26596,0.031370
26597,0.044208
26598,0.020818
26599,0.019159
26600,0.019886
26601,0.017243
26602,0.018466
26603,0.022504
26604,0.014816
26605,0.020049
26606,0.038139
26607,0.026000
26608,0.017461
26609,0.029870
26610,0.042718
26611,0.028288
26612,0.020972
26613,0.027260
26614,0.031162
26615,0.025561
26616,0.042907
26617,0.046605
26618,0.026339
26619,0.021646
26620,0.020963
26621,0.019693
26622,0.020094
26623,0.024977
26624,0.021189
26625,0.018947
26626,0.035000
26627,0.024209
26628,0.022364
26629,0.020846
26630,0.027203
26631,0.022537
26632,0.029367
26633,0.031505
26634,0.034317
26635,0.041111
26636,0.013826
26637,0.019373
26638,0.021020
26639,0.018593
26640,0.025905
26641,0.034271
26642,0.030423
26643,0.051178
26644,0.044617
26645,0.043381
26646,0.029570
26647,0.023571
26648,0.023894
26649,0.020326
26650,0.021563
26651,0.025219
26652,0.021662
26653,0.018669
26654,0.016876
26655,0.023556
26656,0.018214
26657,0.030170
26658,0.026835
26659,0.030881
26660,0.024687
26661,0.027191
26662,0.028812
26663,0.014256
26664,0.021372
26665,0.017970
26666,0.032590
26667,0.030938
26668,0.026087
26669,0.019426
26670,0.026946
26671,0.013277
26672,0.013907
26673,0.016665
26674,0.016030
26675,0.012593
26676,0.020348
26677,0.023547
26678,0.022101
26679,0.025903
26680,0.026716
26681,0.024339
26682,0.026403
26683,0.012932
26684,0.019395
26685,0.016251
26686,0.015306
26687,0.019656
26688,0.015271
26689,0.021240
26690,0.030073
26691,0.027373
26692,0.019993
26693,0.028926
26694,0.025387
26695,0.019270
26696,0.012863
26697,0.022028
26698,0.024395
26699,0.034234
26700,0.028769
26701,0.036128
26702,0.029311
26703,0.036487
26704,0.030965
26705,0.028588
26706,0.031599
26707,0.035224
26708,0.016324
26709,0.044006
26710,0.055335
26711,0.057276
26712,0.029315
26713,0.016141
26714,0.017593
26715,0.020117
26716,0.024019
26717,0.020374
26718,0.021633
26719,0.020693
26720,0.016114
26721,0.015635
26722,0.025139
26723,0.033444
26724,0.015069
26725,0.016187
26726,0.013780
26727,0.015946
26728,0.023699
26729,0.014537
26730,0.016124
26731,0.020192
26732,0.021679
26733,0.019960
26734,0.018935
26735,0.032125
26736,0.021408
26737,0.018388
26738,0.022339
26739,0.016328
26740,0.015433
26741,0.013940
26742,0.018139
26743,0.021921
26744,0.014849
26745,0.020422
26746,0.016707
26747,0.029186
26748,0.018967
26749,0.024097
26750,0.034453
26751,0.030378
26752,0.034639
26753,0.029254
26754,0.031340
26755,0.037997
26756,0.038340
26757,0.036109
26758,0.025505
26759,0.028601
26760,0.020736
26761,0.023554
26762,0.021997
26763,0.016759
26764,0.026498
26765,0.043916
26766,0.041420
26767,0.033794
26768,0.021821
26769,0.022379
26770,0.044582
26771,0.046573
26772,0.036650
26773,0.055163
26774,0.041892
26775,0.046822
26776,0.037862
26777,0.040062
26778,0.050789
26779,0.031104
26780,0.032676
26781,0.032166
26782,0.026289
26783,0.038817
26784,0.031307
26785,0.030459
26786,0.025140
26787,0.024576
26788,0.049087
26789,0.046359
26790,0.019525
26791,0.025458
26792,0.037978
26793,0.038032
26794,0.025292
26795,0.040495
26796,0.057137
26797,0.028399
26798,0.013555
26799,0.025042
26800,0.046273
26801,0.035646
26802,0.014441
26803,0.014371
26804,0.018824
26805,0.018388
26806,0.017581
26807,0.020279
26808,0.019586
26809,0.019942
26810,0.026104
26811,0.031538
26812,0.017312
26813,0.019870
26814,0.021872
26815,0.021595
26816,0.020927
26817,0.018563
26818,0.020899
26819,0.025690
26820,0.012574
26821,0.037590
26822,0.029185
26823,0.018614
26824,0.026978
26825,0.047152
26826,0.045328
26827,0.021057
26828,0.034019
26829,0.084769
26830,0.083366
26831,0.042202
26832,0.032901
26833,0.051438
26834,0.055956
26835,0.034557
26836,0.028711
26837,0.046934
26838,0.026351
26839,0.020342
26840,0.033373
26841,0.034519
26842,0.038609
26843,0.031524
26844,0.047571
26845,0.024718
26846,0.029342
26847,0.034334
26848,0.029365
26849,0.022186
26850,0.013466
26851,0.031568
26852,0.032229
26853,0.021538
26854,0.023354
26855,0.028735
26856,0.024806
26857,0.017730
26858,0.015387
26859,0.031051
26860,0.024482
26861,0.015307
26862,0.013967
26863,0.017578
26864,0.018751
26865,0.014714
26866,0.021121
26867,0.017658
26868,0.026367
26869,0.021985
26870,0.029222
26871,0.033339
26872,0.019927
26873,0.017734
26874,0.021831
26875,0.019833
26876,0.014998
26877,0.018835
26878,0.029087
26879,0.024752
26880,0.046156
26881,0.027371
26882,0.022601
26883,0.018763
26884,0.022769
26885,0.021085
26886,0.020506
26887,0.018753
26888,0.026125
26889,0.014831
26890,0.021829
26891,0.019926
26892,0.021004
26893,0.024868
26894,0.035623
26895,0.026521
26896,0.018874
26897,0.026517
26898,0.022693
26899,0.023414
26900,0.012076
26901,0.019474
26902,0.059642
26903,0.038422
26904,0.021831
26905,0.022049
26906,0.038252
26907,0.027054
26908,0.027615
26909,0.029629
26910,0.031819
26911,0.033769
26912,0.019355
26913,0.018489
26914,0.028331
26915,0.030924
26916,0.028411
26917,0.021021
26918,0.041949
26919,0.036498
26920,0.021289
26921,0.021116
26922,0.017826
26923,0.021374
26924,0.066945
26925,0.046580
26926,0.031253
26927,0.028378
26928,0.023642
26929,0.017681
26930,0.022697
26931,0.019864
26932,0.027443
26933,0.022844
26934,0.031734
26935,0.018715
26936,0.032634
26937,0.021373
26938,0.033570
26939,0.043314
26940,0.031056
26941,0.038034
26942,0.045358
26943,0.047911
26944,0.034907
26945,0.029903
26946,0.041761
26947,0.031019
26948,0.038357
26949,0.032964
26950,0.037789
26951,0.047814
26952,0.041011
26953,0.024577
26954,0.029533
26955,0.038093
26956,0.028003
26957,0.016793
26958,0.025806
26959,0.013752
26960,0.016795
26961,0.017172
26962,0.018242
26963,0.023741
26964,0.049926
26965,0.027079
26966,0.019568
26967,0.019153
26968,0.022778
26969,0.032428
26970,0.023300
26971,0.022040
26972,0.018298
26973,0.022960
26974,0.030819
26975,0.025073
26976,0.026385
26977,0.050445
26978,0.048297
26979,0.032280
26980,0.019438
26981,0.031791
26982,0.030919
26983,0.030322
26984,0.025139
26985,0.033979
26986,0.027358
26987,0.015727
26988,0.018424
26989,0.028203
26990,0.032359
26991,0.024451
26992,0.022257
26993,0.033853
26994,0.025644
26995,0.035627
26996,0.027346
26997,0.011849
26998,0.020692
26999,0.026875
27000,0.028169
27001,0.015860
27002,0.015116
27003,0.022495
27004,0.017559
27005,0.019646
27006,0.015123
27007,0.026061
27008,0.029068
27009,0.023076
27010,0.019467
27011,0.020376
27012,0.016883
27013,0.020280
27014,0.015366
27015,0.019183
27016,0.019240
27017,0.021266
27018,0.016702
27019,0.025285
27020,0.016038
27021,0.013369
27022,0.011962
27023,0.025513
27024,0.021837
27025,0.020715
27026,0.033437
27027,0.047468
27028,0.031231
27029,0.045254
27030,0.039219
27031,0.022971
27032,0.022425
27033,0.027078
27034,0.017010
27035,0.022538
27036,0.019231
27037,0.023223
27038,0.035383
27039,0.045002
27040,0.032252
27041,0.026518
27042,0.021178
27043,0.022472
27044,0.020261
27045,0.021703
27046,0.028778
27047,0.018842
27048,0.023229
27049,0.015795
27050,0.015005
27051,0.018495
27052,0.019986
27053,0.016846
27054,0.017104
27055,0.027563
27056,0.014836
27057,0.016810
27058,0.016838
27059,0.023278
27060,0.031529
27061,0.018568
27062,0.015958
27063,0.017343
27064,0.017747
27065,0.029171
27066,0.036821
27067,0.021023
27068,0.025586
27069,0.030499
27070,0.028942
27071,0.023120
27072,0.019904
27073,0.017232
27074,0.021085
27075,0.026670
27076,0.021928
27077,0.033350
27078,0.035353
27079,0.023845
27080,0.016983
27081,0.017551
27082,0.016194
27083,0.020315
27084,0.019165
27085,0.026813
27086,0.022913
27087,0.023770
27088,0.018129
27089,0.027415
27090,0.016963
27091,0.018512
27092,0.016810
27093,0.025189
27094,0.041186
27095,0.029808
27096,0.022223
27097,0.023691
27098,0.034878
27099,0.037691
27100,0.026128
27101,0.018683
27102,0.057653
27103,0.044409
27104,0.044665
27105,0.020401
27106,0.025534
27107,0.038801
27108,0.030197
27109,0.019219
27110,0.037806
27111,0.034473
27112,0.021664
27113,0.034336
27114,0.045693
27115,0.038101
27116,0.029243
27117,0.027559
27118,0.036692
27119,0.039603
27120,0.019935
27121,0.018548
27122,0.033544
27123,0.030774
27124,0.017272
27125,0.028660
27126,0.043104
27127,0.019885
27128,0.030385
27129,0.043271
27130,0.032580
27131,0.024938
27132,0.030596
27133,0.032204
27134,0.018264
27135,0.025231
27136,0.028890
27137,0.021121
27138,0.037046
27139,0.033307
27140,0.027066
27141,0.018032
27142,0.027919
27143,0.022356
27144,0.014922
27145,0.032412
27146,0.043942
27147,0.025343
27148,0.024207
27149,0.032356
27150,0.028442
27151,0.021483
27152,0.024343
27153,0.023453
27154,0.022044
27155,0.022667
27156,0.014679
27157,0.022695
27158,0.022122
27159,0.020601
27160,0.022881
27161,0.018548
27162,0.018290
27163,0.030997
27164,0.019395
27165,0.016755
27166,0.018796
27167,0.012978
27168,0.016241
27169,0.021620
27170,0.020221
27171,0.027693
27172,0.033688
27173,0.034159
27174,0.027732
27175,0.034053
27176,0.037851
27177,0.027677
27178,0.017625
27179,0.028136
27180,0.048201
27181,0.038781
27182,0.017744
27183,0.030758
27184,0.042576
27185,0.036537
27186,0.025632
27187,0.036230
27188,0.032611
27189,0.027934
27190,0.015527
27191,0.024943
27192,0.037426
27193,0.027971
27194,0.029910
27195,0.036181
27196,0.018796
27197,0.021154
27198,0.022156
27199,0.024726
27200,0.028271
27201,0.022797
27202,0.025562
27203,0.030974
27204,0.020373
27205,0.027317
27206,0.034862
27207,0.034040
27208,0.027971
27209,0.030233
27210,0.024248
27211,0.023383
27212,0.017304
27213,0.023834
27214,0.017010
27215,0.022006
27216,0.023168
27217,0.031824
27218,0.026682
27219,0.016429
27220,0.020849
27221,0.027078
27222,0.018057
27223,0.022656
27224,0.019555
27225,0.019855
27226,0.014358
27227,0.024328
27228,0.030860
27229,0.034341
27230,0.023810
27231,0.047961
27232,0.056910
27233,0.046721
27234,0.033478
27235,0.031035
27236,0.036744
27237,0.035976
27238,0.016692
27239,0.038984
27240,0.068507
27241,0.056542
27242,0.032872
27243,0.019555
27244,0.020945
27245,0.043469
27246,0.024614
27247,0.020231
27248,0.016544
27249,0.024233
27250,0.014297
27251,0.013656
27252,0.013138
27253,0.019603
27254,0.017970
27255,0.015610
27256,0.010121
27257,0.013268
27258,0.009553
27259,0.014586
27260,0.021575
27261,0.018329
27262,0.016773
27263,0.018126
27264,0.018947
27265,0.053587
27266,0.026046
27267,0.023915
27268,0.017205
27269,0.021806
27270,0.032128
27271,0.018772
27272,0.023503
27273,0.026965
27274,0.021939
27275,0.021171
27276,0.029082
27277,0.029399
27278,0.031437
27279,0.030026
27280,0.030659
27281,0.034280
27282,0.019178
27283,0.019666
27284,0.023139
27285,0.024820
27286,0.017894
27287,0.022121
27288,0.019910
27289,0.017167
27290,0.018968
27291,0.021749
27292,0.024533
27293,0.016502
27294,0.014128
27295,0.022812
27296,0.016580
27297,0.012406
27298,0.011665
27299,0.013996
27300,0.014804
27301,0.012729
27302,0.016366
27303,0.016589
27304,0.021112
27305,0.019482
27306,0.016586
27307,0.019861
27308,0.034541
27309,0.023998
27310,0.019908
27311,0.015615
27312,0.024877
27313,0.018760
27314,0.021348
27315,0.027816
27316,0.021811
27317,0.025360
27318,0.026340
27319,0.018231
27320,0.017491
27321,0.019838
27322,0.019394
27323,0.021242
27324,0.016888
27325,0.017948
27326,0.028894
27327,0.013990
27328,0.021545
27329,0.014095
27330,0.016351
27331,0.012644
27332,0.017762
27333,0.018328
27334,0.048566
27335,0.075824
27336,0.039198
27337,0.021976
27338,0.025263
27339,0.029401
27340,0.029526
27341,0.014958
27342,0.016222
27343,0.021545
27344,0.022617
27345,0.028419
27346,0.019302
27347,0.022259
27348,0.027916
27349,0.025105
27350,0.018887
27351,0.030660
27352,0.040905
27353,0.045052
27354,0.020225
27355,0.026304
27356,0.054188
27357,0.055433
27358,0.021125
27359,0.020896
27360,0.032561
27361,0.031553
27362,0.016534
27363,0.026995
27364,0.031402
27365,0.028065
27366,0.018771
27367,0.018835
27368,0.015643
27369,0.020574
27370,0.020976
27371,0.020542
27372,0.018446
27373,0.015636
27374,0.023133
27375,0.015902
27376,0.014631
27377,0.015062
27378,0.021046
27379,0.013952
27380,0.017685
27381,0.018714
27382,0.014989
27383,0.022628
27384,0.013597
27385,0.027584
27386,0.022968
27387,0.021230
27388,0.019924
27389,0.022056
27390,0.026969
27391,0.019879
27392,0.017177
27393,0.013785
27394,0.020697
27395,0.027783
27396,0.030628
27397,0.017544
27398,0.020000
27399,0.085636
27400,0.043901
27401,0.024190
27402,0.017417
27403,0.029749
27404,0.029056
27405,0.035780
27406,0.027032
27407,0.033906
27408,0.037891
27409,0.024286
27410,0.019083
27411,0.019766
27412,0.020345
27413,0.024330
27414,0.022617
27415,0.032085
27416,0.022214
27417,0.032119
27418,0.015381
27419,0.014599
27420,0.023835
27421,0.026231
27422,0.017819
27423,0.021207
27424,0.022318
27425,0.011906
27426,0.025996
27427,0.034206
27428,0.029798
27429,0.045009
27430,0.035281
27431,0.028412
27432,0.021833
27433,0.029899
27434,0.059259
27435,0.048595
27436,0.042608
27437,0.027776
27438,0.032278
27439,0.031707
27440,0.049539
27441,0.028785
27442,0.035690
27443,0.032511
27444,0.027614
27445,0.028016
27446,0.037742
27447,0.058607
27448,0.036688
27449,0.014787
27450,0.048920
27451,0.069738
27452,0.049024
27453,0.021834
27454,0.023746
27455,0.042064
27456,0.045943
27457,0.027820
27458,0.019981
27459,0.020647
27460,0.030375
27461,0.046500
27462,0.025838
27463,0.041386
27464,0.040821
27465,0.024843
27466,0.020304
27467,0.019992
27468,0.010945
27469,0.017356
27470,0.021592
27471,0.021729
27472,0.017477
27473,0.016976
27474,0.021676
27475,0.015609
27476,0.012766
27477,0.024576
27478,0.026416
27479,0.017635
27480,0.024088
27481,0.034937
27482,0.025879
27483,0.021902
27484,0.018436
27485,0.013326
27486,0.023949
27487,0.031097
27488,0.023507
27489,0.018895
27490,0.021076
27491,0.042294
27492,0.042603
27493,0.057840
27494,0.022527
27495,0.017867
27496,0.020318
27497,0.012631
27498,0.019373
27499,0.021279
27500,0.017075
27501,0.016035
27502,0.025462
27503,0.015744
27504,0.017616
27505,0.017619
27506,0.023864
27507,0.018221
27508,0.022579
27509,0.016506
27510,0.009992
27511,0.011742
27512,0.018787
27513,0.022371
27514,0.013753
27515,0.020913
27516,0.016430
27517,0.012529
27518,0.020418
27519,0.034307
27520,0.020689
27521,0.019330
27522,0.016708
27523,0.022779
27524,0.032191
27525,0.042433
27526,0.059806
27527,0.051727
27528,0.039597
27529,0.018011
27530,0.022033
27531,0.028702
27532,0.030227
27533,0.021593
27534,0.019724
27535,0.018902
27536,0.016424
27537,0.021652
27538,0.017894
27539,0.017869
27540,0.014197
27541,0.014004
27542,0.013932
27543,0.012594
27544,0.016748
27545,0.022166
27546,0.016776
27547,0.025446
27548,0.038366
27549,0.042906
27550,0.056169
27551,0.047407
27552,0.031298
27553,0.033022
27554,0.032650
27555,0.057049
27556,0.038105
27557,0.022791
27558,0.025166
27559,0.044995
27560,0.028146
27561,0.017200
27562,0.021575
27563,0.028067
27564,0.024973
27565,0.022802
27566,0.029096
27567,0.035143
27568,0.023129
27569,0.013479
27570,0.019310
27571,0.026808
27572,0.036849
27573,0.019369
27574,0.017796
27575,0.030152
27576,0.027227
27577,0.024108
27578,0.030516
27579,0.045457
27580,0.025395
27581,0.022698
27582,0.028632
27583,0.032909
27584,0.033863
27585,0.024783
27586,0.029390
27587,0.026208
27588,0.016611
27589,0.026415
27590,0.027299
27591,0.017425
27592,0.023558
27593,0.023443
27594,0.035076
27595,0.027454
27596,0.012096
27597,0.023931
27598,0.020086
27599,0.027845
27600,0.029681
27601,0.023704
27602,0.026701
27603,0.016826
27604,0.053508
27605,0.027140
27606,0.024853
27607,0.050495
27608,0.017196
27609,0.018931
27610,0.022526
27611,0.019153
27612,0.017257
27613,0.015209
27614,0.014695
27615,0.025771
27616,0.029326
27617,0.020756
27618,0.013301
27619,0.016928
27620,0.022410
27621,0.022269
27622,0.022093
27623,0.013470
27624,0.020207
27625,0.042700
27626,0.047321
27627,0.048902
27628,0.027419
27629,0.028061
27630,0.030818
27631,0.034768
27632,0.026811
27633,0.027236
27634,0.022803
27635,0.027162
27636,0.025025
27637,0.013395
27638,0.013626
27639,0.022233
27640,0.028419
27641,0.016186
27642,0.024279
27643,0.023036
27644,0.026731
27645,0.026534
27646,0.028656
27647,0.048192
27648,0.034932
27649,0.022648
27650,0.029808
27651,0.021222
27652,0.013861
27653,0.019426
27654,0.035825
27655,0.014237
27656,0.013376
27657,0.014160
27658,0.031953
27659,0.028865
27660,0.018264
27661,0.027480
27662,0.028682
27663,0.022384
27664,0.020195
27665,0.021569
27666,0.017027
27667,0.015241
27668,0.021830
27669,0.017437
27670,0.018358
27671,0.016118
27672,0.032155
27673,0.046039
27674,0.043317
27675,0.026571
27676,0.023874
27677,0.024824
27678,0.063451
27679,0.023421
27680,0.024839
27681,0.030237
27682,0.024101
27683,0.024883
27684,0.018722
27685,0.016596
27686,0.018521
27687,0.015862
27688,0.014991
27689,0.018348
27690,0.020331
27691,0.016864
27692,0.024403
27693,0.021108
27694,0.022694
27695,0.018861
27696,0.019434
27697,0.015961
27698,0.015446
27699,0.016399
27700,0.015654
27701,0.017890
27702,0.020025
27703,0.021284
27704,0.019852
27705,0.016017
27706,0.031450
27707,0.037688
27708,0.035480
27709,0.017369
27710,0.025376
27711,0.017080
27712,0.015306
27713,0.019317
27714,0.024333
27715,0.035610
27716,0.017314
27717,0.018378
27718,0.021719
27719,0.025287
27720,0.022313
27721,0.032696
27722,0.019540
27723,0.022435
27724,0.044812
27725,0.049519
27726,0.056662
27727,0.024031
27728,0.026241
27729,0.026185
27730,0.026925
27731,0.015776
27732,0.017290
27733,0.022931
27734,0.021597
27735,0.020810
27736,0.013298
27737,0.010545
27738,0.008758
27739,0.013013
27740,0.026508
27741,0.057718
27742,0.024570
27743,0.017073
27744,0.020454
27745,0.021222
27746,0.016732
27747,0.029998
27748,0.048619
27749,0.013976
27750,0.019680
27751,0.020718
27752,0.017983
27753,0.014333
27754,0.013980
27755,0.017599
27756,0.023412
27757,0.022761
27758,0.021351
27759,0.022215
27760,0.016299
27761,0.033335
27762,0.016520
27763,0.017381
27764,0.020445
27765,0.016523
27766,0.018349
27767,0.012538
27768,0.013482
27769,0.015190
27770,0.015096
27771,0.018305
27772,0.022891
27773,0.021045
27774,0.016765
27775,0.015384
27776,0.016539
27777,0.024495
27778,0.020582
27779,0.016843
27780,0.035258
27781,0.015965
27782,0.018578
27783,0.018892
27784,0.020722
27785,0.032204
27786,0.033174
27787,0.031580
27788,0.021701
27789,0.020239
27790,0.028106
27791,0.035571
27792,0.047687
27793,0.039372
27794,0.035299
27795,0.043847
27796,0.033469
27797,0.025248
27798,0.041390
27799,0.042528
27800,0.074898
27801,0.080079
27802,0.035996
27803,0.026185
27804,0.039810
27805,0.032135
27806,0.029806
27807,0.022328
27808,0.031230
27809,0.041120
27810,0.018104
27811,0.025707
27812,0.034042
27813,0.031480
27814,0.016271
27815,0.016272
27816,0.023835
27817,0.027794
27818,0.017410
27819,0.039024
27820,0.031961
27821,0.027871
27822,0.022035
27823,0.030044
27824,0.037392
27825,0.024657
27826,0.019321
27827,0.023434
27828,0.018817
27829,0.017570
27830,0.012606
27831,0.024505
27832,0.015643
27833,0.014070
27834,0.012714
27835,0.026140
27836,0.019933
27837,0.028836
27838,0.021016
27839,0.036349
27840,0.030446
27841,0.025202
27842,0.030811
27843,0.033746
27844,0.029622
27845,0.016611
27846,0.047903
27847,0.046363
27848,0.028187
27849,0.024672
27850,0.015961
27851,0.022630
27852,0.023781
27853,0.036058
27854,0.022588
27855,0.029601
27856,0.041163
27857,0.043235
27858,0.040610
27859,0.020231
27860,0.018954
27861,0.027782
27862,0.020141
27863,0.016390
27864,0.023142
27865,0.031613
27866,0.022397
27867,0.029513
27868,0.023339
27869,0.014619
27870,0.020551
27871,0.027197
27872,0.016665
27873,0.019845
27874,0.022490
27875,0.019777
27876,0.021514
27877,0.021563
27878,0.018614
27879,0.014682
27880,0.027369
27881,0.018798
27882,0.016072
27883,0.023797
27884,0.013872
27885,0.015365
27886,0.020830
27887,0.015552
27888,0.021581
27889,0.019397
27890,0.016516
27891,0.015493
27892,0.014264
27893,0.013790
27894,0.015942
27895,0.020378
27896,0.018167
27897,0.016128
27898,0.015226
27899,0.015603
27900,0.017869
27901,0.025389
27902,0.012892
27903,0.013812
27904,0.023108
27905,0.013365
27906,0.013043
27907,0.013771
27908,0.020281
27909,0.017505
27910,0.016230
27911,0.013028
27912,0.017887
27913,0.019367
27914,0.010959
27915,0.020224
27916,0.037373
27917,0.018491
27918,0.011187
27919,0.018154
27920,0.011205
27921,0.017368
27922,0.014642
27923,0.013901
27924,0.008980
27925,0.038428
27926,0.014764
27927,0.018339
27928,0.013658
27929,0.014758
27930,0.016281
27931,0.018766
27932,0.019849
27933,0.022969
27934,0.015302
27935,0.021628
27936,0.015295
27937,0.019049
27938,0.017868
27939,0.023405
27940,0.015264
27941,0.016352
27942,0.018193
27943,0.010058
27944,0.022815
27945,0.030068
27946,0.016179
27947,0.010335
27948,0.018486
27949,0.018602
27950,0.021240
27951,0.018949
27952,0.030825
27953,0.037568
27954,0.038236
27955,0.026817
27956,0.031124
27957,0.030645
27958,0.027391
27959,0.020303
27960,0.016610
27961,0.026596
27962,0.027139
27963,0.033845
27964,0.027908
27965,0.034574
27966,0.023261
27967,0.044343
27968,0.044326
27969,0.032819
27970,0.028769
27971,0.036900
27972,0.020523
27973,0.027438
27974,0.023353
27975,0.018457
27976,0.017935
27977,0.018001
27978,0.018846
27979,0.015632
27980,0.032905
27981,0.017929
27982,0.016547
27983,0.013470
27984,0.017366
27985,0.018603
27986,0.026829
27987,0.019831
27988,0.017523
27989,0.022792
27990,0.021555
27991,0.024261
27992,0.016503
27993,0.021187
27994,0.026476
27995,0.019109
27996,0.017449
27997,0.015694
27998,0.014580
27999,0.014220
28000,0.014604
28001,0.011580
28002,0.015707
28003,0.018490
28004,0.022050
28005,0.018429
28006,0.016354
28007,0.012476
28008,0.023015
28009,0.021780
28010,0.014632
28011,0.015749
28012,0.014039
28013,0.017455
28014,0.022328
28015,0.014988
28016,0.015014
28017,0.017259
28018,0.011683
28019,0.012798
28020,0.017690
28021,0.014104
28022,0.015348
28023,0.012706
28024,0.020199
28025,0.020855
28026,0.018597
28027,0.012434
28028,0.012056
28029,0.014223
28030,0.015008
28031,0.019295
28032,0.015226
28033,0.020934
28034,0.020334
28035,0.017248
28036,0.014778
28037,0.018420
28038,0.020351
28039,0.018904
28040,0.011512
28041,0.015264
28042,0.016778
28043,0.013291
28044,0.012761
28045,0.019412
28046,0.014426
28047,0.016315
28048,0.017386
28049,0.013623
28050,0.011609
28051,0.031305
28052,0.029518
28053,0.024199
28054,0.043676
28055,0.042312
28056,0.030866
28057,0.016295
28058,0.043388
28059,0.050742
28060,0.056116
28061,0.027119
28062,0.019571
28063,0.041955
28064,0.043856
28065,0.025832
28066,0.025812
28067,0.019529
28068,0.012719
28069,0.015631
28070,0.017009
28071,0.024018
28072,0.024338
28073,0.015307
28074,0.029965
28075,0.032664
28076,0.023765
28077,0.014093
28078,0.019939
28079,0.019903
28080,0.008766
28081,0.014278
28082,0.014640
28083,0.017637
28084,0.018423
28085,0.010801
28086,0.016878
28087,0.013939
28088,0.014337
28089,0.012916
28090,0.020366
28091,0.013669
28092,0.014167
28093,0.012861
28094,0.010029
28095,0.015264
28096,0.019517
28097,0.025810
28098,0.014269
28099,0.012615
28100,0.015006
28101,0.015520
28102,0.014259
28103,0.013387
28104,0.021740
28105,0.013304
28106,0.012307
28107,0.011976
28108,0.009273
28109,0.015005
28110,0.022224
28111,0.017716
28112,0.024151
28113,0.022714
28114,0.026416
28115,0.020643
28116,0.014505
28117,0.019645
28118,0.015690
28119,0.018940
28120,0.021483
28121,0.017963
28122,0.014272
28123,0.017937
28124,0.023781
28125,0.025284
28126,0.029926
28127,0.021290
28128,0.017805
28129,0.015041
28130,0.019740
28131,0.027456
28132,0.020291
28133,0.021968
28134,0.033681
28135,0.021155
28136,0.017124
28137,0.030107
28138,0.025541
28139,0.015742
28140,0.022389
28141,0.022330
28142,0.027789
28143,0.023947
28144,0.014842
28145,0.020709
28146,0.039671
28147,0.020577
28148,0.011556
28149,0.021261
28150,0.019891
28151,0.016893
28152,0.013807
28153,0.013950
28154,0.015016
28155,0.019765
28156,0.012339
28157,0.016653
28158,0.025546
28159,0.014111
28160,0.021212
28161,0.024658
28162,0.021231
28163,0.011948
28164,0.019036
28165,0.026992
28166,0.020157
28167,0.019418
28168,0.018683
28169,0.021833
28170,0.014161
28171,0.015152
28172,0.019146
28173,0.013825
28174,0.028735
28175,0.027780
28176,0.020252
28177,0.018302
28178,0.028985
28179,0.025155
28180,0.023058
28181,0.015850
28182,0.024557
28183,0.029095
28184,0.029486
28185,0.028973
28186,0.038652
28187,0.030850
28188,0.026786
28189,0.024767
28190,0.023352
28191,0.031398
28192,0.030581
28193,0.020787
28194,0.017175
28195,0.022188
28196,0.032635
28197,0.020520
28198,0.021052
28199,0.022707
28200,0.025679
28201,0.014713
28202,0.019053
28203,0.018342
28204,0.019153
28205,0.029185
28206,0.025787
28207,0.015687
28208,0.018383
28209,0.027782
28210,0.028932
28211,0.027014
28212,0.013459
28213,0.021010
28214,0.014660
28215,0.025618
28216,0.014431
28217,0.018779
28218,0.023199
28219,0.015024
28220,0.024896
28221,0.043238
28222,0.025856
28223,0.022802
28224,0.024716
28225,0.027805
28226,0.018824
28227,0.023390
28228,0.020373
28229,0.015405
28230,0.015020
28231,0.023018
28232,0.017813
28233,0.027774
28234,0.025906
28235,0.021970
28236,0.025219
28237,0.021997
28238,0.015262
28239,0.017130
28240,0.015390
28241,0.011681
28242,0.011805
28243,0.010115
28244,0.020672
28245,0.015403
28246,0.017365
28247,0.018642
28248,0.012451
28249,0.015686
28250,0.018005
28251,0.015047
28252,0.017778
28253,0.020119
28254,0.019453
28255,0.015506
28256,0.013660
28257,0.013060
28258,0.016338
28259,0.018542
28260,0.012776
28261,0.022955
28262,0.019894
28263,0.021912
28264,0.020881
28265,0.017577
28266,0.015520
28267,0.022978
28268,0.033680
28269,0.019191
28270,0.019377
28271,0.021488
28272,0.034714
28273,0.034537
28274,0.025085
28275,0.034006
28276,0.032300
28277,0.031999
28278,0.028995
28279,0.026111
28280,0.021964
28281,0.024839
28282,0.018552
28283,0.018177
28284,0.020004
28285,0.024733
28286,0.017065
28287,0.015160
28288,0.014683
28289,0.011359
28290,0.013105
28291,0.012837
28292,0.011726
28293,0.015057
28294,0.010296
28295,0.011646
28296,0.013826
28297,0.012163
28298,0.013550
28299,0.016294
28300,0.016276
28301,0.011626
28302,0.016905
28303,0.024313
28304,0.022363
28305,0.019603
28306,0.019794
28307,0.021065
28308,0.020672
28309,0.016421
28310,0.019214
28311,0.019440
28312,0.021832
28313,0.018489
28314,0.024642
28315,0.044164
28316,0.024061
28317,0.015362
28318,0.026419
28319,0.031555
28320,0.023876
28321,0.018925
28322,0.017263
28323,0.023045
28324,0.025469
28325,0.028291
28326,0.011747
28327,0.012721
28328,0.020910
28329,0.020647
28330,0.025493
28331,0.023058
28332,0.017992
28333,0.019170
28334,0.020422
28335,0.025278
28336,0.019825
28337,0.021246
28338,0.027184
28339,0.036448
28340,0.033281
28341,0.041247
28342,0.035975
28343,0.020201
28344,0.037539
28345,0.040253
28346,0.043868
28347,0.026080
28348,0.027321
28349,0.038518
28350,0.035738
28351,0.022853
28352,0.019158
28353,0.020614
28354,0.018196
28355,0.021468
28356,0.026326
28357,0.024704
28358,0.011502
28359,0.023495
28360,0.030532
28361,0.016111
28362,0.018975
28363,0.022910
28364,0.028992
28365,0.024235
28366,0.025362
28367,0.025392
28368,0.018122
28369,0.018758
28370,0.026016
28371,0.024785
28372,0.023306
28373,0.027886
28374,0.022143
28375,0.023212
28376,0.025158
28377,0.047555
28378,0.030363
28379,0.020913
28380,0.021663
28381,0.019889
28382,0.023306
28383,0.016170
28384,0.017957
28385,0.031612
28386,0.025055
28387,0.014699
28388,0.030762
28389,0.039602
28390,0.030551
28391,0.025971
28392,0.022342
28393,0.019801
28394,0.028393
28395,0.031313
28396,0.033047
28397,0.035128
28398,0.038907
28399,0.050856
28400,0.047323
28401,0.027976
28402,0.032025
28403,0.041581
28404,0.032471
28405,0.030361
28406,0.027766
28407,0.043057
28408,0.037437
28409,0.022983
28410,0.031650
28411,0.014576
28412,0.043433
28413,0.040975
28414,0.020726
28415,0.022749
28416,0.024391
28417,0.022813
28418,0.027691
28419,0.014021
28420,0.016470
28421,0.020709
28422,0.019897
28423,0.017130
28424,0.015095
28425,0.019989
28426,0.021724
28427,0.020953
28428,0.023899
28429,0.018466
28430,0.013470
28431,0.014235
28432,0.012091
28433,0.013637
28434,0.013872
28435,0.017938
28436,0.019341
28437,0.017050
28438,0.017680
28439,0.027588
28440,0.036372
28441,0.037409
28442,0.015495
28443,0.021782
28444,0.022950
28445,0.020020
28446,0.015009
28447,0.019416
28448,0.017047
28449,0.018682
28450,0.026795
28451,0.018243
28452,0.024085
28453,0.022452
28454,0.012420
28455,0.012557
28456,0.014166
28457,0.016101
28458,0.013923
28459,0.017601
28460,0.015725
28461,0.016243
28462,0.018358
28463,0.013566
28464,0.020314
28465,0.012988
28466,0.011777
28467,0.015713
28468,0.018293
28469,0.022706
28470,0.024560
28471,0.014006
28472,0.014723
28473,0.013875
28474,0.049493
28475,0.020038
28476,0.017432
28477,0.016197
28478,0.022221
28479,0.018522
28480,0.014068
28481,0.016598
28482,0.015996
28483,0.015853
28484,0.012993
28485,0.020869
28486,0.020408
28487,0.013622
28488,0.027103
28489,0.019458
28490,0.021534
28491,0.027298
28492,0.037863
28493,0.014167
28494,0.030541
28495,0.040895
28496,0.023141
28497,0.023356
28498,0.035468
28499,0.041490
28500,0.018156
28501,0.019661
28502,0.023905
28503,0.022887
28504,0.015839
28505,0.026733
28506,0.045482
28507,0.023955
28508,0.019162
28509,0.019567
28510,0.018884
28511,0.039180
28512,0.031625
28513,0.015786
28514,0.018727
28515,0.032466
28516,0.027027
28517,0.020520
28518,0.018173
28519,0.030159
28520,0.013199
28521,0.023591
28522,0.018118
28523,0.015751
28524,0.018325
28525,0.014677
28526,0.011996
28527,0.011977
28528,0.014532
28529,0.019246
28530,0.011618
28531,0.017757
28532,0.023289
28533,0.014205
28534,0.019905
28535,0.020442
28536,0.017357
28537,0.012507
28538,0.012594
28539,0.016138
28540,0.016921
28541,0.011736
28542,0.011511
28543,0.010782
28544,0.011506
28545,0.015363
28546,0.019446
28547,0.016652
28548,0.025152
28549,0.029743
28550,0.017649
28551,0.019182
28552,0.019971
28553,0.024270
28554,0.021965
28555,0.024569
28556,0.026663
28557,0.019805
28558,0.014720
28559,0.029187
28560,0.026514
28561,0.019122
28562,0.016757
28563,0.013997
28564,0.014296
28565,0.014184
28566,0.011193
28567,0.013168
28568,0.010090
28569,0.019675
28570,0.022088
28571,0.011192
28572,0.017156
28573,0.015257
28574,0.015103
28575,0.014321
28576,0.013752
28577,0.013132
28578,0.027069
28579,0.024461
28580,0.013449
28581,0.014937
28582,0.017151
28583,0.017559
28584,0.016080
28585,0.030083
28586,0.019083
28587,0.023533
28588,0.017651
28589,0.017003
28590,0.016961
28591,0.027714
28592,0.018141
28593,0.034119
28594,0.030506
28595,0.021188
28596,0.018526
28597,0.032898
28598,0.013827
28599,0.010733
28600,0.012820
28601,0.013379
28602,0.015418
28603,0.013749
28604,0.013603
28605,0.012749
28606,0.011373
28607,0.014135
28608,0.016832
28609,0.012056
28610,0.015434
28611,0.013906
28612,0.009211
28613,0.011787
28614,0.013794
28615,0.023559
28616,0.026187
28617,0.015643
28618,0.012267
28619,0.016422
28620,0.019221
28621,0.019238
28622,0.015603
28623,0.021515
28624,0.034248
28625,0.022266
28626,0.034557
28627,0.115605
28628,0.030945
28629,0.033037
28630,0.022878
28631,0.020049
28632,0.020659
28633,0.019990
28634,0.016872
28635,0.032400
28636,0.023738
28637,0.028095
28638,0.022088
28639,0.014792
28640,0.064725
28641,0.026925
28642,0.016453
28643,0.037958
28644,0.030873
28645,0.018595
28646,0.015631
28647,0.031543
28648,0.021212
28649,0.024545
28650,0.024461
28651,0.016022
28652,0.014922
28653,0.019251
28654,0.018229
28655,0.033021
28656,0.021737
28657,0.017235
28658,0.012464
28659,0.014322
28660,0.018408
28661,0.018194
28662,0.017328
28663,0.028106
28664,0.020881
28665,0.016913
28666,0.018908
28667,0.013989
28668,0.016669
28669,0.052831
28670,0.026137
28671,0.027025
28672,0.015497
28673,0.023089
28674,0.034742
28675,0.024838
28676,0.020360
28677,0.015498
28678,0.026015
28679,0.024408
28680,0.027779
28681,0.034080
28682,0.025745
28683,0.017433
28684,0.024482
28685,0.027357
28686,0.023464
28687,0.027935
28688,0.054220
28689,0.029833
28690,0.026876
28691,0.025177
28692,0.024860
28693,0.018257
28694,0.020063
28695,0.025711
28696,0.021503
28697,0.019020
28698,0.028102
28699,0.030241
28700,0.036094
28701,0.038752
28702,0.025277
28703,0.021026
28704,0.017972
28705,0.021726
28706,0.016016
28707,0.018105
28708,0.010561
28709,0.013795
28710,0.024090
28711,0.024398
28712,0.016349
28713,0.011818
28714,0.017929
28715,0.025361
28716,0.022561
28717,0.023356
28718,0.024434
28719,0.017689
28720,0.023395
28721,0.019050
28722,0.018643
28723,0.022893
28724,0.014655
28725,0.027510
28726,0.025340
28727,0.027905
28728,0.017183
28729,0.018818
28730,0.017011
28731,0.021022
28732,0.018590
28733,0.016731
28734,0.014848
28735,0.016638
28736,0.024300
28737,0.020308
28738,0.020230
28739,0.018528
28740,0.016897
28741,0.016303
28742,0.016007
28743,0.017014
28744,0.018083
28745,0.017606
28746,0.012541
28747,0.017493
28748,0.016402
28749,0.017944
28750,0.013047
28751,0.011527
28752,0.012763
28753,0.020221
28754,0.023501
28755,0.025666
28756,0.015576
28757,0.021172
28758,0.023847
28759,0.019454
28760,0.018833
28761,0.021898
28762,0.028190
28763,0.016978
28764,0.016961
28765,0.019440
28766,0.028220
28767,0.022629
28768,0.017821
28769,0.017103
28770,0.021748
28771,0.019556
28772,0.013486
28773,0.024731
28774,0.015653
28775,0.018654
28776,0.012610
28777,0.020230
28778,0.017288
28779,0.017366
28780,0.008872
28781,0.010850
28782,0.012273
28783,0.017199
28784,0.018368
28785,0.011860
28786,0.012475
28787,0.009905
28788,0.011182
28789,0.016450
28790,0.016534
28791,0.025245
28792,0.013593
28793,0.020873
28794,0.036133
28795,0.038351
28796,0.022972
28797,0.016305
28798,0.021351
28799,0.019466
28800,0.016640
28801,0.019071
28802,0.018104
28803,0.020854
28804,0.016562
28805,0.018874
28806,0.016456
28807,0.030051
28808,0.030981
28809,0.023382
28810,0.024792
28811,0.017649
28812,0.014731
28813,0.017107
28814,0.018027
28815,0.015014
28816,0.013886
28817,0.018963
28818,0.035871
28819,0.031165
28820,0.028550
28821,0.018976
28822,0.019040
28823,0.020861
28824,0.016838
28825,0.018246
28826,0.016336
28827,0.013684
28828,0.015754
28829,0.015754
28830,0.009705
28831,0.017682
28832,0.018349
28833,0.015442
28834,0.014548
28835,0.025015
28836,0.021071
28837,0.019201
28838,0.012916
28839,0.013029
28840,0.014477
28841,0.019545
28842,0.027749
28843,0.031262
28844,0.021332
28845,0.023404
28846,0.023377
28847,0.033504
28848,0.021411
28849,0.023707
28850,0.031774
28851,0.026416
28852,0.026543
28853,0.032535
28854,0.025997
28855,0.024386
28856,0.029512
28857,0.029160
28858,0.025203
28859,0.020560
28860,0.023168
28861,0.015880
28862,0.050474
28863,0.033651
28864,0.044852
28865,0.030966
28866,0.018603
28867,0.029523
28868,0.037141
28869,0.021273
28870,0.015239
28871,0.014173
28872,0.021014
28873,0.031075
28874,0.017101
28875,0.031142
28876,0.021809
28877,0.015159
28878,0.022613
28879,0.022115
28880,0.020977
28881,0.014299
28882,0.019421
28883,0.033164
28884,0.021440
28885,0.014572
28886,0.018449
28887,0.041634
28888,0.022686
28889,0.020928
28890,0.022113
28891,0.028916
28892,0.019946
28893,0.022328
28894,0.022334
28895,0.026738
28896,0.029836
28897,0.016001
28898,0.009556
28899,0.014707
28900,0.021968
28901,0.017808
28902,0.021341
28903,0.020983
28904,0.029389
28905,0.016225
28906,0.016401
28907,0.028980
28908,0.019454
28909,0.020901
28910,0.018748
28911,0.030501
28912,0.031784
28913,0.033219
28914,0.027684
28915,0.023070
28916,0.023111
28917,0.020752
28918,0.023010
28919,0.025523
28920,0.030159
28921,0.016395
28922,0.017094
28923,0.021410
28924,0.017065
28925,0.016730
28926,0.024271
28927,0.048807
28928,0.047901
28929,0.022246
28930,0.024409
28931,0.029928
28932,0.026386
28933,0.029595
28934,0.046129
28935,0.064464
28936,0.046324
28937,0.040689
28938,0.026016
28939,0.034867
28940,0.040301
28941,0.021693
28942,0.021080
28943,0.034129
28944,0.033143
28945,0.025156
28946,0.022916
28947,0.023127
28948,0.016352
28949,0.013631
28950,0.012268
28951,0.014961
28952,0.015559
28953,0.012906
28954,0.022184
28955,0.036158
28956,0.028290
28957,0.024233
28958,0.024804
28959,0.014617
28960,0.016678
28961,0.014417
28962,0.011633
28963,0.012859
28964,0.011981
28965,0.014515
28966,0.011489
28967,0.012105
28968,0.012282
28969,0.015228
28970,0.019137
28971,0.015847
28972,0.011204
28973,0.013914
28974,0.017148
28975,0.020501
28976,0.009187
28977,0.014095
28978,0.009589
28979,0.022398
28980,0.020243
28981,0.019548
28982,0.015382
28983,0.016488
28984,0.014125
28985,0.015465
28986,0.016553
28987,0.012535
28988,0.014473
28989,0.027777
28990,0.020035
28991,0.013728
28992,0.021764
28993,0.046096
28994,0.031757
28995,0.023167
28996,0.016068
28997,0.018288
28998,0.015432
28999,0.017324
29000,0.019746
29001,0.016495
29002,0.011354
29003,0.021620
29004,0.034139
29005,0.023789
29006,0.022725
29007,0.024382
29008,0.031749
29009,0.028881
29010,0.029772
29011,0.035936
29012,0.042607
29013,0.037660
29014,0.026002
29015,0.027688
29016,0.034883
29017,0.035221
29018,0.022826
29019,0.019933
29020,0.023191
29021,0.020338
29022,0.016718
29023,0.018340
29024,0.023331
29025,0.012798
29026,0.017995
29027,0.024481
29028,0.014478
29029,0.011151
29030,0.015511
29031,0.026079
29032,0.028578
29033,0.023994
29034,0.017596
29035,0.020173
29036,0.015030
29037,0.019472
29038,0.016609
29039,0.025308
29040,0.023311
29041,0.038037
29042,0.024828
29043,0.036196
29044,0.024133
29045,0.027839
29046,0.053566
29047,0.031465
29048,0.023483
29049,0.025122
29050,0.026411
29051,0.036378
29052,0.021182
29053,0.027524
29054,0.062367
29055,0.031018
29056,0.044281
29057,0.019869
29058,0.047065
29059,0.029595
29060,0.021393
29061,0.027220
29062,0.043716
29063,0.021803
29064,0.030453
29065,0.032518
29066,0.038687
29067,0.030161
29068,0.016551
29069,0.026535
29070,0.022719
29071,0.023176
29072,0.029438
29073,0.021269
29074,0.031125
29075,0.016282
29076,0.040108
29077,0.057598
29078,0.066003
29079,0.030831
29080,0.020125
29081,0.021321
29082,0.019946
29083,0.026236
29084,0.021933
29085,0.023967
29086,0.025451
29087,0.017830
29088,0.015311
29089,0.029952
29090,0.046934
29091,0.030624
29092,0.015831
29093,0.040578
29094,0.025525
29095,0.022917
29096,0.022793
29097,0.024798
29098,0.020358
29099,0.019693
29100,0.014408
29101,0.022200
29102,0.031567
29103,0.027445
29104,0.016858
29105,0.018772
29106,0.015930
29107,0.023345
29108,0.025643
29109,0.028595
29110,0.039303
29111,0.022860
29112,0.031852
29113,0.046236
29114,0.021440
29115,0.017080
29116,0.030322
29117,0.024812
29118,0.020157
29119,0.016340
29120,0.013560
29121,0.022965
29122,0.024345
29123,0.016147
29124,0.015553
29125,0.025861
29126,0.024118
29127,0.030347
29128,0.034922
29129,0.036542
29130,0.037202
29131,0.038782
29132,0.039574
29133,0.025277
29134,0.010740
29135,0.017938
29136,0.013723
29137,0.017557
29138,0.018314
29139,0.020588
29140,0.017095
29141,0.018610
29142,0.030122
29143,0.013976
29144,0.016126
29145,0.013121
29146,0.014322
29147,0.016668
29148,0.017545
29149,0.017887
29150,0.019391
29151,0.016624
29152,0.016539
29153,0.016410
29154,0.012213
29155,0.015283
29156,0.013609
29157,0.027698
29158,0.021889
29159,0.020749
29160,0.017837
29161,0.021210
29162,0.013806
29163,0.017144
29164,0.020324
29165,0.017443
29166,0.016162
29167,0.012052
29168,0.012453
29169,0.017438
29170,0.023569
29171,0.021729
29172,0.021768
29173,0.015518
29174,0.015185
29175,0.014559
29176,0.015778
29177,0.024866
29178,0.013597
29179,0.014024
29180,0.019973
29181,0.025399
29182,0.012337
29183,0.024578
29184,0.037441
29185,0.026600
29186,0.014385
29187,0.019946
29188,0.049025
29189,0.040481
29190,0.020131
29191,0.022514
29192,0.028424
29193,0.027938
29194,0.017685
29195,0.023185
29196,0.020679
29197,0.016188
29198,0.022219
29199,0.012324
29200,0.011247
29201,0.014603
29202,0.018621
29203,0.011281
29204,0.014768
29205,0.012038
29206,0.016399
29207,0.016547
29208,0.013415
29209,0.019507
29210,0.030085
29211,0.024729
29212,0.023466
29213,0.022732
29214,0.021557
29215,0.020973
29216,0.028478
29217,0.023049
29218,0.016947
29219,0.016598
29220,0.018283
29221,0.013802
29222,0.016705
29223,0.027797
29224,0.017568
29225,0.015319
29226,0.024569
29227,0.020381
29228,0.018016
29229,0.015444
29230,0.012385
29231,0.024016
29232,0.016149
29233,0.033712
29234,0.021326
29235,0.014405
29236,0.024050
29237,0.020292
29238,0.015794
29239,0.013029
29240,0.023308
29241,0.031712
29242,0.020833
29243,0.017640
29244,0.016025
29245,0.022015
29246,0.016013
29247,0.020163
29248,0.019248
29249,0.014820
29250,0.015118
29251,0.018428
29252,0.019660
29253,0.018591
29254,0.018412
29255,0.014555
29256,0.026827
29257,0.029324
29258,0.027881
29259,0.018035
29260,0.014820
29261,0.015520
29262,0.014601
29263,0.018663
29264,0.015561
29265,0.019323
29266,0.018105
29267,0.019634
29268,0.018838
29269,0.033333
29270,0.013340
29271,0.015290
29272,0.019749
29273,0.013791
29274,0.014494
29275,0.011915
29276,0.013428
29277,0.016639
29278,0.023174
29279,0.017787
29280,0.014836
29281,0.014736
29282,0.015483
29283,0.012575
29284,0.016075
29285,0.014067
29286,0.014240
29287,0.015851
29288,0.009876
29289,0.017828
29290,0.023267
29291,0.011781
29292,0.015081
29293,0.017674
29294,0.012865
29295,0.015966
29296,0.013896
29297,0.011453
29298,0.015400
29299,0.018347
29300,0.012269
29301,0.017708
29302,0.015709
29303,0.017941
29304,0.011653
29305,0.021426
29306,0.026287
29307,0.021626
29308,0.021628
29309,0.014514
29310,0.015721
29311,0.016135
29312,0.014285
29313,0.032357
29314,0.055824
29315,0.026773
29316,0.023115
29317,0.017083
29318,0.012700
29319,0.012589
29320,0.012750
29321,0.011175
29322,0.014736
29323,0.020676
29324,0.025035
29325,0.018476
29326,0.017189
29327,0.024325
29328,0.047642
29329,0.024766
29330,0.024918
29331,0.021529
29332,0.019440
29333,0.020401
29334,0.035426
29335,0.044706
29336,0.034536
29337,0.023797
29338,0.020821
29339,0.016880
29340,0.018289
29341,0.016701
29342,0.036300
29343,0.019914
29344,0.021838
29345,0.012280
29346,0.018871
29347,0.036022
29348,0.035354
29349,0.026748
29350,0.020422
29351,0.025768
29352,0.019245
29353,0.021199
29354,0.015963
29355,0.017349
29356,0.023113
29357,0.032670
29358,0.023824
29359,0.028393
29360,0.020485
29361,0.012332
29362,0.027101
29363,0.052192
29364,0.035633
29365,0.028875
29366,0.028583
29367,0.033902
29368,0.020593
29369,0.016537
29370,0.019224
29371,0.016224
29372,0.017186
29373,0.015005
29374,0.021195
29375,0.015526
29376,0.015021
29377,0.016622
29378,0.017712
29379,0.017558
29380,0.037367
29381,0.018769
29382,0.027558
29383,0.014704
29384,0.024399
29385,0.031703
29386,0.026749
29387,0.019021
29388,0.018123
29389,0.052559
29390,0.062632
29391,0.015515
29392,0.023271
29393,0.031543
29394,0.016139
29395,0.013790
29396,0.013572
29397,0.012016
29398,0.011659
29399,0.017551
29400,0.021159
29401,0.013174
29402,0.022448
29403,0.023387
29404,0.023801
29405,0.014502
29406,0.034811
29407,0.031631
29408,0.029506
29409,0.044034
29410,0.029469
29411,0.030085
29412,0.029533
29413,0.039822
29414,0.042250
29415,0.033309
29416,0.023546
29417,0.015285
29418,0.026967
29419,0.024275
29420,0.018637
29421,0.011942
29422,0.011954
29423,0.016017
29424,0.008816
29425,0.009989
29426,0.014163
29427,0.023078
29428,0.016779
29429,0.018379
29430,0.011740
29431,0.013647
29432,0.012639
29433,0.022773
29434,0.015371
29435,0.014769
29436,0.010623
29437,0.030684
29438,0.008685
29439,0.014419
29440,0.012844
29441,0.011469
29442,0.016478
29443,0.014937
29444,0.016225
29445,0.015640
29446,0.020075
29447,0.019298
29448,0.012578
29449,0.021334
29450,0.021230
29451,0.016746
29452,0.015725
29453,0.025433
29454,0.027156
29455,0.028300
29456,0.018125
29457,0.018884
29458,0.024248
29459,0.024480
29460,0.035783
29461,0.025408
29462,0.018826
29463,0.019628
29464,0.025473
29465,0.013073
29466,0.028463
29467,0.030640
29468,0.024433
29469,0.014874
29470,0.023812
29471,0.036006
29472,0.040181
29473,0.022248
29474,0.020170
29475,0.009523
29476,0.014262
29477,0.013550
29478,0.012958
29479,0.015164
29480,0.019724
29481,0.014175
29482,0.013521
29483,0.020011
29484,0.017096
29485,0.016428
29486,0.020503
29487,0.016869
29488,0.015648
29489,0.017887
29490,0.020391
29491,0.009410
29492,0.010823
29493,0.011502
29494,0.010527
29495,0.010858
29496,0.009698
29497,0.012124
29498,0.012804
29499,0.013706
29500,0.019864
29501,0.026549
29502,0.013493
29503,0.012064
29504,0.021011
29505,0.017706
29506,0.015420
29507,0.013154
29508,0.022239
29509,0.017075
29510,0.014232
29511,0.022663
29512,0.024105
29513,0.024838
29514,0.039300
29515,0.027024
29516,0.015717
29517,0.020313
29518,0.021153
29519,0.023047
29520,0.033085
29521,0.024572
29522,0.015821
29523,0.021487
29524,0.021124
29525,0.026119
29526,0.021666
29527,0.017031
29528,0.016060
29529,0.030082
29530,0.027864
29531,0.012951
29532,0.018245
29533,0.010982
29534,0.021853
29535,0.034389
29536,0.018895
29537,0.015564
29538,0.031614
29539,0.017530
29540,0.023688
29541,0.043576
29542,0.042746
29543,0.046743
29544,0.028081
29545,0.026877
29546,0.035629
29547,0.042008
29548,0.030441
29549,0.019794
29550,0.019071
29551,0.015566
29552,0.027026
29553,0.018625
29554,0.021490
29555,0.012061
29556,0.013756
29557,0.021098
29558,0.018420
29559,0.018007
29560,0.009515
29561,0.013900
29562,0.020681
29563,0.016574
29564,0.016570
29565,0.014778
29566,0.022764
29567,0.031905
29568,0.025061
29569,0.015435
29570,0.018652
29571,0.017425
29572,0.015220
29573,0.012814
29574,0.014955
29575,0.014856
29576,0.014433
29577,0.014939
29578,0.012281
29579,0.045703
29580,0.017296
29581,0.014153
29582,0.012746
29583,0.011225
29584,0.011885
29585,0.013962
29586,0.013368
29587,0.013314
29588,0.031125
29589,0.036640
29590,0.019637
29591,0.019145
29592,0.035464
29593,0.029353
29594,0.026944
29595,0.023665
29596,0.017961
29597,0.020114
29598,0.024995
29599,0.018584
29600,0.013769
29601,0.015160
29602,0.017723
29603,0.020407
29604,0.029019
29605,0.032889
29606,0.017124
29607,0.018816
29608,0.021484
29609,0.017610
29610,0.013125
29611,0.020915
29612,0.021316
29613,0.013315
29614,0.018015
29615,0.017148
29616,0.015481
29617,0.011827
29618,0.018017
29619,0.019864
29620,0.018891
29621,0.015117
29622,0.025243
29623,0.020788
29624,0.011267
29625,0.025348
29626,0.054366
29627,0.022808
29628,0.016223
29629,0.023733
29630,0.017717
29631,0.017519
29632,0.019185
29633,0.026291
29634,0.022384
29635,0.028045
29636,0.017812
29637,0.022594
29638,0.047304
29639,0.034885
29640,0.019890
29641,0.013227
29642,0.014975
29643,0.028393
29644,0.029574
29645,0.023818
29646,0.015511
29647,0.016231
29648,0.017454
29649,0.016566
29650,0.009256
29651,0.019162
29652,0.029470
29653,0.025295
29654,0.018296
29655,0.016061
29656,0.011031
29657,0.020524
29658,0.015626
29659,0.012777
29660,0.016695
29661,0.042470
29662,0.029023
29663,0.023530
29664,0.021894
29665,0.027009
29666,0.022228
29667,0.017319
29668,0.017552
29669,0.014611
29670,0.016343
29671,0.018307
29672,0.013464
29673,0.019788
29674,0.019136
29675,0.016357
29676,0.021019
29677,0.016228
29678,0.021934
29679,0.017704
29680,0.013057
29681,0.008496
29682,0.011888
29683,0.013608
29684,0.010384
29685,0.013994
29686,0.015690
29687,0.017275
29688,0.019801
29689,0.019997
29690,0.009785
29691,0.016578
29692,0.024945
29693,0.021516
29694,0.010987
29695,0.012425
29696,0.008835
29697,0.008068
29698,0.006978
29699,0.015937
29700,0.021873
29701,0.031573
29702,0.029340
29703,0.017565
29704,0.015958
29705,0.015305
29706,0.023145
29707,0.022848
29708,0.028170
29709,0.020494
29710,0.021125
29711,0.031583
29712,0.035223
29713,0.023147
29714,0.020559
29715,0.016062
29716,0.017337
29717,0.024994
29718,0.047316
29719,0.037565
29720,0.025701
29721,0.026676
29722,0.014750
29723,0.020435
29724,0.028685
29725,0.026501
29726,0.019815
29727,0.044952
29728,0.069214
29729,0.058564
29730,0.028678
29731,0.022229
29732,0.015528
29733,0.018917
29734,0.011737
29735,0.012571
29736,0.028097
29737,0.025668
29738,0.017556
29739,0.014805
29740,0.012907
29741,0.013854
29742,0.012822
29743,0.012023
29744,0.013191
29745,0.014159
29746,0.011257
29747,0.014618
29748,0.016174
29749,0.017220
29750,0.016955
29751,0.017887
29752,0.010797
29753,0.010610
29754,0.023446
29755,0.018717
29756,0.015191
29757,0.018264
29758,0.025477
29759,0.018911
29760,0.021063
29761,0.014295
29762,0.011864
29763,0.018260
29764,0.024992
29765,0.021839
29766,0.029725
29767,0.018079
29768,0.013865
29769,0.016263
29770,0.011918
29771,0.016821
29772,0.010877
29773,0.014810
29774,0.015410
29775,0.018013
29776,0.027881
29777,0.015379
29778,0.024466
29779,0.018872
29780,0.024725
29781,0.032694
29782,0.017809
29783,0.018395
29784,0.021954
29785,0.021318
29786,0.020951
29787,0.022765
29788,0.011083
29789,0.018869
29790,0.024350
29791,0.037350
29792,0.026221
29793,0.018386
29794,0.017360
29795,0.032552
29796,0.027704
29797,0.024898
29798,0.017494
29799,0.016061
29800,0.019255
29801,0.015060
29802,0.013091
29803,0.015549
29804,0.025526
29805,0.017380
29806,0.029411
29807,0.031023
29808,0.023411
29809,0.021353
29810,0.029686
29811,0.027854
29812,0.035984
29813,0.016133
29814,0.017136
29815,0.018549
29816,0.024555
29817,0.026113
29818,0.035117
29819,0.038531
29820,0.025725
29821,0.016437
29822,0.013768
29823,0.015977
29824,0.025386
29825,0.023836
29826,0.021362
29827,0.026369
29828,0.027276
29829,0.014967
29830,0.016550
29831,0.012305
29832,0.020639
29833,0.022917
29834,0.021095
29835,0.020804
29836,0.012085
29837,0.027379
29838,0.013019
29839,0.016972
29840,0.017895
29841,0.017152
29842,0.014818
29843,0.010638
29844,0.012785
29845,0.016031
29846,0.015997
29847,0.012513
29848,0.016991
29849,0.014022
29850,0.018209
29851,0.020304
29852,0.020526
29853,0.017264
29854,0.010384
29855,0.018832
29856,0.013837
29857,0.017252
29858,0.021631
29859,0.016738
29860,0.024938
29861,0.019459
29862,0.012216
29863,0.015980
29864,0.033914
29865,0.026393
29866,0.013654
29867,0.017414
29868,0.024324
29869,0.026756
29870,0.028786
29871,0.024658
29872,0.024559
29873,0.015528
29874,0.027088
29875,0.029286
29876,0.044642
29877,0.024058
29878,0.014859
29879,0.015255
29880,0.020260
29881,0.023863
29882,0.013716
29883,0.020143
29884,0.021617
29885,0.017322
29886,0.015982
29887,0.016478
29888,0.011136
29889,0.010850
29890,0.018287
29891,0.023703
29892,0.026331
29893,0.018118
29894,0.017576
29895,0.025375
29896,0.021651
29897,0.018120
29898,0.011059
29899,0.013764
29900,0.016966
29901,0.020478
29902,0.019343
29903,0.012392
29904,0.011677
29905,0.023176
29906,0.028017
29907,0.029247
29908,0.020212
29909,0.036498
29910,0.030729
29911,0.042616
29912,0.039172
29913,0.022315
29914,0.032910
29915,0.011649
29916,0.017253
29917,0.016674
29918,0.014911
29919,0.015213
29920,0.027986
29921,0.017480
29922,0.026186
29923,0.034007
29924,0.024245
29925,0.022291
29926,0.019125
29927,0.013464
29928,0.014272
29929,0.014253
29930,0.018526
29931,0.019297
29932,0.018460
29933,0.013829
29934,0.022212
29935,0.021507
29936,0.015370
29937,0.012822
29938,0.018234
29939,0.028346
29940,0.026690
29941,0.020982
29942,0.016732
29943,0.024871
29944,0.023432
29945,0.020507
29946,0.023921
29947,0.025638
29948,0.029611
29949,0.026546
29950,0.023176
29951,0.021452
29952,0.018402
29953,0.035143
29954,0.036844
29955,0.018159
29956,0.022113
29957,0.030440
29958,0.040643
29959,0.026816
29960,0.025295
29961,0.039475
29962,0.037247
29963,0.029710
29964,0.026898
29965,0.032324
29966,0.019329
29967,0.018635
29968,0.022881
29969,0.022617
29970,0.017791
29971,0.010716
29972,0.020419
29973,0.034993
29974,0.029892
29975,0.017979
29976,0.016688
29977,0.025087
29978,0.023492
29979,0.023369
29980,0.016056
29981,0.022933
29982,0.026044
29983,0.019395
29984,0.020973
29985,0.031047
29986,0.020929
29987,0.020046
29988,0.015915
29989,0.024703
29990,0.028774
29991,0.022737
29992,0.020188
29993,0.018585
29994,0.023117
29995,0.016955
29996,0.015179
29997,0.018676
29998,0.021996
29999,0.019732
30000,0.015098
30001,0.017913
30002,0.016896
30003,0.013342
30004,0.008859
30005,0.014693
30006,0.012825
30007,0.013492
30008,0.015238
30009,0.019059
30010,0.020144
30011,0.014850
30012,0.014933
30013,0.011521
30014,0.010996
30015,0.011697
30016,0.009305
30017,0.011704
30018,0.013652
30019,0.011025
30020,0.013329
30021,0.012207
30022,0.019810
30023,0.022999
30024,0.011745
30025,0.022030
30026,0.025361
30027,0.020429
30028,0.033819
30029,0.031744
30030,0.028663
30031,0.015976
30032,0.013484
30033,0.020662
30034,0.025059
30035,0.015993
30036,0.011338
30037,0.010773
30038,0.015598
30039,0.016603
30040,0.013418
30041,0.019621
30042,0.018362
30043,0.018897
30044,0.015559
30045,0.029283
30046,0.025297
30047,0.019535
30048,0.034780
30049,0.025868
30050,0.019647
30051,0.030946
30052,0.030202
30053,0.037434
30054,0.027672
30055,0.025251
30056,0.023722
30057,0.025733
30058,0.018856
30059,0.016843
30060,0.015992
30061,0.016323
30062,0.026545
30063,0.018897
30064,0.013565
30065,0.021988
30066,0.024235
30067,0.022709
30068,0.020346
30069,0.018182
30070,0.017008
30071,0.021294
30072,0.018638
30073,0.015978
30074,0.017289
30075,0.016975
30076,0.013954
30077,0.010002
30078,0.010646
30079,0.014824
30080,0.015101
30081,0.016422
30082,0.028131
30083,0.028721
30084,0.016586
30085,0.017618
30086,0.014042
30087,0.012688
30088,0.014969
30089,0.016277
30090,0.016861
30091,0.022231
30092,0.017659
30093,0.023340
30094,0.014020
30095,0.011932
30096,0.015513
30097,0.013834
30098,0.012357
30099,0.011757
30100,0.015947
30101,0.031120
30102,0.018186
30103,0.016754
30104,0.016188
30105,0.019302
30106,0.017143
30107,0.013584
30108,0.010334
30109,0.011444
30110,0.020360
30111,0.017239
30112,0.011833
30113,0.014267
30114,0.019569
30115,0.020120
30116,0.017910
30117,0.012892
30118,0.014819
30119,0.021977
30120,0.019104
30121,0.014679
30122,0.019397
30123,0.014843
30124,0.024887
30125,0.025924
30126,0.020476
30127,0.023452
30128,0.028031
30129,0.015032
30130,0.014741
30131,0.016818
30132,0.017776
30133,0.015397
30134,0.017018
30135,0.017581
30136,0.026859
30137,0.038815
30138,0.039195
30139,0.016439
30140,0.019599
30141,0.021239
30142,0.026758
30143,0.018615
30144,0.038810
30145,0.051089
30146,0.040245
30147,0.023721
30148,0.027882
30149,0.040582
30150,0.038014
30151,0.031604
30152,0.024014
30153,0.028027
30154,0.017576
30155,0.015352
30156,0.027222
30157,0.030910
30158,0.042220
30159,0.020989
30160,0.015747
30161,0.015282
30162,0.037407
30163,0.019615
30164,0.029211
30165,0.027819
30166,0.022018
30167,0.015640
30168,0.029205
30169,0.032800
30170,0.046996
30171,0.052444
30172,0.046455
30173,0.051740
30174,0.037140
30175,0.021822
30176,0.021645
30177,0.026028
30178,0.023993
30179,0.023096
30180,0.024946
30181,0.053346
30182,0.035637
30183,0.025220
30184,0.022796
30185,0.035922
30186,0.020542
30187,0.014795
30188,0.023429
30189,0.048289
30190,0.038724
30191,0.024592
30192,0.022685
30193,0.022273
30194,0.026972
30195,0.014300
30196,0.018322
30197,0.024019
30198,0.016860
30199,0.015849
30200,0.011283
30201,0.014403
30202,0.015275
30203,0.013056
30204,0.015208
30205,0.017400
30206,0.015227
30207,0.014372
30208,0.029606
30209,0.024925
30210,0.027687
30211,0.024525
30212,0.023261
30213,0.013053
30214,0.013188
30215,0.014763
30216,0.012442
30217,0.014740
30218,0.015178
30219,0.009976
30220,0.011680
30221,0.013972
30222,0.010520
30223,0.015305
30224,0.010983
30225,0.012350
30226,0.010029
30227,0.012903
30228,0.021913
30229,0.018476
30230,0.011977
30231,0.022392
30232,0.015588
30233,0.015173
30234,0.013966
30235,0.021726
30236,0.019885
30237,0.020190
30238,0.019033
30239,0.015842
30240,0.013759
30241,0.014219
30242,0.025409
30243,0.017500
30244,0.018591
30245,0.015913
30246,0.018488
30247,0.016367
30248,0.014718
30249,0.016060
30250,0.020228
30251,0.015575
30252,0.014882
30253,0.020080
30254,0.019671
30255,0.012134
30256,0.016608
30257,0.024805
30258,0.019582
30259,0.022200
30260,0.020095
30261,0.029026
30262,0.014947
30263,0.019828
30264,0.021371
30265,0.018421
30266,0.016216
30267,0.019195
30268,0.029215
30269,0.020168
30270,0.013827
30271,0.018283
30272,0.015787
30273,0.018031
30274,0.018610
30275,0.013020
30276,0.012955
30277,0.017627
30278,0.014657
30279,0.019217
30280,0.016214
30281,0.013734
30282,0.018963
30283,0.020613
30284,0.024072
30285,0.014768
30286,0.012054
30287,0.021997
30288,0.027087
30289,0.017608
30290,0.013757
30291,0.014789
30292,0.024958
30293,0.018449
30294,0.012079
30295,0.021908
30296,0.009190
30297,0.011416
30298,0.015630
30299,0.013456
30300,0.016324
30301,0.016941
30302,0.018752
30303,0.020956
30304,0.015592
30305,0.024577
30306,0.022849
30307,0.020717
30308,0.036000
30309,0.031137
30310,0.022957
30311,0.021762
30312,0.023945
30313,0.017283
30314,0.009260
30315,0.021807
30316,0.019151
30317,0.013577
30318,0.018001
30319,0.014174
30320,0.011691
30321,0.017721
30322,0.014668
30323,0.025525
30324,0.019483
30325,0.022544
30326,0.022298
30327,0.018773
30328,0.012274
30329,0.018409
30330,0.016526
30331,0.018441
30332,0.021650
30333,0.021553
30334,0.023407
30335,0.026374
30336,0.032371
30337,0.025990
30338,0.039081
30339,0.043098
30340,0.027004
30341,0.043906
30342,0.026960
30343,0.038945
30344,0.039573
30345,0.032992
30346,0.038987
30347,0.017417
30348,0.019802
30349,0.018046
30350,0.016336
30351,0.028478
30352,0.062790
30353,0.032099
30354,0.018906
30355,0.026126
30356,0.029100
30357,0.039478
30358,0.019543
30359,0.024783
30360,0.029959
30361,0.021024
30362,0.012673
30363,0.015925
30364,0.017953
30365,0.013865
30366,0.009096
30367,0.010200
30368,0.015697
30369,0.017646
30370,0.015608
30371,0.015141
30372,0.014158
30373,0.014512
30374,0.020953
30375,0.023717
30376,0.017764
30377,0.009715
30378,0.014958
30379,0.035415
30380,0.036134
30381,0.019633
30382,0.022310
30383,0.041388
30384,0.025482
30385,0.019555
30386,0.025061
30387,0.038596
30388,0.028835
30389,0.018715
30390,0.033047
30391,0.031415
30392,0.041627
30393,0.019235
30394,0.012920
30395,0.016727
30396,0.020928
30397,0.024496
30398,0.014521
30399,0.014599
30400,0.030025
30401,0.023163
30402,0.015254
30403,0.023427
30404,0.023981
30405,0.024906
30406,0.024616
30407,0.022187
30408,0.021409
30409,0.015895
30410,0.015904
30411,0.026770
30412,0.024472
30413,0.040408
30414,0.023170
30415,0.018110
30416,0.011679
30417,0.017656
30418,0.030590
30419,0.023894
30420,0.020958
30421,0.036406
30422,0.046537
30423,0.038092
30424,0.019120
30425,0.024701
30426,0.034466
30427,0.023041
30428,0.016114
30429,0.019887
30430,0.034661
30431,0.031576
30432,0.017025
30433,0.018614
30434,0.020512
30435,0.023260
30436,0.015639
30437,0.022264
30438,0.029060
30439,0.017960
30440,0.018429
30441,0.016577
30442,0.025049
30443,0.030776
30444,0.020790
30445,0.013165
30446,0.017305
30447,0.015139
30448,0.018398
30449,0.018377
30450,0.024111
30451,0.015857
30452,0.008926
30453,0.013452
30454,0.014234
30455,0.015801
30456,0.016414
30457,0.020832
30458,0.018899
30459,0.014249
30460,0.060914
30461,0.015746
30462,0.012943
30463,0.011780
30464,0.016284
30465,0.013508
30466,0.012830
30467,0.011493
30468,0.009872
30469,0.011412
30470,0.015950
30471,0.019789
30472,0.018391
30473,0.009037
30474,0.031176
30475,0.019231
30476,0.014292
30477,0.035190
30478,0.032708
30479,0.024800
30480,0.018096
30481,0.018398
30482,0.035608
30483,0.020981
30484,0.019454
30485,0.041925
30486,0.017426
30487,0.022483
30488,0.019036
30489,0.015095
30490,0.018899
30491,0.016095
30492,0.012448
30493,0.012973
30494,0.027823
30495,0.010032
30496,0.011241
30497,0.012597
30498,0.011383
30499,0.013583
30500,0.014125
30501,0.011933
30502,0.015858
30503,0.017912
30504,0.024230
30505,0.015887
30506,0.027935
30507,0.024298
30508,0.022070
30509,0.024407
30510,0.012955
30511,0.017564
30512,0.017679
30513,0.010566
30514,0.010956
30515,0.009495
30516,0.019472
30517,0.014890
30518,0.017162
30519,0.018256
30520,0.013540
30521,0.014976
30522,0.018084
30523,0.016430
30524,0.010921
30525,0.010266
30526,0.010248
30527,0.011415
30528,0.021402
30529,0.016006
30530,0.012104
30531,0.012007
30532,0.017106
30533,0.012147
30534,0.012309
30535,0.024097
30536,0.025971
30537,0.023506
30538,0.011752
30539,0.016205
30540,0.024352
30541,0.016603
30542,0.012450
30543,0.015846
30544,0.029136
30545,0.017921
30546,0.032317
30547,0.014578
30548,0.027032
30549,0.033843
30550,0.031762
30551,0.019527
30552,0.018313
30553,0.014146
30554,0.012965
30555,0.020212
30556,0.021727
30557,0.015424
30558,0.016505
30559,0.016019
30560,0.030463
30561,0.026977
30562,0.026959
30563,0.020676
30564,0.016039
30565,0.023886
30566,0.026472
30567,0.019487
30568,0.015404
30569,0.017138
30570,0.014890
30571,0.021008
30572,0.016151
30573,0.020184
30574,0.018006
30575,0.012684
30576,0.010386
30577,0.011363
30578,0.009730
30579,0.021563
30580,0.017997
30581,0.023480
30582,0.017265
30583,0.013689
30584,0.018292
30585,0.011671
30586,0.017647
30587,0.016945
30588,0.015498
30589,0.009938
30590,0.022729
30591,0.023419
30592,0.018209
30593,0.013291
30594,0.013205
30595,0.021845
30596,0.013121
30597,0.014486
30598,0.015523
30599,0.016390
30600,0.012892
30601,0.014402
30602,0.013398
30603,0.011690
30604,0.025440
30605,0.036794
30606,0.029947
30607,0.025829
30608,0.017764
30609,0.027740
30610,0.028013
30611,0.042588
30612,0.022661
30613,0.031329
30614,0.023923
30615,0.026092
30616,0.021165
30617,0.012945
30618,0.010614
30619,0.027026
30620,0.017579
30621,0.020864
30622,0.030289
30623,0.016570
30624,0.010740
30625,0.022791
30626,0.017152
30627,0.027838
30628,0.021289
30629,0.026739
30630,0.031349
30631,0.043408
30632,0.033621
30633,0.023827
30634,0.022323
30635,0.011921
30636,0.015092
30637,0.015290
30638,0.021661
30639,0.017818
30640,0.013200
30641,0.014367
30642,0.009710
30643,0.011077
30644,0.021343
30645,0.022858
30646,0.023610
30647,0.014416
30648,0.022508
30649,0.030650
30650,0.019109
30651,0.010400
30652,0.016563
30653,0.022996
30654,0.019876
30655,0.028112
30656,0.018299
30657,0.020846
30658,0.022228
30659,0.017497
30660,0.017868
30661,0.016247
30662,0.016172
30663,0.021034
30664,0.020575
30665,0.016578
30666,0.019903
30667,0.023891
30668,0.014008
30669,0.020309
30670,0.043974
30671,0.020817
30672,0.018415
30673,0.011889
30674,0.018951
30675,0.041944
30676,0.029697
30677,0.022010
30678,0.026874
30679,0.017668
30680,0.027444
30681,0.021098
30682,0.018583
30683,0.015190
30684,0.016398
30685,0.020948
30686,0.017584
30687,0.014617
30688,0.016593
30689,0.019265
30690,0.015649
30691,0.017682
30692,0.013578
30693,0.008061
30694,0.010448
30695,0.010105
30696,0.010116
30697,0.009927
30698,0.014629
30699,0.011428
30700,0.015271
30701,0.014214
30702,0.016093
30703,0.011423
30704,0.012050
30705,0.012208
30706,0.012074
30707,0.018024
30708,0.020480
30709,0.013446
30710,0.014232
30711,0.026429
30712,0.019493
30713,0.015497
30714,0.030477
30715,0.045656
30716,0.031653
30717,0.022449
30718,0.010992
30719,0.029329
30720,0.041556
30721,0.051177
30722,0.041322
30723,0.039495
30724,0.034515
30725,0.017411
30726,0.020504
30727,0.020590
30728,0.016305
30729,0.026752
30730,0.021420
30731,0.023007
30732,0.024345
30733,0.017465
30734,0.031524
30735,0.023919
30736,0.021608
30737,0.022323
30738,0.032656
30739,0.023708
30740,0.020022
30741,0.027645
30742,0.035949
30743,0.033348
30744,0.022103
30745,0.027092
30746,0.031134
30747,0.030274
30748,0.015327
30749,0.021278
30750,0.030534
30751,0.023697
30752,0.017698
30753,0.018622
30754,0.032773
30755,0.028375
30756,0.009204
30757,0.014734
30758,0.070288
30759,0.101137
30760,0.024496
30761,0.019704
30762,0.025434
30763,0.028941
30764,0.015333
30765,0.011720
30766,0.010912
30767,0.014921
30768,0.012964
30769,0.012396
30770,0.009732
30771,0.013670
30772,0.018279
30773,0.017283
30774,0.010517
30775,0.007958
30776,0.009689
30777,0.014154
30778,0.009412
30779,0.015824
30780,0.019188
30781,0.018523
30782,0.013853
30783,0.015438
30784,0.014645
30785,0.013099
30786,0.012510
30787,0.019237
30788,0.015165
30789,0.015237
30790,0.023284
30791,0.021991
30792,0.015606
30793,0.023726
30794,0.016863
30795,0.013171
30796,0.014931
30797,0.013977
30798,0.010160
30799,0.013110
30800,0.010619
30801,0.035263
30802,0.032083
30803,0.026740
30804,0.023168
30805,0.034565
30806,0.017539
30807,0.020130
30808,0.017184
30809,0.017658
30810,0.016547
30811,0.019702
30812,0.020748
30813,0.019081
30814,0.015738
30815,0.013216
30816,0.011131
30817,0.013535
30818,0.017875
30819,0.016445
30820,0.015408
30821,0.015277
30822,0.019222
30823,0.014783
30824,0.021518
30825,0.015660
30826,0.023357
30827,0.030852
30828,0.043933
30829,0.037299
30830,0.021190
30831,0.016627
30832,0.021159
30833,0.014864
30834,0.026854
30835,0.019080
30836,0.012703
30837,0.014868
30838,0.012103
30839,0.012376
30840,0.011451
30841,0.022673
30842,0.024064
30843,0.019635
30844,0.024390
30845,0.028932
30846,0.025556
30847,0.016917
30848,0.013044
30849,0.014211
30850,0.018225
30851,0.016351
30852,0.018585
30853,0.013885
30854,0.023211
30855,0.021744
30856,0.014491
30857,0.014145
30858,0.019760
30859,0.020960
30860,0.021220
30861,0.026285
30862,0.017492
30863,0.022248
30864,0.021941
30865,0.024722
30866,0.016365
30867,0.012429
30868,0.024375
30869,0.026281
30870,0.021575
30871,0.019649
30872,0.014784
30873,0.011274
30874,0.010670
30875,0.011902
30876,0.011132
30877,0.015709
30878,0.020366
30879,0.012061
30880,0.011716
30881,0.010697
30882,0.010616
30883,0.021454
30884,0.028540
30885,0.016586
30886,0.010475
30887,0.010584
30888,0.017936
30889,0.010343
30890,0.014577
30891,0.015178
30892,0.017244
30893,0.009092
30894,0.010870
30895,0.013630
30896,0.012370
30897,0.007926
30898,0.009947
30899,0.009269
30900,0.008644
30901,0.011225
30902,0.014330
30903,0.011865
30904,0.013293
30905,0.012942
30906,0.010279
30907,0.023316
30908,0.035339
30909,0.033177
30910,0.028471
30911,0.022290
30912,0.026283
30913,0.031759
30914,0.027714
30915,0.016604
30916,0.011723
30917,0.010175
30918,0.017627
30919,0.014142
30920,0.014029
30921,0.016690
30922,0.018886
30923,0.027354
30924,0.019897
30925,0.018985
30926,0.013275
30927,0.014323
30928,0.017988
30929,0.019001
30930,0.022748
30931,0.014922
30932,0.011081
30933,0.009515
30934,0.008780
30935,0.014771
30936,0.021515
30937,0.022515
30938,0.019298
30939,0.024556
30940,0.018369
30941,0.032448
30942,0.034116
30943,0.034790
30944,0.030067
30945,0.022064
30946,0.023487
30947,0.018000
30948,0.018536
30949,0.018793
30950,0.013733
30951,0.013811
30952,0.012762
30953,0.017573
30954,0.010738
30955,0.014737
30956,0.016892
30957,0.014831
30958,0.014194
30959,0.012805
30960,0.015573
30961,0.013787
30962,0.014238
30963,0.012997
30964,0.015279
30965,0.013756
30966,0.015547
30967,0.010075
30968,0.021502
30969,0.015579
30970,0.014610
30971,0.012553
30972,0.014803
30973,0.013182
30974,0.013744
30975,0.012341
30976,0.017794
30977,0.012717
30978,0.012735
30979,0.013149
30980,0.013027
30981,0.016339
30982,0.017344
30983,0.013227
30984,0.009337
30985,0.015411
30986,0.012552
30987,0.013336
30988,0.026849
30989,0.016196
30990,0.017104
30991,0.019795
30992,0.024955
30993,0.012842
30994,0.018392
30995,0.023390
30996,0.015325
30997,0.018270
30998,0.015583
30999,0.017052
31000,0.016656
31001,0.015938
31002,0.013323
31003,0.009176
31004,0.010893
31005,0.013880
31006,0.015550
31007,0.018939
31008,0.014851
31009,0.017591
31010,0.016760
31011,0.021869
31012,0.018845
31013,0.019909
31014,0.015511
31015,0.012923
31016,0.017213
31017,0.013317
31018,0.019417
31019,0.046208
31020,0.045090
31021,0.029944
31022,0.015674
31023,0.021327
31024,0.021250
31025,0.025184
31026,0.017288
31027,0.034936
31028,0.038493
31029,0.032884
31030,0.023362
31031,0.020256
31032,0.029056
31033,0.030431
31034,0.027447
31035,0.017909
31036,0.018628
31037,0.028896
31038,0.023975
31039,0.018038
31040,0.022058
31041,0.012928
31042,0.025297
31043,0.020630
31044,0.016434
31045,0.014797
31046,0.016796
31047,0.014896
31048,0.013586
31049,0.014146
31050,0.013627
31051,0.014658
31052,0.020814
31053,0.018714
31054,0.011519
31055,0.019124
31056,0.026528
31057,0.024167
31058,0.022369
31059,0.035698
31060,0.036021
31061,0.032950
31062,0.035599
31063,0.028980
31064,0.021865
31065,0.021883
31066,0.022058
31067,0.017946
31068,0.013046
31069,0.014240
31070,0.020693
31071,0.020355
31072,0.020244
31073,0.022372
31074,0.027458
31075,0.017649
31076,0.023263
31077,0.026611
31078,0.026794
31079,0.017985
31080,0.014787
31081,0.038546
31082,0.028831
31083,0.033697
31084,0.026868
31085,0.035610
31086,0.035992
31087,0.018957
31088,0.017581
31089,0.025107
31090,0.033338
31091,0.028107
31092,0.031807
31093,0.023219
31094,0.019889
31095,0.015132
31096,0.019364
31097,0.015459
31098,0.009261
31099,0.010156
31100,0.018832
31101,0.040187
31102,0.026083
31103,0.016584
31104,0.012097
31105,0.027165
31106,0.042015
31107,0.025176
31108,0.025151
31109,0.037174
31110,0.022723
31111,0.027952
31112,0.019935
31113,0.016598
31114,0.020912
31115,0.019533
31116,0.017961
31117,0.016282
31118,0.012518
31119,0.011648
31120,0.019134
31121,0.030143
31122,0.026588
31123,0.023093
31124,0.029373
31125,0.028755
31126,0.014542
31127,0.015226
31128,0.015101
31129,0.015074
31130,0.012648
31131,0.022493
31132,0.020191
31133,0.018627
31134,0.014842
31135,0.007389
31136,0.014776
31137,0.022569
31138,0.021933
31139,0.016083
31140,0.021220
31141,0.018931
31142,0.021768
31143,0.018325
31144,0.014233
31145,0.014231
31146,0.018438
31147,0.021095
31148,0.019881
31149,0.015289
31150,0.013220
31151,0.017348
31152,0.025224
31153,0.015270
31154,0.010913
31155,0.011685
31156,0.017117
31157,0.014321
31158,0.012446
31159,0.011307
31160,0.019059
31161,0.015737
31162,0.012980
31163,0.016614
31164,0.014106
31165,0.021594
31166,0.019382
31167,0.017121
31168,0.020278
31169,0.011165
31170,0.014947
31171,0.016882
31172,0.020802
31173,0.031461
31174,0.022435
31175,0.011965
31176,0.021792
31177,0.025259
31178,0.029780
31179,0.040460
31180,0.017232
31181,0.018948
31182,0.030252
31183,0.033253
31184,0.027248
31185,0.024915
31186,0.027892
31187,0.030390
31188,0.021207
31189,0.013177
31190,0.023977
31191,0.033087
31192,0.028389
31193,0.017315
31194,0.022790
31195,0.028192
31196,0.030600
31197,0.018699
31198,0.021480
31199,0.016564
31200,0.020707
31201,0.015933
31202,0.015640
31203,0.018511
31204,0.013862
31205,0.011724
31206,0.018222
31207,0.011314
31208,0.017085
31209,0.018820
31210,0.018051
31211,0.016884
31212,0.018995
31213,0.027167
31214,0.025284
31215,0.017226
31216,0.022859
31217,0.029317
31218,0.017614
31219,0.017495
31220,0.017113
31221,0.014440
31222,0.019173
31223,0.015669
31224,0.011544
31225,0.014159
31226,0.020079
31227,0.016082
31228,0.011021
31229,0.014536
31230,0.014681
31231,0.013743
31232,0.020983
31233,0.014367
31234,0.022208
31235,0.019422
31236,0.009557
31237,0.017112
31238,0.021434
31239,0.018198
31240,0.016155
31241,0.011973
31242,0.018062
31243,0.016547
31244,0.021856
31245,0.026068
31246,0.033201
31247,0.032783
31248,0.013676
31249,0.015339
31250,0.021083
31251,0.033139
31252,0.017378
31253,0.012960
31254,0.014541
31255,0.020168
31256,0.019897
31257,0.011485
31258,0.026721
31259,0.038081
31260,0.033888
31261,0.023847
31262,0.034095
31263,0.019018
31264,0.016880
31265,0.016923
31266,0.013508
31267,0.017251
31268,0.017187
31269,0.013713
31270,0.015023
31271,0.013780
31272,0.014318
31273,0.012812
31274,0.025473
31275,0.021415
31276,0.022052
31277,0.014548
31278,0.019828
31279,0.022844
31280,0.028585
31281,0.022990
31282,0.022036
31283,0.019510
31284,0.020074
31285,0.014690
31286,0.011129
31287,0.018035
31288,0.013341
31289,0.012491
31290,0.008719
31291,0.015636
31292,0.009796
31293,0.011655
31294,0.014215
31295,0.011849
31296,0.010409
31297,0.011502
31298,0.014259
31299,0.014667
31300,0.011727
31301,0.010747
31302,0.007786
31303,0.013609
31304,0.010233
31305,0.015566
31306,0.016378
31307,0.016258
31308,0.019035
31309,0.022026
31310,0.019247
31311,0.021999
31312,0.020853
31313,0.020233
31314,0.028862
31315,0.028991
31316,0.027567
31317,0.023269
31318,0.024112
31319,0.034215
31320,0.018947
31321,0.020825
31322,0.021736
31323,0.026481
31324,0.027339
31325,0.018156
31326,0.016125
31327,0.017702
31328,0.014255
31329,0.026019
31330,0.032564
31331,0.021089
31332,0.021098
31333,0.011171
31334,0.020590
31335,0.034371
31336,0.038270
31337,0.016040
31338,0.019409
31339,0.018951
31340,0.017696
31341,0.021280
31342,0.015068
31343,0.013613
31344,0.013572
31345,0.015059
31346,0.022036
31347,0.020957
31348,0.013172
31349,0.010901
31350,0.011344
31351,0.013485
31352,0.017853
31353,0.017934
31354,0.019195
31355,0.019144
31356,0.022928
31357,0.013253
31358,0.016085
31359,0.019608
31360,0.015585
31361,0.008519
31362,0.009042
31363,0.012063
31364,0.018176
31365,0.014048
31366,0.015261
31367,0.010474
31368,0.009541
31369,0.012243
31370,0.015040
31371,0.018445
31372,0.014380
31373,0.017502
31374,0.016733
31375,0.016857
31376,0.012820
31377,0.010202
31378,0.011768
31379,0.017210
31380,0.013095
31381,0.015568
31382,0.016118
31383,0.024279
31384,0.016337
31385,0.021820
31386,0.013428
31387,0.016621
31388,0.017764
31389,0.018270
31390,0.010517
31391,0.013939
31392,0.021244
31393,0.018863
31394,0.015623
31395,0.011874
31396,0.015291
31397,0.015877
31398,0.015983
31399,0.012238
31400,0.009174
31401,0.013305
31402,0.017387
31403,0.010369
31404,0.017163
31405,0.022979
31406,0.021606
31407,0.022798
31408,0.018806
31409,0.016801
31410,0.008138
31411,0.014906
31412,0.026374
31413,0.031192
31414,0.036064
31415,0.017460
31416,0.020002
31417,0.022358
31418,0.027570
31419,0.019711
31420,0.028169
31421,0.032837
31422,0.041063
31423,0.017718
31424,0.019756
31425,0.016832
31426,0.020864
31427,0.015448
31428,0.025770
31429,0.027564
31430,0.015626
31431,0.014010
31432,0.018045
31433,0.038440
31434,0.033792
31435,0.023719
31436,0.025420
31437,0.017700
31438,0.023445
31439,0.014605
31440,0.020656
31441,0.022595
31442,0.013986
31443,0.015513
31444,0.014548
31445,0.014551
31446,0.014499
31447,0.025174
31448,0.014333
31449,0.014831
31450,0.019038
31451,0.016959
31452,0.016127
31453,0.014832
31454,0.014417
31455,0.014632
31456,0.013595
31457,0.011073
31458,0.014883
31459,0.016712
31460,0.013787
31461,0.008158
31462,0.014228
31463,0.017017
31464,0.014199
31465,0.014318
31466,0.016740
31467,0.031173
31468,0.014369
31469,0.019494
31470,0.014319
31471,0.012537
31472,0.019416
31473,0.025543
31474,0.017237
31475,0.015870
31476,0.013345
31477,0.012728
31478,0.012143
31479,0.014747
31480,0.015729
31481,0.025705
31482,0.019830
31483,0.015170
31484,0.028122
31485,0.031334
31486,0.025115
31487,0.014431
31488,0.031168
31489,0.030727
31490,0.025508
31491,0.026152
31492,0.029167
31493,0.031453
31494,0.019360
31495,0.014374
31496,0.014463
31497,0.019225
31498,0.015805
31499,0.024152
31500,0.021920
31501,0.015683
31502,0.012595
31503,0.019229
31504,0.016864
31505,0.016579
31506,0.023241
31507,0.031761
31508,0.031895
31509,0.021009
31510,0.015673
31511,0.022842
31512,0.026229
31513,0.023796
31514,0.014860
31515,0.014344
31516,0.021954
31517,0.032495
31518,0.022855
31519,0.024200
31520,0.019864
31521,0.025139
31522,0.014850
31523,0.017117
31524,0.013367
31525,0.020471
31526,0.029417
31527,0.018375
31528,0.016040
31529,0.013845
31530,0.013296
31531,0.011926
31532,0.010190
31533,0.015729
31534,0.024543
31535,0.014732
31536,0.009773
31537,0.012053
31538,0.014615
31539,0.009119
31540,0.010145
31541,0.011834
31542,0.010288
31543,0.013558
31544,0.017774
31545,0.014743
31546,0.014258
31547,0.012449
31548,0.008624
31549,0.018025
31550,0.016170
31551,0.015085
31552,0.017689
31553,0.021092
31554,0.012915
31555,0.016174
31556,0.014313
31557,0.011196
31558,0.009380
31559,0.010958
31560,0.009745
31561,0.013032
31562,0.013246
31563,0.010156
31564,0.009354
31565,0.011225
31566,0.010586
31567,0.011639
31568,0.016865
31569,0.011232
31570,0.009298
31571,0.010348
31572,0.011747
31573,0.012782
31574,0.009577
31575,0.009552
31576,0.013692
31577,0.026267
31578,0.010913
31579,0.011456
31580,0.019269
31581,0.011774
31582,0.013519
31583,0.011880
31584,0.010819
31585,0.014771
31586,0.013420
31587,0.008960
31588,0.008057
31589,0.011920
31590,0.011059
31591,0.008539
31592,0.009715
31593,0.009276
31594,0.008462
31595,0.008992
31596,0.009921
31597,0.008638
31598,0.014648
31599,0.011133
31600,0.010680
31601,0.012875
31602,0.014904
31603,0.010561
31604,0.011714
31605,0.010519
31606,0.017418
31607,0.016229
31608,0.013446
31609,0.008989
31610,0.014078
31611,0.014251
31612,0.011502
31613,0.012487
31614,0.017206
31615,0.012571
31616,0.010648
31617,0.016595
31618,0.013850
31619,0.011090
31620,0.024551
31621,0.014763
31622,0.013947
31623,0.015769
31624,0.013171
31625,0.015637
31626,0.018842
31627,0.014999
31628,0.015323
31629,0.011965
31630,0.018315
31631,0.024280
31632,0.018661
31633,0.018891
31634,0.020159
31635,0.013693
31636,0.010811
31637,0.012116
31638,0.011797
31639,0.010378
31640,0.021976
31641,0.018521
31642,0.016961
31643,0.016942
31644,0.019265
31645,0.019865
31646,0.012208
31647,0.020943
31648,0.018276
31649,0.016018
31650,0.018131
31651,0.020378
31652,0.020708
31653,0.014875
31654,0.017706
31655,0.016106
31656,0.016322
31657,0.013855
31658,0.012527
31659,0.017827
31660,0.020963
31661,0.012828
31662,0.019320
31663,0.015021
31664,0.018155
31665,0.016630
31666,0.016078
31667,0.011917
31668,0.018973
31669,0.016212
31670,0.019067
31671,0.019167
31672,0.017256
31673,0.010306
31674,0.012040
31675,0.014738
31676,0.016054
31677,0.014956
31678,0.011824
31679,0.023353
31680,0.016389
31681,0.014125
31682,0.017484
31683,0.015884
31684,0.013320
31685,0.015127
31686,0.019319
31687,0.016533
31688,0.019239
31689,0.013606
31690,0.017283
31691,0.014442
31692,0.015203
31693,0.011711
31694,0.013057
31695,0.017132
31696,0.019839
31697,0.021029
31698,0.012491
31699,0.014406
31700,0.017489
31701,0.018491
31702,0.014476
31703,0.026503
31704,0.022023
31705,0.029315
31706,0.020738
31707,0.023864
31708,0.021629
31709,0.014734
31710,0.014122
31711,0.014763
31712,0.013136
31713,0.011557
31714,0.026570
31715,0.028007
31716,0.030321
31717,0.022816
31718,0.026681
31719,0.023233
31720,0.016207
31721,0.013416
31722,0.018202
31723,0.024369
31724,0.018521
31725,0.014731
31726,0.014199
31727,0.016614
31728,0.010742
31729,0.015744
31730,0.012734
31731,0.013068
31732,0.008320
31733,0.008646
31734,0.010774
31735,0.012464
31736,0.019545
31737,0.016374
31738,0.011779
31739,0.011306
31740,0.012351
31741,0.032474
31742,0.012063
31743,0.012666
31744,0.014913
31745,0.021176
31746,0.022457
31747,0.011969
31748,0.027244
31749,0.035320
31750,0.019753
31751,0.022959
31752,0.029107
31753,0.011050
31754,0.010318
31755,0.013900
31756,0.012684
31757,0.019208
31758,0.021714
31759,0.015976
31760,0.010445
31761,0.016808
31762,0.017614
31763,0.010927
31764,0.008923
31765,0.012164
31766,0.018627
31767,0.014798
31768,0.022779
31769,0.015924
31770,0.012976
31771,0.017906
31772,0.013851
31773,0.015566
31774,0.020123
31775,0.013505
31776,0.023468
31777,0.017901
31778,0.016501
31779,0.016415
31780,0.013846
31781,0.022650
31782,0.011786
31783,0.019223
31784,0.016801
31785,0.011993
31786,0.014890
31787,0.014526
31788,0.014643
31789,0.016388
31790,0.014196
31791,0.017282
31792,0.014954
31793,0.012050
31794,0.012051
31795,0.014961
31796,0.013880
31797,0.011412
31798,0.012597
31799,0.015756
31800,0.010507
31801,0.010812
31802,0.014218
31803,0.012978
31804,0.017451
31805,0.020961
31806,0.014198
31807,0.018553
31808,0.011511
31809,0.012875
31810,0.010121
31811,0.012012
31812,0.013917
31813,0.008848
31814,0.017679
31815,0.014152
31816,0.017771
31817,0.014392
31818,0.012379
31819,0.012729
31820,0.013790
31821,0.016360
31822,0.011590
31823,0.014814
31824,0.011192
31825,0.013165
31826,0.015105
31827,0.011861
31828,0.012577
31829,0.014942
31830,0.009249
31831,0.009610
31832,0.011378
31833,0.016118
31834,0.010632
31835,0.011198
31836,0.015294
31837,0.008504
31838,0.011154
31839,0.008100
31840,0.010117
31841,0.010706
31842,0.013395
31843,0.017484
31844,0.012658
31845,0.017780
31846,0.013729
31847,0.018793
31848,0.009845
31849,0.012261
31850,0.017746
31851,0.013614
31852,0.015466
31853,0.014084
31854,0.009902
31855,0.010518
31856,0.012727
31857,0.009978
31858,0.009368
31859,0.010050
31860,0.014452
31861,0.013961
31862,0.010791
31863,0.012768
31864,0.008243
31865,0.010420
31866,0.009726
31867,0.010486
31868,0.016944
31869,0.020098
31870,0.020008
31871,0.017580
31872,0.018788
31873,0.017025
31874,0.013814
31875,0.012372
31876,0.015379
31877,0.015652
31878,0.012604
31879,0.009953
31880,0.015914
31881,0.012525
31882,0.013247
31883,0.013896
31884,0.012054
31885,0.010595
31886,0.014990
31887,0.013411
31888,0.009962
31889,0.009994
31890,0.008046
31891,0.009924
31892,0.012819
31893,0.011253
31894,0.012540
31895,0.008421
31896,0.009400
31897,0.015003
31898,0.011458
31899,0.009558
31900,0.015253
31901,0.021711
31902,0.013878
31903,0.008976
31904,0.010108
31905,0.014023
31906,0.013836
31907,0.008723
31908,0.009648
31909,0.009409
31910,0.007195
31911,0.009147
31912,0.010925
31913,0.010117
31914,0.012840
31915,0.011972
31916,0.010923
31917,0.011987
31918,0.021398
31919,0.016071
31920,0.011805
31921,0.011568
31922,0.012996
31923,0.013101
31924,0.012659
31925,0.011673
31926,0.017554
31927,0.018285
31928,0.017073
31929,0.018324
31930,0.022583
31931,0.020087
31932,0.014658
31933,0.010635
31934,0.014904
31935,0.013711
31936,0.016089
31937,0.013251
31938,0.015524
31939,0.015211
31940,0.013210
31941,0.007993
31942,0.010710
31943,0.014616
31944,0.008247
31945,0.009700
31946,0.015315
31947,0.013008
31948,0.013495
31949,0.012641
31950,0.011076
31951,0.012458
31952,0.014054
31953,0.010256
31954,0.010644
31955,0.020612
31956,0.020497
31957,0.017122
31958,0.016426
31959,0.012411
31960,0.010015
31961,0.012632
31962,0.015240
31963,0.013890
31964,0.012128
31965,0.012568
31966,0.011804
31967,0.014011
31968,0.011876
31969,0.012525
31970,0.014592
31971,0.008720
31972,0.010618
31973,0.010349
31974,0.010802
31975,0.012947
31976,0.011029
31977,0.013626
31978,0.010031
31979,0.011285
31980,0.018521
31981,0.013404
31982,0.012539
31983,0.008544
31984,0.013987
31985,0.009125
31986,0.011538
31987,0.008439
31988,0.011519
31989,0.010308
31990,0.014322
31991,0.016154
31992,0.018550
31993,0.022896
31994,0.036698
31995,0.017297
31996,0.010415
31997,0.032567
31998,0.041936
31999,0.029053
32000,0.019355
32001,0.014820
32002,0.020497
32003,0.024599
32004,0.026187
32005,0.012920
32006,0.015440
32007,0.020418
32008,0.022200
32009,0.018624
32010,0.023301
32011,0.031301
32012,0.029158
32013,0.019371
32014,0.016244
32015,0.019600
32016,0.021697
32017,0.011883
32018,0.012272
32019,0.015404
32020,0.016025
32021,0.011711
32022,0.014333
32023,0.009533
32024,0.007518
32025,0.011578
32026,0.012466
32027,0.009507
32028,0.011942
32029,0.016183
32030,0.016238
32031,0.011695
32032,0.017415
32033,0.019298
32034,0.012391
32035,0.009659
32036,0.011272
32037,0.018775
32038,0.020912
32039,0.016808
32040,0.016655
32041,0.014023
32042,0.014448
32043,0.014212
32044,0.009109
32045,0.012514
32046,0.011243
32047,0.011880
32048,0.011298
32049,0.011368
32050,0.012204
32051,0.009887
32052,0.010573
32053,0.013875
32054,0.014028
32055,0.009848
32056,0.008589
32057,0.014697
32058,0.016785
32059,0.015851
32060,0.010943
32061,0.015570
32062,0.016496
32063,0.014791
32064,0.012431
32065,0.012990
32066,0.011668
32067,0.022070
32068,0.016428
32069,0.012816
32070,0.011818
32071,0.012132
32072,0.009433
32073,0.008419
32074,0.007938
32075,0.008225
32076,0.006838
32077,0.011222
32078,0.011671
32079,0.010974
32080,0.014052
32081,0.017696
32082,0.011498
32083,0.020284
32084,0.019323
32085,0.016095
32086,0.014366
32087,0.018943
32088,0.013479
32089,0.007677
32090,0.010497
32091,0.008710
32092,0.008582
32093,0.013988
32094,0.009420
32095,0.011320
32096,0.018462
32097,0.012285
32098,0.010568
32099,0.014598
32100,0.011753
32101,0.013507
32102,0.014250
32103,0.013836
32104,0.008649
32105,0.012428
32106,0.014729
32107,0.012882
32108,0.015141
32109,0.013774
32110,0.013296
32111,0.022777
32112,0.023761
32113,0.016377
32114,0.012289
32115,0.010564
32116,0.022863
32117,0.017933
32118,0.015325
32119,0.015479
32120,0.018467
32121,0.020844
32122,0.013229
32123,0.010333
32124,0.013001
32125,0.010912
32126,0.009338
32127,0.010217
32128,0.010429
32129,0.012387
32130,0.012087
32131,0.009351
32132,0.014308
32133,0.013217
32134,0.021055
32135,0.017475
32136,0.018776
32137,0.014862
32138,0.010718
32139,0.012805
32140,0.010642
32141,0.012766
32142,0.008318
32143,0.009900
32144,0.016196
32145,0.017560
32146,0.017805
32147,0.010079
32148,0.012177
32149,0.014389
32150,0.021469
32151,0.011831
32152,0.012414
32153,0.020508
32154,0.015606
32155,0.013434
32156,0.011773
32157,0.009314
32158,0.013665
32159,0.014027
32160,0.008855
32161,0.010011
32162,0.019815
32163,0.017258
32164,0.015660
32165,0.009002
32166,0.011862
32167,0.013275
32168,0.009998
32169,0.015294
32170,0.011906
32171,0.009965
32172,0.009857
32173,0.010565
32174,0.009235
32175,0.011882
32176,0.009651
32177,0.010771
32178,0.011717
32179,0.010311
32180,0.007755
32181,0.008805
32182,0.008881
32183,0.009320
32184,0.008453
32185,0.007581
32186,0.006239
32187,0.009763
32188,0.011220
32189,0.014566
32190,0.009602
32191,0.010597
32192,0.013564
32193,0.018695
32194,0.013823
32195,0.024574
32196,0.022502
32197,0.017574
32198,0.020306
32199,0.021892
32200,0.018886
32201,0.011478
32202,0.014687
32203,0.017097
32204,0.013496
32205,0.011125
32206,0.013728
32207,0.013974
32208,0.010265
32209,0.008819
32210,0.007530
32211,0.009130
32212,0.012436
32213,0.009634
32214,0.013198
32215,0.020428
32216,0.018660
32217,0.014801
32218,0.011125
32219,0.009893
32220,0.014086
32221,0.021542
32222,0.012430
32223,0.010712
32224,0.018300
32225,0.016011
32226,0.014375
32227,0.015519
32228,0.025544
32229,0.016905
32230,0.014652
32231,0.020987
32232,0.020741
32233,0.011177
32234,0.009353
32235,0.014938
32236,0.011013
32237,0.011312
32238,0.018253
32239,0.015657
32240,0.014398
32241,0.010809
32242,0.012893
32243,0.010599
32244,0.011876
32245,0.013502
32246,0.010053
32247,0.008023
32248,0.020304
32249,0.033080
32250,0.022690
32251,0.020630
32252,0.026178
32253,0.026897
32254,0.020004
32255,0.021829
32256,0.017512
32257,0.023136
32258,0.017263
32259,0.012751
32260,0.012066
32261,0.010997
32262,0.016889
32263,0.012336
32264,0.016229
32265,0.013290
32266,0.013957
32267,0.011554
32268,0.010188
32269,0.013177
32270,0.010134
32271,0.014415
32272,0.015254
32273,0.017438
32274,0.015897
32275,0.010866
32276,0.013953
32277,0.011925
32278,0.011832
32279,0.014521
32280,0.015972
32281,0.012795
32282,0.014457
32283,0.009427
32284,0.007273
32285,0.010747
32286,0.007313
32287,0.013188
32288,0.011156
32289,0.006862
32290,0.011553
32291,0.010667
32292,0.009577
32293,0.010358
32294,0.020571
32295,0.012379
32296,0.014217
32297,0.012392
32298,0.015333
32299,0.017307
32300,0.011420
32301,0.014314
32302,0.012920
32303,0.013128
32304,0.011736
32305,0.009108
32306,0.011310
32307,0.008272
32308,0.010775
32309,0.009739
32310,0.011171
32311,0.009236
32312,0.011029
32313,0.008920
32314,0.009626
32315,0.006871
32316,0.010814
32317,0.011499
32318,0.008404
32319,0.007834
32320,0.010223
32321,0.016170
32322,0.013043
32323,0.015267
32324,0.011756
32325,0.007868
32326,0.018658
32327,0.024084
32328,0.016388
32329,0.020383
32330,0.019212
32331,0.018271
32332,0.019926
32333,0.017627
32334,0.014582
32335,0.017933
32336,0.020285
32337,0.022233
32338,0.017564
32339,0.014109
32340,0.012539
32341,0.016340
32342,0.019498
32343,0.021962
32344,0.016966
32345,0.011072
32346,0.012231
32347,0.019461
32348,0.023967
32349,0.020876
32350,0.019454
32351,0.021736
32352,0.022191
32353,0.031659
32354,0.034198
32355,0.024002
32356,0.021500
32357,0.015170
32358,0.020911
32359,0.027547
32360,0.037155
32361,0.020025
32362,0.022980
32363,0.018002
32364,0.020630
32365,0.013621
32366,0.019626
32367,0.023454
32368,0.018998
32369,0.014310
32370,0.015856
32371,0.016561
32372,0.011236
32373,0.013504
32374,0.017194
32375,0.017324
32376,0.011849
32377,0.009143
32378,0.010302
32379,0.015592
32380,0.010417
32381,0.009069
32382,0.010818
32383,0.021938
32384,0.011740
32385,0.015252
32386,0.010743
32387,0.013887
32388,0.012138
32389,0.013997
32390,0.014083
32391,0.015257
32392,0.014525
32393,0.011107
32394,0.015332
32395,0.017448
32396,0.019554
32397,0.015876
32398,0.022408
32399,0.018019
32400,0.013836
32401,0.014742
32402,0.010855
32403,0.017768
32404,0.013109
32405,0.014542
32406,0.014118
32407,0.021317
32408,0.022698
32409,0.013114
32410,0.010406
32411,0.015405
32412,0.021632
32413,0.022653
32414,0.012622
32415,0.014740
32416,0.021035
32417,0.020737
32418,0.020274
32419,0.017770
32420,0.028477
32421,0.016815
32422,0.020726
32423,0.018292
32424,0.015738
32425,0.013169
32426,0.013852
32427,0.018402
32428,0.014475
32429,0.010588
32430,0.012453
32431,0.012261
32432,0.025356
32433,0.019807
32434,0.016123
32435,0.014709
32436,0.026535
32437,0.021004
32438,0.015488
32439,0.013671
32440,0.010190
32441,0.012063
32442,0.010756
32443,0.011956
32444,0.011655
32445,0.011427
32446,0.009230
32447,0.020471
32448,0.013923
32449,0.016189
32450,0.016823
32451,0.011100
32452,0.016076
32453,0.016613
32454,0.016363
32455,0.013170
32456,0.013126
32457,0.011970
32458,0.010535
32459,0.010320
32460,0.008461
32461,0.014385
32462,0.017316
32463,0.012847
32464,0.013553
32465,0.014673
32466,0.014872
32467,0.017106
32468,0.015632
32469,0.011906
32470,0.017304
32471,0.024124
32472,0.015292
32473,0.016725
32474,0.019979
32475,0.023114
32476,0.020611
32477,0.015915
32478,0.012157
32479,0.015459
32480,0.009062
32481,0.011145
32482,0.013924
32483,0.017153
32484,0.011794
32485,0.010190
32486,0.012053
32487,0.014439
32488,0.015744
32489,0.018771
32490,0.013757
32491,0.011971
32492,0.011579
32493,0.011813
32494,0.016189
32495,0.007581
32496,0.011811
32497,0.012332
32498,0.015424
32499,0.025761
32500,0.021852
32501,0.016987
32502,0.014000
32503,0.015862
32504,0.015427
32505,0.012046
32506,0.011238
32507,0.017819
32508,0.011716
32509,0.044727
32510,0.013648
32511,0.016829
32512,0.015901
32513,0.011024
32514,0.019240
32515,0.018188
32516,0.017058
32517,0.018568
32518,0.012358
32519,0.020151
32520,0.012999
32521,0.012823
32522,0.013133
32523,0.020407
32524,0.020433
32525,0.026728
32526,0.025690
32527,0.024334
32528,0.031843
32529,0.018416
32530,0.023985
32531,0.021917
32532,0.017225
32533,0.018101
32534,0.022072
32535,0.027814
32536,0.029957
32537,0.025252
32538,0.018277
32539,0.013264
32540,0.014418
32541,0.037413
32542,0.018903
32543,0.015020
32544,0.013412
32545,0.014269
32546,0.016403
32547,0.017393
32548,0.013865
32549,0.016173
32550,0.011197
32551,0.015424
32552,0.016215
32553,0.016489
32554,0.017402
32555,0.014769
32556,0.015139
32557,0.009836
32558,0.009542
32559,0.011098
32560,0.009605
32561,0.006355
32562,0.009461
32563,0.014588
32564,0.019347
32565,0.026990
32566,0.014879
32567,0.011434
32568,0.009862
32569,0.013724
32570,0.013219
32571,0.013020
32572,0.017021
32573,0.010677
32574,0.015404
32575,0.019984
32576,0.013511
32577,0.012401
32578,0.009784
32579,0.013291
32580,0.025544
32581,0.012088
32582,0.009491
32583,0.014152
32584,0.009709
32585,0.011354
32586,0.014119
32587,0.012048
32588,0.009349
32589,0.012676
32590,0.012005
32591,0.014965
32592,0.015556
32593,0.020696
32594,0.019737
32595,0.013036
32596,0.018816
32597,0.020238
32598,0.015628
32599,0.018963
32600,0.024785
32601,0.022221
32602,0.024794
32603,0.017231
32604,0.014206
32605,0.010866
32606,0.011353
32607,0.016030
32608,0.013757
32609,0.021284
32610,0.018571
32611,0.015585
32612,0.015636
32613,0.015092
32614,0.012301
32615,0.012113
32616,0.019979
32617,0.013180
32618,0.017063
32619,0.014372
32620,0.011377
32621,0.012820
32622,0.014447
32623,0.008649
32624,0.009195
32625,0.008704
32626,0.012366
32627,0.012647
32628,0.012464
32629,0.010741
32630,0.009870
32631,0.011084
32632,0.009713
32633,0.011131
32634,0.012871
32635,0.013214
32636,0.011571
32637,0.011839
32638,0.021270
32639,0.011953
32640,0.015240
32641,0.014993
32642,0.017517
32643,0.019512
32644,0.015572
32645,0.012935
32646,0.014564
32647,0.012974
32648,0.011586
32649,0.011648
32650,0.009412
32651,0.017759
32652,0.013878
32653,0.021195
32654,0.023580
32655,0.018111
32656,0.011787
32657,0.013673
32658,0.017732
32659,0.024753
32660,0.018093
32661,0.021834
32662,0.013548
32663,0.011152
32664,0.008820
32665,0.011924
32666,0.019941
32667,0.027013
32668,0.041788
32669,0.034015
32670,0.019225
32671,0.021930
32672,0.019861
32673,0.020980
32674,0.015445
32675,0.010690
32676,0.013142
32677,0.015882
32678,0.017061
32679,0.009752
32680,0.016335
32681,0.017098
32682,0.020607
32683,0.017382
32684,0.013183
32685,0.019528
32686,0.011004
32687,0.010364
32688,0.022164
32689,0.021322
32690,0.015701
32691,0.012673
32692,0.017247
32693,0.015785
32694,0.012165
32695,0.008693
32696,0.011541
32697,0.009372
32698,0.011722
32699,0.010033
32700,0.009684
32701,0.012202
32702,0.013611
32703,0.011413
32704,0.010543
32705,0.013975
32706,0.016282
32707,0.016637
32708,0.012554
32709,0.009909
32710,0.012334
32711,0.017061
32712,0.013759
32713,0.009674
32714,0.010144
32715,0.009468
32716,0.013093
32717,0.009158
32718,0.012069
32719,0.013892
32720,0.012821
32721,0.009180
32722,0.006867
32723,0.009448
32724,0.011919
32725,0.007819
32726,0.018161
32727,0.012333
32728,0.016390
32729,0.015103
32730,0.021340
32731,0.014637
32732,0.013202
32733,0.012347
32734,0.017040
32735,0.017990
32736,0.018475
32737,0.018344
32738,0.029705
32739,0.019732
32740,0.013982
32741,0.011881
32742,0.019501
32743,0.024901
32744,0.019872
32745,0.021022
32746,0.022251
32747,0.008951
32748,0.017272
32749,0.018181
32750,0.010538
32751,0.012768
32752,0.017785
32753,0.019664
32754,0.016064
32755,0.015768
32756,0.025207
32757,0.019362
32758,0.012356
32759,0.017627
32760,0.022524
32761,0.017447
32762,0.018189
32763,0.014287
32764,0.018209
32765,0.018183
32766,0.017583
32767,0.014647
32768,0.033341
32769,0.021992
32770,0.011480
32771,0.009703
32772,0.014648
32773,0.017795
32774,0.014390
32775,0.019445
32776,0.021455
32777,0.014040
32778,0.013393
32779,0.021904
32780,0.015974
32781,0.011370
32782,0.011314
32783,0.015885
32784,0.020706
32785,0.015645
32786,0.010418
32787,0.010679
32788,0.016080
32789,0.009577
32790,0.014927
32791,0.020278
32792,0.014105
32793,0.008422
32794,0.014958
32795,0.019105
32796,0.013092
32797,0.016489
32798,0.018716
32799,0.013659
32800,0.009181
32801,0.012666
32802,0.015410
32803,0.011969
32804,0.012912
32805,0.011690
32806,0.010949
32807,0.014184
32808,0.010180
32809,0.009471
32810,0.007448
32811,0.010012
32812,0.011187
32813,0.009448
32814,0.013479
32815,0.008411
32816,0.012072
32817,0.014011
32818,0.009152
32819,0.009955
32820,0.007566
32821,0.011577
32822,0.008774
32823,0.012589
32824,0.008034
32825,0.008203
32826,0.011592
32827,0.008885
32828,0.008361
32829,0.011902
32830,0.010188
32831,0.013373
32832,0.015056
32833,0.011233
32834,0.008609
32835,0.016274
32836,0.010256
32837,0.008994
32838,0.012815
32839,0.012939
32840,0.013203
32841,0.010976
32842,0.011245
32843,0.009562
32844,0.010252
32845,0.010536
32846,0.012528
32847,0.014708
32848,0.008857
32849,0.009528
32850,0.010347
32851,0.009986
32852,0.008219
32853,0.009633
32854,0.010989
32855,0.015171
32856,0.008029
32857,0.010445
32858,0.013774
32859,0.011233
32860,0.015736
32861,0.020460
32862,0.013757
32863,0.014268
32864,0.010660
32865,0.006718
32866,0.010568
32867,0.015421
32868,0.012227
32869,0.013033
32870,0.020924
32871,0.013848
32872,0.017083
32873,0.010905
32874,0.010711
32875,0.013573
32876,0.016892
32877,0.020027
32878,0.015516
32879,0.010647
32880,0.024860
32881,0.034285
32882,0.035168
32883,0.026179
32884,0.016586
32885,0.018554
32886,0.011368
32887,0.012781
32888,0.017310
32889,0.020753
32890,0.020155
32891,0.017216
32892,0.013527
32893,0.016525
32894,0.023146
32895,0.011225
32896,0.008120
32897,0.015493
32898,0.018625
32899,0.015332
32900,0.014880
32901,0.017294
32902,0.019552
32903,0.022644
32904,0.022597
32905,0.020986
32906,0.032150
32907,0.015950
32908,0.021224
32909,0.015397
32910,0.027024
32911,0.012924
32912,0.022657
32913,0.021931
32914,0.016723
32915,0.022537
32916,0.018858
32917,0.014287
32918,0.013710
32919,0.011361
32920,0.012901
32921,0.018667
32922,0.016775
32923,0.010345
32924,0.010979
32925,0.010069
32926,0.018356
32927,0.011073
32928,0.006290
32929,0.008783
32930,0.011633
32931,0.012034
32932,0.008622
32933,0.008944
32934,0.010394
32935,0.019267
32936,0.014613
32937,0.015447
32938,0.016143
32939,0.010119
32940,0.011418
32941,0.009590
32942,0.007458
32943,0.014374
32944,0.012338
32945,0.011163
32946,0.015987
32947,0.013867
32948,0.013391
32949,0.012777
32950,0.014009
32951,0.015569
32952,0.014975
32953,0.014380
32954,0.012577
32955,0.012242
32956,0.011781
32957,0.012258
32958,0.013218
32959,0.013003
32960,0.015004
32961,0.015506
32962,0.011576
32963,0.016012
32964,0.028314
32965,0.025068
32966,0.017435
32967,0.013966
32968,0.012778
32969,0.011986
32970,0.011784
32971,0.012001
32972,0.012664
32973,0.018957
32974,0.026554
32975,0.022111
32976,0.016936
32977,0.012689
32978,0.018454
32979,0.015691
32980,0.009115
32981,0.010746
32982,0.016171
32983,0.009437
32984,0.008512
32985,0.015329
32986,0.013913
32987,0.011076
32988,0.014455
32989,0.008656
32990,0.010236
32991,0.018991
32992,0.022867
32993,0.015673
32994,0.016873
32995,0.012110
32996,0.013437
32997,0.012915
32998,0.012198
32999,0.014844
33000,0.011066
33001,0.016597
33002,0.015334
33003,0.014127
33004,0.021624
33005,0.010438
33006,0.007793
33007,0.008629
33008,0.009485
33009,0.013871
33010,0.013412
33011,0.016578
33012,0.012913
33013,0.014498
33014,0.018347
33015,0.010013
33016,0.014953
33017,0.011210
33018,0.014662
33019,0.011169
33020,0.011987
33021,0.015479
33022,0.017121
33023,0.014676
33024,0.014242
33025,0.009888
33026,0.011117
33027,0.014122
33028,0.012390
33029,0.012306
33030,0.010936
33031,0.016440
33032,0.010913
33033,0.009070
33034,0.010356
33035,0.011995
33036,0.009384
33037,0.013233
33038,0.017014
33039,0.015821
33040,0.013932
33041,0.015062
33042,0.022154
33043,0.015799
33044,0.013991
33045,0.017974
33046,0.026396
33047,0.014348
33048,0.012503
33049,0.017744
33050,0.026884
33051,0.031253
33052,0.012051
33053,0.021258
33054,0.030044
33055,0.029021
33056,0.016206
33057,0.012237
33058,0.029555
33059,0.030988
33060,0.015653
33061,0.009909
33062,0.025927
33063,0.013925
33064,0.008751
33065,0.021002
33066,0.016535
33067,0.023561
33068,0.014109
33069,0.013305
33070,0.019174
33071,0.013617
33072,0.009075
33073,0.010001
33074,0.020247
33075,0.013924
33076,0.009792
33077,0.015524
33078,0.021150
33079,0.026246
33080,0.039844
33081,0.018541
33082,0.014394
33083,0.016042
33084,0.015980
33085,0.021498
33086,0.029054
33087,0.019109
33088,0.015065
33089,0.009310
33090,0.012969
33091,0.016175
33092,0.023494
33093,0.028439
33094,0.026132
33095,0.017047
33096,0.011621
33097,0.019980
33098,0.026011
33099,0.018060
33100,0.012812
33101,0.014766
33102,0.024876
33103,0.022329
33104,0.017974
33105,0.014149
33106,0.016967
33107,0.009578
33108,0.010655
33109,0.015876
33110,0.020525
33111,0.014491
33112,0.018133
33113,0.025040
33114,0.026609
33115,0.023152
33116,0.015577
33117,0.013696
33118,0.018978
33119,0.030379
33120,0.021650
33121,0.016607
33122,0.016308
33123,0.019936
33124,0.015366
33125,0.026082
33126,0.016513
33127,0.013387
33128,0.010924
33129,0.016307
33130,0.013520
33131,0.010329
33132,0.015096
33133,0.013427
33134,0.010228
33135,0.011196
33136,0.019228
33137,0.009656
33138,0.011466
33139,0.023752
33140,0.020302
33141,0.015603
33142,0.019095
33143,0.036884
33144,0.017349
33145,0.014574
33146,0.013221
33147,0.030975
33148,0.022052
33149,0.017093
33150,0.010201
33151,0.012248
33152,0.015501
33153,0.013263
33154,0.012383
33155,0.024230
33156,0.028774
33157,0.028655
33158,0.016980
33159,0.013692
33160,0.016604
33161,0.011462
33162,0.014520
33163,0.017335
33164,0.013918
33165,0.012474
33166,0.011298
33167,0.010722
33168,0.011395
33169,0.016755
33170,0.030038
33171,0.030600
33172,0.023133
33173,0.034057
33174,0.020448
33175,0.019216
33176,0.013765
33177,0.017280
33178,0.017795
33179,0.012104
33180,0.009668
33181,0.017343
33182,0.014544
33183,0.009949
33184,0.013760
33185,0.019570
33186,0.013531
33187,0.014836
33188,0.025207
33189,0.016420
33190,0.008958
33191,0.020176
33192,0.016437
33193,0.010958
33194,0.015759
33195,0.007461
33196,0.015817
33197,0.016415
33198,0.020090
33199,0.017995
33200,0.011448
33201,0.016104
33202,0.014472
33203,0.021329
33204,0.019547
33205,0.018295
33206,0.023109
33207,0.015544
33208,0.013064
33209,0.018244
33210,0.024669
33211,0.023218
33212,0.013337
33213,0.011159
33214,0.009453
33215,0.009055
33216,0.010829
33217,0.010975
33218,0.012979
33219,0.011635
33220,0.013338
33221,0.010144
33222,0.009402
33223,0.012887
33224,0.011918
33225,0.010382
33226,0.011662
33227,0.011719
33228,0.023178
33229,0.012845
33230,0.013351
33231,0.013653
33232,0.012394
33233,0.011468
33234,0.012998
33235,0.014257
33236,0.011296
33237,0.009655
33238,0.008954
33239,0.008168
33240,0.007800
33241,0.007714
33242,0.009573
33243,0.017774
33244,0.016830
33245,0.029858
33246,0.021800
33247,0.015920
33248,0.012566
33249,0.018381
33250,0.011812
33251,0.008412
33252,0.012560
33253,0.006889
33254,0.009891
33255,0.007228
33256,0.008356
33257,0.013027
33258,0.009408
33259,0.008446
33260,0.012538
33261,0.012488
33262,0.007800
33263,0.010349
33264,0.017300
33265,0.013899
33266,0.007919
33267,0.010571
33268,0.010875
33269,0.009051
33270,0.011819
33271,0.009108
33272,0.008540
33273,0.006452
33274,0.011611
33275,0.006952
33276,0.009595
33277,0.012050
33278,0.007933
33279,0.009150
33280,0.008188
33281,0.009260
33282,0.009474
33283,0.008586
33284,0.011473
33285,0.012179
33286,0.012201
33287,0.011125
33288,0.010814
33289,0.013414
33290,0.014580
33291,0.019584
33292,0.022252
33293,0.014333
33294,0.011742
33295,0.010575
33296,0.012348
33297,0.011645
33298,0.014445
33299,0.010935
33300,0.008353
33301,0.015701
33302,0.011375
33303,0.010872
33304,0.009886
33305,0.010289
33306,0.008976
33307,0.012031
33308,0.011484
33309,0.010125
33310,0.009107
33311,0.009388
33312,0.008884
33313,0.008389
33314,0.009121
33315,0.010305
33316,0.011948
33317,0.012523
33318,0.007868
33319,0.013892
33320,0.013001
33321,0.013156
33322,0.012896
33323,0.013433
33324,0.012671
33325,0.010491
33326,0.012819
33327,0.021647
33328,0.019102
33329,0.017945
33330,0.010175
33331,0.017646
33332,0.015461
33333,0.012724
33334,0.010476
33335,0.016961
33336,0.018992
33337,0.012794
33338,0.014927
33339,0.014728
33340,0.016660
33341,0.018353
33342,0.013702
33343,0.014461
33344,0.014204
33345,0.018156
33346,0.024921
33347,0.018461
33348,0.010505
33349,0.008963
33350,0.015195
33351,0.014404
33352,0.015518
33353,0.014590
33354,0.014004
33355,0.011201
33356,0.008401
33357,0.011428
33358,0.010799
33359,0.009142
33360,0.007478
33361,0.008577
33362,0.012014
33363,0.010437
33364,0.009296
33365,0.010244
33366,0.011896
33367,0.011529
33368,0.014139
33369,0.014060
33370,0.018053
33371,0.013866
33372,0.015138
33373,0.016316
33374,0.013209
33375,0.013644
33376,0.011407
33377,0.009285
33378,0.008113
33379,0.008341
33380,0.009555
33381,0.010403
33382,0.013828
33383,0.010783
33384,0.009558
33385,0.008605
33386,0.009423
33387,0.011052
33388,0.008406
33389,0.009922
33390,0.009807
33391,0.010547
33392,0.007599
33393,0.010364
33394,0.013368
33395,0.010971
33396,0.010932
33397,0.011658
33398,0.010139
33399,0.009807
33400,0.011021
33401,0.016584
33402,0.012768
33403,0.011985
33404,0.010335
33405,0.017140
33406,0.016345
33407,0.015239
33408,0.012365
33409,0.013729
33410,0.010752
33411,0.011679
33412,0.016108
33413,0.014967
33414,0.014372
33415,0.015835
33416,0.010053
33417,0.010605
33418,0.008724
33419,0.006338
33420,0.015559
33421,0.010927
33422,0.011838
33423,0.020682
33424,0.017986
33425,0.016209
33426,0.017637
33427,0.020065
33428,0.015668
33429,0.012041
33430,0.012677
33431,0.020191
33432,0.012833
33433,0.012857
33434,0.016079
33435,0.020453
33436,0.011511
33437,0.014564
33438,0.014398
33439,0.016082
33440,0.022501
33441,0.009211
33442,0.012712
33443,0.012278
33444,0.015424
33445,0.011494
33446,0.010839
33447,0.010892
33448,0.009150
33449,0.011431
33450,0.016893
33451,0.017031
33452,0.010872
33453,0.020251
33454,0.018616
33455,0.013459
33456,0.020207
33457,0.014744
33458,0.016899
33459,0.022377
33460,0.015983
33461,0.012362
33462,0.012535
33463,0.027847
33464,0.013696
33465,0.011744
33466,0.009338
33467,0.013529
33468,0.009710
33469,0.011705
33470,0.012427
33471,0.014275
33472,0.012037
33473,0.007440
33474,0.013343
33475,0.009293
33476,0.009051
33477,0.008998
33478,0.011461
33479,0.008599
33480,0.012204
33481,0.014531
33482,0.014454
33483,0.008755
33484,0.012808
33485,0.016101
33486,0.012639
33487,0.009363
33488,0.008638
33489,0.014468
33490,0.010119
33491,0.013967
33492,0.011242
33493,0.008641
33494,0.007841
33495,0.012245
33496,0.007931
33497,0.009364
33498,0.014528
33499,0.007683
33500,0.010098
33501,0.019898
33502,0.013927
33503,0.011821
33504,0.013570
33505,0.013958
33506,0.010824
33507,0.012023
33508,0.016515
33509,0.011837
33510,0.008753
33511,0.009621
33512,0.008346
33513,0.009179
33514,0.010036
33515,0.008476
33516,0.007888
33517,0.009387
33518,0.010338
33519,0.007200
33520,0.011597
33521,0.014364
33522,0.013380
33523,0.011502
33524,0.007281
33525,0.008793
33526,0.017069
33527,0.012654
33528,0.011346
33529,0.010783
33530,0.008760
33531,0.007547
33532,0.006903
33533,0.010917
33534,0.009779
33535,0.007877
33536,0.008506
33537,0.011572
33538,0.009414
33539,0.006981
33540,0.009058
33541,0.011425
33542,0.009370
33543,0.008901
33544,0.010739
33545,0.015846
33546,0.013185
33547,0.010669
33548,0.010013
33549,0.009864
33550,0.011657
33551,0.013817
33552,0.010127
33553,0.009918
33554,0.008524
33555,0.010842
33556,0.012398
33557,0.014953
33558,0.012923
33559,0.011966
33560,0.012758
33561,0.018530
33562,0.017591
33563,0.011796
33564,0.012451
33565,0.008815
33566,0.007438
33567,0.014303
33568,0.012699
33569,0.017277
33570,0.008806
33571,0.008970
33572,0.013211
33573,0.013424
33574,0.024844
33575,0.025909
33576,0.019057
33577,0.017394
33578,0.016827
33579,0.019191
33580,0.028755
33581,0.021229
33582,0.020476
33583,0.015908
33584,0.012517
33585,0.011470
33586,0.008957
33587,0.010603
33588,0.012930
33589,0.011496
33590,0.009638
33591,0.007871
33592,0.009244
33593,0.009693
33594,0.010803
33595,0.013209
33596,0.012386
33597,0.011226
33598,0.011818
33599,0.011414
33600,0.014758
33601,0.009860
33602,0.009298
33603,0.008273
33604,0.014162
33605,0.012045
33606,0.013050
33607,0.008791
33608,0.009735
33609,0.019229
33610,0.012436
33611,0.008605
33612,0.009960
33613,0.015574
33614,0.013866
33615,0.010929
33616,0.010867
33617,0.015435
33618,0.015949
33619,0.008881
33620,0.010610
33621,0.008849
33622,0.010738
33623,0.009809
33624,0.011684
33625,0.014967
33626,0.009011
33627,0.012378
33628,0.015306
33629,0.011649
33630,0.009843
33631,0.012884
33632,0.010885
33633,0.011735
33634,0.015552
33635,0.009869
33636,0.013693
33637,0.011312
33638,0.008509
33639,0.011282
33640,0.017391
33641,0.017353
33642,0.009818
33643,0.008374
33644,0.011752
33645,0.012246
33646,0.009086
33647,0.009211
33648,0.008707
33649,0.006779
33650,0.010933
33651,0.007430
33652,0.007408
33653,0.007640
33654,0.011734
33655,0.014869
33656,0.010741
33657,0.013594
33658,0.024210
33659,0.017904
33660,0.011246
33661,0.015871
33662,0.011712
33663,0.012725
33664,0.015937
33665,0.020890
33666,0.009688
33667,0.010496
33668,0.017736
33669,0.009833
33670,0.009742
33671,0.010616
33672,0.010903
33673,0.010267
33674,0.010262
33675,0.009919
33676,0.007809
33677,0.014653
33678,0.014160
33679,0.011186
33680,0.009244
33681,0.012211
33682,0.018216
33683,0.013412
33684,0.009659
33685,0.009945
33686,0.013458
33687,0.007972
33688,0.007779
33689,0.012114
33690,0.011417
33691,0.007227
33692,0.011916
33693,0.013304
33694,0.007414
33695,0.013966
33696,0.019201
33697,0.013502
33698,0.011894
33699,0.012125
33700,0.011791
33701,0.009081
33702,0.012122
33703,0.013826
33704,0.013180
33705,0.009808
33706,0.017678
33707,0.016720
33708,0.020496
33709,0.012924
33710,0.010679
33711,0.010498
33712,0.014325
33713,0.012976
33714,0.013355
33715,0.011592
33716,0.015672
33717,0.018239
33718,0.012126
33719,0.008688
33720,0.011594
33721,0.011033
33722,0.009518
33723,0.012248
33724,0.010918
33725,0.008439
33726,0.010794
33727,0.008579
33728,0.010963
33729,0.008387
33730,0.008720
33731,0.008978
33732,0.008342
33733,0.007831
33734,0.007415
33735,0.007055
33736,0.012666
33737,0.013020
33738,0.013846
33739,0.011889
33740,0.015339
33741,0.012713
33742,0.013114
33743,0.012319
33744,0.012984
33745,0.010528
33746,0.018501
33747,0.017909
33748,0.010996
33749,0.010525
33750,0.017550
33751,0.014108
33752,0.011889
33753,0.013023
33754,0.012863
33755,0.016701
33756,0.017663
33757,0.015874
33758,0.016014
33759,0.019382
33760,0.014147
33761,0.011256
33762,0.007531
33763,0.005796
33764,0.010818
33765,0.014636
33766,0.008268
33767,0.008846
33768,0.009246
33769,0.010268
33770,0.010063
33771,0.008076
33772,0.012468
33773,0.010782
33774,0.007012
33775,0.006586
33776,0.009335
33777,0.010721
33778,0.011167
33779,0.007912
33780,0.011218
33781,0.011401
33782,0.015002
33783,0.015318
33784,0.012524
33785,0.013781
33786,0.007343
33787,0.008609
33788,0.013090
33789,0.009657
33790,0.008704
33791,0.010633
33792,0.010944
33793,0.011312
33794,0.008590
33795,0.008833
33796,0.006504
33797,0.013010
33798,0.008708
33799,0.009450
33800,0.011029
33801,0.010530
33802,0.012617
33803,0.011068
33804,0.009506
33805,0.012338
33806,0.010877
33807,0.009205
33808,0.008519
33809,0.009499
33810,0.010553
33811,0.010990
33812,0.016012
33813,0.017080
33814,0.009222
33815,0.010393
33816,0.011645
33817,0.013080
33818,0.012074
33819,0.015314
33820,0.011452
33821,0.011603
33822,0.011305
33823,0.012664
33824,0.010579
33825,0.011652
33826,0.010155
33827,0.009317
33828,0.012088
33829,0.010793
33830,0.015984
33831,0.017652
33832,0.009451
33833,0.012124
33834,0.012726
33835,0.013619
33836,0.014557
33837,0.014765
33838,0.011999
33839,0.011768
33840,0.014374
33841,0.009683
33842,0.009413
33843,0.019025
33844,0.014886
33845,0.009887
33846,0.013942
33847,0.011575
33848,0.013987
33849,0.011232
33850,0.009551
33851,0.012207
33852,0.015066
33853,0.013548
33854,0.010996
33855,0.012505
33856,0.014346
33857,0.011562
33858,0.008999
33859,0.014907
33860,0.012072
33861,0.014436
33862,0.012313
33863,0.022616
33864,0.026905
33865,0.019136
33866,0.026733
33867,0.033003
33868,0.023113
33869,0.011522
33870,0.020910
33871,0.022256
33872,0.019929
33873,0.014830
33874,0.011407
33875,0.018446
33876,0.013314
33877,0.010219
33878,0.018644
33879,0.022805
33880,0.015961
33881,0.013183
33882,0.019937
33883,0.022548
33884,0.026090
33885,0.022802
33886,0.023769
33887,0.012699
33888,0.016614
33889,0.022982
33890,0.020141
33891,0.011288
33892,0.023965
33893,0.028551
33894,0.019157
33895,0.015415
33896,0.019130
33897,0.024306
33898,0.027117
33899,0.009997
33900,0.019014
33901,0.023925
33902,0.029708
33903,0.024229
33904,0.012374
33905,0.020827
33906,0.026769
33907,0.023704
33908,0.015724
33909,0.012692
33910,0.014801
33911,0.012666
33912,0.012960
33913,0.012280
33914,0.011470
33915,0.020389
33916,0.016086
33917,0.012154
33918,0.012596
33919,0.011653
33920,0.011927
33921,0.010546
33922,0.012913
33923,0.010719
33924,0.009545
33925,0.008233
33926,0.009901
33927,0.008327
33928,0.012036
33929,0.007909
33930,0.010367
33931,0.008368
33932,0.010924
33933,0.013731
33934,0.014730
33935,0.015071
33936,0.012237
33937,0.012704
33938,0.010709
33939,0.008690
33940,0.009328
33941,0.008522
33942,0.007979
33943,0.008938
33944,0.014526
33945,0.010651
33946,0.007916
33947,0.009242
33948,0.006481
33949,0.006599
33950,0.008697
33951,0.011349
33952,0.008163
33953,0.008281
33954,0.007800
33955,0.008175
33956,0.008077
33957,0.009993
33958,0.015771
33959,0.013545
33960,0.011755
33961,0.015302
33962,0.023901
33963,0.020625
33964,0.014218
33965,0.017759
33966,0.022349
33967,0.023913
33968,0.012727
33969,0.012769
33970,0.014164
33971,0.019033
33972,0.013808
33973,0.011832
33974,0.010736
33975,0.011462
33976,0.011082
33977,0.007080
33978,0.014703
33979,0.020062
33980,0.024641
33981,0.014013
33982,0.019283
33983,0.017715
33984,0.019985
33985,0.013483
33986,0.011253
33987,0.013236
33988,0.015714
33989,0.012344
33990,0.010518
33991,0.009692
33992,0.010416
33993,0.009293
33994,0.010124
33995,0.012690
33996,0.009790
33997,0.011545
33998,0.015566
33999,0.015239
34000,0.016644
34001,0.013661
34002,0.015363
34003,0.015422
34004,0.010465
34005,0.017618
34006,0.010796
34007,0.023509
34008,0.011097
34009,0.012393
34010,0.012962
34011,0.014186
34012,0.007694
34013,0.013547
34014,0.013992
34015,0.017036
34016,0.014776
34017,0.017474
34018,0.011909
34019,0.009364
34020,0.018493
34021,0.011326
34022,0.014790
34023,0.013322
34024,0.012897
34025,0.009480
34026,0.012372
34027,0.007730
34028,0.011610
34029,0.014259
34030,0.011082
34031,0.008434
34032,0.012726
34033,0.007605
34034,0.012775
34035,0.012739
34036,0.012955
34037,0.011306
34038,0.006978
34039,0.012550
34040,0.011354
34041,0.010917
34042,0.008487
34043,0.009409
34044,0.009072
34045,0.009364
34046,0.009299
34047,0.012791
34048,0.018476
34049,0.012943
34050,0.010602
34051,0.010346
34052,0.015456
34053,0.023812
34054,0.016940
34055,0.009558
34056,0.009717
34057,0.010014
34058,0.007324
34059,0.009073
34060,0.011884
34061,0.024523
34062,0.019793
34063,0.021945
34064,0.014055
34065,0.016051
34066,0.018959
34067,0.013419
34068,0.010034
34069,0.009707
34070,0.007822
34071,0.012947
34072,0.009039
34073,0.010580
34074,0.009322
34075,0.008075
34076,0.006790
34077,0.010427
34078,0.012389
34079,0.009792
34080,0.010932
34081,0.010183
34082,0.013676
34083,0.008106
34084,0.008022
34085,0.016720
34086,0.020949
34087,0.020729
34088,0.019275
34089,0.014197
34090,0.017097
34091,0.014852
34092,0.019343
34093,0.016118
34094,0.014223
34095,0.014861
34096,0.010495
34097,0.009022
34098,0.011966
34099,0.011750
34100,0.021246
34101,0.014123
34102,0.015172
34103,0.014210
34104,0.017296
34105,0.012098
34106,0.015291
34107,0.014651
34108,0.031840
34109,0.010770
34110,0.015208
34111,0.010284
34112,0.014616
34113,0.016085
34114,0.019395
34115,0.012523
34116,0.010446
34117,0.015405
34118,0.015068
34119,0.011845
34120,0.014805
34121,0.015311
34122,0.015446
34123,0.012233
34124,0.019454
34125,0.020173
34126,0.008904
34127,0.011076
34128,0.018352
34129,0.022002
34130,0.009001
34131,0.011885
34132,0.028827
34133,0.022340
34134,0.013015
34135,0.022819
34136,0.018867
34137,0.018405
34138,0.009108
34139,0.010292
34140,0.016048
34141,0.018769
34142,0.009039
34143,0.013232
34144,0.013171
34145,0.019863
34146,0.012987
34147,0.012482
34148,0.023696
34149,0.015866
34150,0.012069
34151,0.021205
34152,0.013350
34153,0.015925
34154,0.011143
34155,0.011999
34156,0.009077
34157,0.021168
34158,0.018339
34159,0.023772
34160,0.016823
34161,0.017910
34162,0.018113
34163,0.021360
34164,0.012431
34165,0.012792
34166,0.021491
34167,0.018627
34168,0.011255
34169,0.011415
34170,0.012536
34171,0.009208
34172,0.011171
34173,0.014817
34174,0.011691
34175,0.007901
34176,0.011523
34177,0.013946
34178,0.008720
34179,0.013441
34180,0.015484
34181,0.015539
34182,0.020442
34183,0.014723
34184,0.013983
34185,0.016025
34186,0.011971
34187,0.011315
34188,0.013710
34189,0.019404
34190,0.012581
34191,0.011196
34192,0.012649
34193,0.008757
34194,0.010702
34195,0.015320
34196,0.012976
34197,0.011391
34198,0.013883
34199,0.009558
34200,0.012623
34201,0.011921
34202,0.018262
34203,0.028212
34204,0.027791
34205,0.015722
34206,0.014430
34207,0.019926
34208,0.011334
34209,0.014086
34210,0.016166
34211,0.016218
34212,0.013470
34213,0.015644
34214,0.019998
34215,0.015403
34216,0.013916
34217,0.013002
34218,0.014272
34219,0.020256
34220,0.011662
34221,0.012282
34222,0.017030
34223,0.019735
34224,0.015743
34225,0.011314
34226,0.013604
34227,0.013576
34228,0.008355
34229,0.008185
34230,0.007514
34231,0.010093
34232,0.011613
34233,0.008669
34234,0.010945
34235,0.010019
34236,0.012216
34237,0.010576
34238,0.012275
34239,0.012527
34240,0.022548
34241,0.025537
34242,0.011355
34243,0.020936
34244,0.023206
34245,0.018700
34246,0.021860
34247,0.021832
34248,0.012736
34249,0.013404
34250,0.021848
34251,0.045757
34252,0.036998
34253,0.024479
34254,0.017662
34255,0.023278
34256,0.037745
34257,0.026911
34258,0.015223
34259,0.013944
34260,0.023317
34261,0.035034
34262,0.043153
34263,0.018095
34264,0.021906
34265,0.026652
34266,0.022906
34267,0.015042
34268,0.010725
34269,0.017776
34270,0.028785
34271,0.027350
34272,0.013924
34273,0.011677
34274,0.011183
34275,0.012990
34276,0.010957
34277,0.012435
34278,0.015659
34279,0.009143
34280,0.012400
34281,0.012456
34282,0.014992
34283,0.009794
34284,0.013732
34285,0.010427
34286,0.008907
34287,0.009192
34288,0.010584
34289,0.013761
34290,0.016749
34291,0.017580
34292,0.018533
34293,0.013699
34294,0.013786
34295,0.015371
34296,0.018809
34297,0.016793
34298,0.010906
34299,0.010384
34300,0.015981
34301,0.022264
34302,0.009346
34303,0.011600
34304,0.012242
34305,0.010740
34306,0.013721
34307,0.013599
34308,0.011689
34309,0.009297
34310,0.009813
34311,0.013377
34312,0.010175
34313,0.014856
34314,0.015258
34315,0.007167
34316,0.008904
34317,0.012492
34318,0.010742
34319,0.010953
34320,0.012645
34321,0.009375
34322,0.008243
34323,0.011052
34324,0.007999
34325,0.013969
34326,0.014038
34327,0.012994
34328,0.012765
34329,0.017984
34330,0.017772
34331,0.014268
34332,0.015648
34333,0.013548
34334,0.009766
34335,0.007949
34336,0.012109
34337,0.013612
34338,0.010862
34339,0.015685
34340,0.013176
34341,0.019686
34342,0.011110
34343,0.008290
34344,0.011119
34345,0.010277
34346,0.010402
34347,0.014767
34348,0.008359
34349,0.011239
34350,0.008422
34351,0.010427
34352,0.008661
34353,0.010025
34354,0.014598
34355,0.013569
34356,0.011030
34357,0.008392
34358,0.012300
34359,0.023694
34360,0.017831
34361,0.012181
34362,0.010154
34363,0.012992
34364,0.011559
34365,0.013633
34366,0.012979
34367,0.010440
34368,0.012420
34369,0.010970
34370,0.026119
34371,0.016487
34372,0.019957
34373,0.018562
34374,0.010544
34375,0.016217
34376,0.017325
34377,0.020502
34378,0.022427
34379,0.038390
34380,0.018802
34381,0.016605
34382,0.011524
34383,0.013553
34384,0.021572
34385,0.020781
34386,0.014302
34387,0.013459
34388,0.017351
34389,0.021178
34390,0.012219
34391,0.011516
34392,0.012702
34393,0.019549
34394,0.018447
34395,0.014035
34396,0.011607
34397,0.017956
34398,0.013482
34399,0.009785
34400,0.012804
34401,0.010889
34402,0.016017
34403,0.009239
34404,0.011465
34405,0.007930
34406,0.007747
34407,0.008527
34408,0.010644
34409,0.015252
34410,0.013810
34411,0.010922
34412,0.013553
34413,0.009979
34414,0.010775
34415,0.018471
34416,0.021967
34417,0.024226
34418,0.020342
34419,0.011694
34420,0.015773
34421,0.021689
34422,0.029024
34423,0.026811
34424,0.018385
34425,0.019899
34426,0.018558
34427,0.014132
34428,0.021048
34429,0.021350
34430,0.011552
34431,0.013896
34432,0.012098
34433,0.012344
34434,0.016652
34435,0.029785
34436,0.026610
34437,0.018255
34438,0.013630
34439,0.021505
34440,0.014710
34441,0.015511
34442,0.013919
34443,0.013340
34444,0.011716
34445,0.011016
34446,0.016439
34447,0.016057
34448,0.007698
34449,0.008462
34450,0.014153
34451,0.011253
34452,0.013068
34453,0.014368
34454,0.011388
34455,0.011828
34456,0.010394
34457,0.006398
34458,0.007488
34459,0.009016
34460,0.008420
34461,0.009065
34462,0.015716
34463,0.008553
34464,0.009962
34465,0.011196
34466,0.011065
34467,0.008425
34468,0.016689
34469,0.009028
34470,0.017409
34471,0.016519
34472,0.012411
34473,0.016965
34474,0.014775
34475,0.011577
34476,0.012078
34477,0.022262
34478,0.021101
34479,0.017934
34480,0.018865
34481,0.026548
34482,0.022387
34483,0.031974
34484,0.051181
34485,0.025876
34486,0.022232
34487,0.043985
34488,0.025638
34489,0.013342
34490,0.045868
34491,0.016461
34492,0.011696
34493,0.011769
34494,0.012962
34495,0.014090
34496,0.016391
34497,0.021376
34498,0.014503
34499,0.009876
34500,0.016459
34501,0.015498
34502,0.019772
34503,0.015259
34504,0.013232
34505,0.022949
34506,0.009223
34507,0.009782
34508,0.010745
34509,0.012580
34510,0.011675
34511,0.009283
34512,0.014873
34513,0.015383
34514,0.012790
34515,0.013687
34516,0.015993
34517,0.013736
34518,0.011039
34519,0.012672
34520,0.014975
34521,0.006619
34522,0.010750
34523,0.012468
34524,0.009890
34525,0.011347
34526,0.011136
34527,0.011128
34528,0.010261
34529,0.012573
34530,0.005966
34531,0.011974
34532,0.017209
34533,0.007918
34534,0.010007
34535,0.010108
34536,0.009605
34537,0.009529
34538,0.013387
34539,0.011085
34540,0.009674
34541,0.009336
34542,0.015507
34543,0.010822
34544,0.011832
34545,0.008661
34546,0.009039
34547,0.011484
34548,0.007337
34549,0.008985
34550,0.013238
34551,0.014480
34552,0.016788
34553,0.013955
34554,0.012720
34555,0.015844
34556,0.017400
34557,0.010522
34558,0.012421
34559,0.014785
34560,0.013649
34561,0.010592
34562,0.010197
34563,0.009994
34564,0.009446
34565,0.009145
34566,0.010609
34567,0.013569
34568,0.015212
34569,0.014217
34570,0.012016
34571,0.011563
34572,0.016221
34573,0.022724
34574,0.013723
34575,0.010371
34576,0.015051
34577,0.011736
34578,0.010622
34579,0.009486
34580,0.007359
34581,0.009829
34582,0.009613
34583,0.007973
34584,0.010236
34585,0.012687
34586,0.010417
34587,0.009776
34588,0.010596
34589,0.010718
34590,0.009592
34591,0.015106
34592,0.009494
34593,0.010843
34594,0.015292
34595,0.014010
34596,0.012815
34597,0.014763
34598,0.016555
34599,0.015070
34600,0.014249
34601,0.009263
34602,0.011236
34603,0.021508
34604,0.024675
34605,0.029847
34606,0.031189
34607,0.011241
34608,0.012762
34609,0.020205
34610,0.012443
34611,0.011318
34612,0.011423
34613,0.018821
34614,0.008998
34615,0.010701
34616,0.011033
34617,0.013403
34618,0.007893
34619,0.013382
34620,0.025166
34621,0.030421
34622,0.017054
34623,0.014236
34624,0.011640
34625,0.013299
34626,0.017288
34627,0.013532
34628,0.011637
34629,0.016476
34630,0.015396
34631,0.013883
34632,0.018287
34633,0.012340
34634,0.016521
34635,0.009095
34636,0.009019
34637,0.011191
34638,0.008612
34639,0.013638
34640,0.009008
34641,0.009087
34642,0.009152
34643,0.009010
34644,0.012221
34645,0.014909
34646,0.016338
34647,0.011559
34648,0.011861
34649,0.009437
34650,0.007719
34651,0.008091
34652,0.007963
34653,0.012562
34654,0.013582
34655,0.018448
34656,0.012487
34657,0.010979
34658,0.012585
34659,0.008604
34660,0.010630
34661,0.009943
34662,0.008297
34663,0.011338
34664,0.016840
34665,0.011891
34666,0.011393
34667,0.014170
34668,0.011999
34669,0.010048
34670,0.010071
34671,0.008552
34672,0.006783
34673,0.006706
34674,0.006448
34675,0.011058
34676,0.009887
34677,0.009775
34678,0.015015
34679,0.009000
34680,0.008805
34681,0.009805
34682,0.005706
34683,0.012159
34684,0.010016
34685,0.009951
34686,0.008897
34687,0.015685
34688,0.014189
34689,0.008189
34690,0.009669
34691,0.012283
34692,0.009562
34693,0.008612
34694,0.009872
34695,0.009103
34696,0.013125
34697,0.010239
34698,0.005504
34699,0.011629
34700,0.019113
34701,0.012253
34702,0.009323
34703,0.013780
34704,0.022428
34705,0.017849
34706,0.011562
34707,0.017455
34708,0.017167
34709,0.017944
34710,0.013995
34711,0.012227
34712,0.021942
34713,0.018608
34714,0.011498
34715,0.022516
34716,0.015287
34717,0.010908
34718,0.007974
34719,0.011662
34720,0.018570
34721,0.015703
34722,0.010397
34723,0.006904
34724,0.014159
34725,0.014829
34726,0.014481
34727,0.010346
34728,0.010703
34729,0.010159
34730,0.011461
34731,0.018135
34732,0.013632
34733,0.016829
34734,0.011112
34735,0.012087
34736,0.013505
34737,0.009070
34738,0.007076
34739,0.010041
34740,0.007903
34741,0.010352
34742,0.014483
34743,0.013514
34744,0.006788
34745,0.007799
34746,0.014501
34747,0.008273
34748,0.008428
34749,0.011242
34750,0.011254
34751,0.015860
34752,0.018424
34753,0.012782
34754,0.013373
34755,0.010758
34756,0.011292
34757,0.013318
34758,0.016025
34759,0.010857
34760,0.011290
34761,0.013371
34762,0.012604
34763,0.008302
34764,0.012296
34765,0.019679
34766,0.014295
34767,0.013496
34768,0.013228
34769,0.010966
34770,0.009379
34771,0.008565
34772,0.007183
34773,0.010875
34774,0.011076
34775,0.010275
34776,0.009809
34777,0.012171
34778,0.013190
34779,0.014154
34780,0.017696
34781,0.014701
34782,0.011873
34783,0.012096
34784,0.013589
34785,0.012495
34786,0.015650
34787,0.011843
34788,0.010886
34789,0.012704
34790,0.014150
34791,0.014059
34792,0.013610
34793,0.018696
34794,0.016839
34795,0.019100
34796,0.011410
34797,0.010299
34798,0.009007
34799,0.012241
34800,0.008211
34801,0.009423
34802,0.009399
34803,0.007204
34804,0.012137
34805,0.016827
34806,0.010061
34807,0.008358
34808,0.011095
34809,0.013481
34810,0.014666
34811,0.012653
34812,0.018008
34813,0.017082
34814,0.015407
34815,0.012065
34816,0.012057
34817,0.014189
34818,0.014418
34819,0.012366
34820,0.015852
34821,0.013588
34822,0.012097
34823,0.015791
34824,0.011856
34825,0.016270
34826,0.022996
34827,0.018553
34828,0.014928
34829,0.009073
34830,0.022519
34831,0.031792
34832,0.022480
34833,0.022343
34834,0.016286
34835,0.021452
34836,0.021137
34837,0.017827
34838,0.013683
34839,0.016354
34840,0.018658
34841,0.018185
34842,0.018518
34843,0.015473
34844,0.015850
34845,0.021216
34846,0.019597
34847,0.023195
34848,0.020255
34849,0.010952
34850,0.013609
34851,0.012454
34852,0.015018
34853,0.011502
34854,0.010408
34855,0.014837
34856,0.018485
34857,0.010220
34858,0.013570
34859,0.014352
34860,0.009804
34861,0.012805
34862,0.014949
34863,0.030428
34864,0.022573
34865,0.019357
34866,0.016667
34867,0.011687
34868,0.009955
34869,0.011847
34870,0.009450
34871,0.011539
34872,0.011786
34873,0.011318
34874,0.010774
34875,0.012794
34876,0.010192
34877,0.009474
34878,0.015532
34879,0.013649
34880,0.015209
34881,0.014813
34882,0.019800
34883,0.012023
34884,0.007342
34885,0.011650
34886,0.018403
34887,0.016793
34888,0.017276
34889,0.014173
34890,0.015370
34891,0.009411
34892,0.015042
34893,0.012756
34894,0.011188
34895,0.014086
34896,0.011937
34897,0.013995
34898,0.013265
34899,0.016210
34900,0.015970
34901,0.010639
34902,0.014345
34903,0.016408
34904,0.011652
34905,0.007238
34906,0.010498
34907,0.007385
34908,0.009869
34909,0.011778
34910,0.013389
34911,0.009707
34912,0.007352
34913,0.010917
34914,0.007295
34915,0.013815
34916,0.019794
34917,0.019312
34918,0.011467
34919,0.016628
34920,0.014713
34921,0.010162
34922,0.010618
34923,0.015348
34924,0.015099
34925,0.011436
34926,0.010869
34927,0.010014
34928,0.009295
34929,0.009344
34930,0.008996
34931,0.008518
34932,0.038905
34933,0.014339
34934,0.017102
34935,0.018352
34936,0.012861
34937,0.016978
34938,0.011285
34939,0.017369
34940,0.018418
34941,0.024909
34942,0.037560
34943,0.018871
34944,0.013284
34945,0.013193
34946,0.014277
34947,0.011851
34948,0.020510
34949,0.025022
34950,0.028949
34951,0.016583
34952,0.018035
34953,0.019351
34954,0.017870
34955,0.017668
34956,0.015696
34957,0.009447
34958,0.014154
34959,0.012069
34960,0.011798
34961,0.006579
34962,0.007572
34963,0.007005
34964,0.010691
34965,0.014335
34966,0.014481
34967,0.009248
34968,0.012762
34969,0.024716
34970,0.018434
34971,0.012100
34972,0.013554
34973,0.013199
34974,0.010717
34975,0.007537
34976,0.010786
34977,0.008527
34978,0.008084
34979,0.015375
34980,0.010923
34981,0.006101
34982,0.008138
34983,0.013914
34984,0.016517
34985,0.013271
34986,0.024854
34987,0.023956
34988,0.016657
34989,0.008514
34990,0.020180
34991,0.018863
34992,0.014981
34993,0.025610
34994,0.016321
34995,0.009411
34996,0.010932
34997,0.009151
34998,0.010382
34999,0.013640
35000,0.009475
35001,0.012666
35002,0.007959
35003,0.009886
35004,0.012285
35005,0.015547
35006,0.018986
35007,0.010517
35008,0.014721
35009,0.013298
35010,0.011284
35011,0.011447
35012,0.011220
35013,0.010214
35014,0.018538
35015,0.014495
35016,0.020098
35017,0.014892
35018,0.012880
35019,0.014799
35020,0.014207
35021,0.015436
35022,0.011956
35023,0.018745
35024,0.014223
35025,0.020915
35026,0.016880
35027,0.011635
35028,0.015486
35029,0.010789
35030,0.015186
35031,0.011819
35032,0.011628
35033,0.015613
35034,0.010681
35035,0.018639
35036,0.007054
35037,0.009231
35038,0.009133
35039,0.007533
35040,0.010232
35041,0.008863
35042,0.014933
35043,0.014147
35044,0.011956
35045,0.019078
35046,0.017616
35047,0.015703
35048,0.009938
35049,0.017127
35050,0.020052
35051,0.020096
35052,0.013394
35053,0.017787
35054,0.020908
35055,0.014859
35056,0.008531
35057,0.011581
35058,0.009681
35059,0.011267
35060,0.009089
35061,0.008982
35062,0.009810
35063,0.009560
35064,0.006687
35065,0.014310
35066,0.013290
35067,0.014303
35068,0.011950
35069,0.011375
35070,0.010139
35071,0.010609
35072,0.008879
35073,0.010768
35074,0.010200
35075,0.011582
35076,0.009201
35077,0.011812
35078,0.009452
35079,0.009705
35080,0.010938
35081,0.009154
35082,0.008006
35083,0.009159
35084,0.008854
35085,0.008964
35086,0.007959
35087,0.011508
35088,0.010882
35089,0.009744
35090,0.011382
35091,0.011612
35092,0.009197
35093,0.006725
35094,0.011917
35095,0.013171
35096,0.009490
35097,0.010802
35098,0.009795
35099,0.009337
35100,0.011030
35101,0.012598
35102,0.011824
35103,0.013198
35104,0.017572
35105,0.016898
35106,0.009749
35107,0.010131
35108,0.012334
35109,0.012283
35110,0.010938
35111,0.012447
35112,0.010935
35113,0.011417
35114,0.008465
35115,0.011775
35116,0.015114
35117,0.014461
35118,0.011357
35119,0.011353
35120,0.012629
35121,0.009981
35122,0.007731
35123,0.004728
35124,0.006890
35125,0.009464
35126,0.008561
35127,0.008099
35128,0.010779
35129,0.007015
35130,0.010867
35131,0.014385
35132,0.009597
35133,0.009992
35134,0.006514
35135,0.008139
35136,0.007982
35137,0.011225
35138,0.009832
35139,0.009416
35140,0.006976
35141,0.007573
35142,0.009572
35143,0.011181
35144,0.007546
35145,0.013591
35146,0.013092
35147,0.017573
35148,0.012134
35149,0.012117
35150,0.010016
35151,0.011790
35152,0.011519
35153,0.007965
35154,0.012845
35155,0.012053
35156,0.009245
35157,0.009279
35158,0.009123
35159,0.010119
35160,0.005866
35161,0.009523
35162,0.007263
35163,0.007518
35164,0.012027
35165,0.008878
35166,0.009343
35167,0.011770
35168,0.012713
35169,0.008667
35170,0.011614
35171,0.011249
35172,0.009606
35173,0.007943
35174,0.007746
35175,0.007119
35176,0.007195
35177,0.008266
35178,0.010231
35179,0.010337
35180,0.013137
35181,0.008056
35182,0.008547
35183,0.008361
35184,0.009480
35185,0.010569
35186,0.008520
35187,0.010897
35188,0.013257
35189,0.009381
35190,0.010810
35191,0.008256
35192,0.007541
35193,0.009342
35194,0.014215
35195,0.011395
35196,0.012351
35197,0.010244
35198,0.009348
35199,0.011726
35200,0.014148
35201,0.012389
35202,0.014295
35203,0.009899
35204,0.009707
35205,0.010283
35206,0.009526
35207,0.009512
35208,0.011993
35209,0.011685
35210,0.005452
35211,0.014159
35212,0.012893
35213,0.012836
35214,0.012394
35215,0.009347
35216,0.012349
35217,0.015205
35218,0.013227
35219,0.009627
35220,0.008030
35221,0.009961
35222,0.011014
35223,0.010620
35224,0.008663
35225,0.013142
35226,0.007383
35227,0.007869
35228,0.010101
35229,0.011635
35230,0.008632
35231,0.008851
35232,0.008357
35233,0.013339
35234,0.012678
35235,0.009719
35236,0.009402
35237,0.009513
35238,0.013832
35239,0.013265
35240,0.009511
35241,0.013646
35242,0.013618
35243,0.016125
35244,0.015475
35245,0.016510
35246,0.014433
35247,0.011519
35248,0.012694
35249,0.019310
35250,0.019330
35251,0.011909
35252,0.011023
35253,0.010596
35254,0.014148
35255,0.021353
35256,0.018642
35257,0.013916
35258,0.011720
35259,0.016719
35260,0.011943
35261,0.013510
35262,0.017458
35263,0.013670
35264,0.015294
35265,0.018006
35266,0.011824
35267,0.014322
35268,0.010253
35269,0.024775
35270,0.016458
35271,0.013512
35272,0.012879
35273,0.010245
35274,0.015235
35275,0.013790
35276,0.008388
35277,0.008145
35278,0.014283
35279,0.013781
35280,0.013713
35281,0.010617
35282,0.010024
35283,0.010277
35284,0.010395
35285,0.009169
35286,0.006729
35287,0.009200
35288,0.012222
35289,0.013239
35290,0.014813
35291,0.010936
35292,0.008225
35293,0.012441
35294,0.013771
35295,0.014677
35296,0.010430
35297,0.009599
35298,0.007745
35299,0.009218
35300,0.011936
35301,0.010824
35302,0.017871
35303,0.016311
35304,0.009631
35305,0.010944
35306,0.010640
35307,0.007717
35308,0.011612
35309,0.014441
35310,0.014124
35311,0.008855
35312,0.015247
35313,0.009955
35314,0.015442
35315,0.011239
35316,0.021063
35317,0.018921
35318,0.016584
35319,0.014940
35320,0.021372
35321,0.019635
35322,0.013223
35323,0.014292
35324,0.016862
35325,0.021083
35326,0.009221
35327,0.010339
35328,0.020936
35329,0.012173
35330,0.011512
35331,0.008789
35332,0.009088
35333,0.011392
35334,0.010126
35335,0.008319
35336,0.006766
35337,0.009528
35338,0.009670
35339,0.010577
35340,0.008635
35341,0.010570
35342,0.012475
35343,0.012867
35344,0.014534
35345,0.015227
35346,0.013271
35347,0.013921
35348,0.012526
35349,0.012201
35350,0.007997
35351,0.007573
35352,0.008639
35353,0.009561
35354,0.009044
35355,0.010130
35356,0.009365
35357,0.013221
35358,0.010096
35359,0.011093
35360,0.008572
35361,0.007512
35362,0.009089
35363,0.011022
35364,0.011820
35365,0.009879
35366,0.010413
35367,0.011455
35368,0.011603
35369,0.014296
35370,0.008495
35371,0.008637
35372,0.009733
35373,0.012343
35374,0.012956
35375,0.016247
35376,0.013889
35377,0.010631
35378,0.011674
35379,0.009273
35380,0.012312
35381,0.011175
35382,0.012874
35383,0.017407
35384,0.012845
35385,0.008772
35386,0.017612
35387,0.012324
35388,0.015307
35389,0.014842
35390,0.021395
35391,0.016969
35392,0.016554
35393,0.009026
35394,0.010017
35395,0.009440
35396,0.009705
35397,0.007817
35398,0.007746
35399,0.009199
35400,0.012104
35401,0.012284
35402,0.013892
35403,0.012535
35404,0.013360
35405,0.011055
35406,0.010448
35407,0.014315
35408,0.122853
35409,0.016595
35410,0.076615
35411,0.035923
35412,0.017443
35413,0.037602
35414,0.027198
35415,0.026774
35416,0.022902
35417,0.017195
35418,0.019933
35419,0.026893
35420,0.010294
35421,0.011840
35422,0.029265
35423,0.023115
35424,0.008044
35425,0.015389
35426,0.014779
35427,0.015666
35428,0.013581
35429,0.011845
35430,0.021867
35431,0.020803
35432,0.017757
35433,0.010080
35434,0.013897
35435,0.018452
35436,0.015874
35437,0.012371
35438,0.014118
35439,0.010154
35440,0.014075
35441,0.010111
35442,0.009819
35443,0.014281
35444,0.009374
35445,0.010135
35446,0.009383
35447,0.008332
35448,0.008003
35449,0.009199
35450,0.009062
35451,0.011810
35452,0.008177
35453,0.006592
35454,0.006797
35455,0.012970
35456,0.009366
35457,0.008798
35458,0.010858
35459,0.009102
35460,0.007966
35461,0.008171
35462,0.012718
35463,0.016342
35464,0.014309
35465,0.012018
35466,0.015202
35467,0.015086
35468,0.008260
35469,0.012339
35470,0.014549
35471,0.010773
35472,0.012418
35473,0.010070
35474,0.020888
35475,0.010074
35476,0.016691
35477,0.017798
35478,0.009744
35479,0.017167
35480,0.016929
35481,0.013693
35482,0.012918
35483,0.007092
35484,0.013139
35485,0.010296
35486,0.010074
35487,0.007348
35488,0.012337
35489,0.013897
35490,0.015461
35491,0.022504
35492,0.015545
35493,0.013155
35494,0.006361
35495,0.011463
35496,0.009658
35497,0.009876
35498,0.009219
35499,0.008853
35500,0.009335
35501,0.006742
35502,0.011054
35503,0.010747
35504,0.009858
35505,0.012208
35506,0.008049
35507,0.010593
35508,0.015644
35509,0.010693
35510,0.007411
35511,0.014048
35512,0.020717
35513,0.015484
35514,0.018359
35515,0.015463
35516,0.016228
35517,0.014285
35518,0.009517
35519,0.008669
35520,0.009228
35521,0.008599
35522,0.008628
35523,0.007816
35524,0.010481
35525,0.011333
35526,0.011328
35527,0.009082
35528,0.013919
35529,0.009438
35530,0.010198
35531,0.014878
35532,0.008275
35533,0.007607
35534,0.013252
35535,0.009669
35536,0.009804
35537,0.015402
35538,0.015294
35539,0.013959
35540,0.015132
35541,0.011519
35542,0.014680
35543,0.010533
35544,0.013544
35545,0.028099
35546,0.018723
35547,0.011365
35548,0.012095
35549,0.020677
35550,0.022870
35551,0.011543
35552,0.011417
35553,0.006656
35554,0.011069
35555,0.008434
35556,0.011451
35557,0.013291
35558,0.007210
35559,0.013948
35560,0.018650
35561,0.013458
35562,0.012506
35563,0.015045
35564,0.014427
35565,0.010210
35566,0.012750
35567,0.019588
35568,0.019208
35569,0.008565
35570,0.012980
35571,0.020849
35572,0.023101
35573,0.010010
35574,0.014168
35575,0.014731
35576,0.014894
35577,0.013360
35578,0.010813
35579,0.011849
35580,0.014386
35581,0.007674
35582,0.008950
35583,0.006805
35584,0.008348
35585,0.009404
35586,0.007887
35587,0.007341
35588,0.007973
35589,0.012437
35590,0.011517
35591,0.011480
35592,0.009364
35593,0.012912
35594,0.010143
35595,0.010795
35596,0.009831
35597,0.008261
35598,0.009457
35599,0.013755
35600,0.009717
35601,0.011881
35602,0.012066
35603,0.011566
35604,0.015695
35605,0.012452
35606,0.013837
35607,0.008591
35608,0.010905
35609,0.014270
35610,0.014556
35611,0.011384
35612,0.009043
35613,0.011803
35614,0.011289
35615,0.010148
35616,0.013267
35617,0.016501
35618,0.015515
35619,0.012263
35620,0.012515
35621,0.010592
35622,0.011013
35623,0.014406
35624,0.011694
35625,0.010951
35626,0.017024
35627,0.025358
35628,0.027975
35629,0.022534
35630,0.022015
35631,0.023505
35632,0.013714
35633,0.015367
35634,0.021081
35635,0.018440
35636,0.008690
35637,0.012314
35638,0.009259
35639,0.009854
35640,0.016026
35641,0.013541
35642,0.010014
35643,0.013794
35644,0.012956
35645,0.009731
35646,0.018626
35647,0.013224
35648,0.015906
35649,0.011029
35650,0.013243
35651,0.010721
35652,0.010817
35653,0.012242
35654,0.008982
35655,0.007120
35656,0.007972
35657,0.007219
35658,0.014842
35659,0.011833
35660,0.010884
35661,0.008833
35662,0.010323
35663,0.010154
35664,0.011437
35665,0.011984
35666,0.011127
35667,0.011286
35668,0.013958
35669,0.013566
35670,0.014607
35671,0.016767
35672,0.012684
35673,0.010277
35674,0.010354
35675,0.017596
35676,0.014232
35677,0.015750
35678,0.008591
35679,0.012657
35680,0.018676
35681,0.026633
35682,0.020568
35683,0.019022
35684,0.023625
35685,0.015577
35686,0.013438
35687,0.018739
35688,0.015890
35689,0.014607
35690,0.013993
35691,0.010880
35692,0.008648
35693,0.009531
35694,0.012311
35695,0.009127
35696,0.009127
35697,0.010831
35698,0.011692
35699,0.008858
35700,0.014000
35701,0.010631
35702,0.009666
35703,0.010897
35704,0.008057
35705,0.008373
35706,0.009691
35707,0.012589
35708,0.017739
35709,0.013230
35710,0.014258
35711,0.015068
35712,0.010312
35713,0.010250
35714,0.010499
35715,0.010464
35716,0.007687
35717,0.008302
35718,0.008029
35719,0.010231
35720,0.009170
35721,0.009134
35722,0.013185
35723,0.008787
35724,0.009216
35725,0.008443
35726,0.007994
35727,0.007840
35728,0.008443
35729,0.009016
35730,0.006912
35731,0.007965
35732,0.009680
35733,0.007930
35734,0.008669
35735,0.014408
35736,0.009382
35737,0.008511
35738,0.009033
35739,0.007407
35740,0.008935
35741,0.012432
35742,0.009156
35743,0.007287
35744,0.014525
35745,0.014814
35746,0.010963
35747,0.012426
35748,0.015489
35749,0.015757
35750,0.014400
35751,0.014050
35752,0.012008
35753,0.010210
35754,0.015088
35755,0.011848
35756,0.009322
35757,0.010598
35758,0.012166
35759,0.012681
35760,0.013212
35761,0.009724
35762,0.015794
35763,0.014187
35764,0.009969
35765,0.010767
35766,0.017467
35767,0.015730
35768,0.008246
35769,0.016421
35770,0.022367
35771,0.021095
35772,0.013818
35773,0.011352
35774,0.018993
35775,0.023710
35776,0.017009
35777,0.011152
35778,0.012286
35779,0.018221
35780,0.016404
35781,0.011723
35782,0.008104
35783,0.011375
35784,0.014242
35785,0.019985
35786,0.014237
35787,0.013260
35788,0.011787
35789,0.011388
35790,0.010397
35791,0.013053
35792,0.013100
35793,0.009315
35794,0.014007
35795,0.021329
35796,0.013517
35797,0.011676
35798,0.014254
35799,0.018306
35800,0.015529
35801,0.015286
35802,0.012747
35803,0.014160
35804,0.013667
35805,0.009915
35806,0.015575
35807,0.008006
35808,0.010791
35809,0.022155
35810,0.019589
35811,0.011962
35812,0.015152
35813,0.020309
35814,0.017374
35815,0.012775
35816,0.014914
35817,0.011739
35818,0.015852
35819,0.015687
35820,0.012203
35821,0.012878
35822,0.012602
35823,0.008427
35824,0.012748
35825,0.014643
35826,0.007461
35827,0.014279
35828,0.027245
35829,0.012196
35830,0.009058
35831,0.015520
35832,0.033204
35833,0.040295
35834,0.028534
35835,0.022428
35836,0.022146
35837,0.020932
35838,0.014211
35839,0.012956
35840,0.017835
35841,0.018120
35842,0.014634
35843,0.018173
35844,0.019458
35845,0.017340
35846,0.011186
35847,0.017271
35848,0.016487
35849,0.022652
35850,0.015206
35851,0.009801
35852,0.012365
35853,0.009837
35854,0.008936
35855,0.013963
35856,0.011301
35857,0.009987
35858,0.014175
35859,0.015039
35860,0.013260
35861,0.013357
35862,0.012769
35863,0.012660
35864,0.007779
35865,0.014758
35866,0.018007
35867,0.014193
35868,0.016605
35869,0.021224
35870,0.014185
35871,0.014526
35872,0.020778
35873,0.011264
35874,0.011511
35875,0.012772
35876,0.014342
35877,0.011921
35878,0.011716
35879,0.009713
35880,0.011727
35881,0.009169
35882,0.007676
35883,0.014099
35884,0.019779
35885,0.015718
35886,0.012251
35887,0.009801
35888,0.010963
35889,0.010126
35890,0.013782
35891,0.013757
35892,0.013629
35893,0.013763
35894,0.012656
35895,0.010804
35896,0.006723
35897,0.008059
35898,0.021481
35899,0.019508
35900,0.013967
35901,0.008480
35902,0.013518
35903,0.008711
35904,0.011503
35905,0.008215
35906,0.011807
35907,0.014532
35908,0.015064
35909,0.013923
35910,0.015942
35911,0.031516
35912,0.013975
35913,0.006874
35914,0.013994
35915,0.014307
35916,0.013735
35917,0.013554
35918,0.009788
35919,0.014047
35920,0.012057
35921,0.007776
35922,0.010775
35923,0.015877
35924,0.010470
35925,0.009853
35926,0.021165
35927,0.020278
35928,0.016367
35929,0.013922
35930,0.016874
35931,0.030625
35932,0.024809
35933,0.018343
35934,0.011267
35935,0.015146
35936,0.021497
35937,0.016046
35938,0.009144
35939,0.022317
35940,0.022548
35941,0.013532
35942,0.010323
35943,0.021247
35944,0.018307
35945,0.020460
35946,0.015355
35947,0.013641
35948,0.023319
35949,0.020600
35950,0.011819
35951,0.012601
35952,0.016626
35953,0.015840
35954,0.015864
35955,0.018099
35956,0.029577
35957,0.047996
35958,0.021313
35959,0.017409
35960,0.017029
35961,0.012906
35962,0.014979
35963,0.016201
35964,0.011960
35965,0.014676
35966,0.021929
35967,0.018122
35968,0.011239
35969,0.014761
35970,0.019588
35971,0.016290
35972,0.013189
35973,0.014842
35974,0.020727
35975,0.014589
35976,0.015016
35977,0.012489
35978,0.015032
35979,0.022337
35980,0.013182
35981,0.009147
35982,0.016043
35983,0.020600
35984,0.016408
35985,0.011520
35986,0.013006
35987,0.018176
35988,0.019923
35989,0.011948
35990,0.010461
35991,0.019342
35992,0.016043
35993,0.013588
35994,0.020414
35995,0.022029
35996,0.022685
35997,0.012681
35998,0.013083
35999,0.023548
36000,0.024387
36001,0.020820
36002,0.010840
36003,0.010612
36004,0.015584
36005,0.012921
36006,0.023164
36007,0.019326
36008,0.017404
36009,0.013351
36010,0.012357
36011,0.015432
36012,0.013994
36013,0.013125
36014,0.011997
36015,0.011834
36016,0.013234
36017,0.012543
36018,0.010701
36019,0.007262
36020,0.014852
36021,0.015420
36022,0.009128
36023,0.011636
36024,0.012312
36025,0.013253
36026,0.014235
36027,0.009611
36028,0.012741
36029,0.008001
36030,0.011906
36031,0.010020
36032,0.009640
36033,0.008566
36034,0.014853
36035,0.023072
36036,0.019654
36037,0.009659
36038,0.013297
36039,0.013719
36040,0.011704
36041,0.017937
36042,0.013639
36043,0.015765
36044,0.016893
36045,0.023216
36046,0.012825
36047,0.015439
36048,0.011657
36049,0.017001
36050,0.018813
36051,0.014272
36052,0.013130
36053,0.013302
36054,0.011749
36055,0.012379
36056,0.012167
36057,0.008204
36058,0.007468
36059,0.011692
36060,0.013041
36061,0.013111
36062,0.009392
36063,0.012429
36064,0.010831
36065,0.007511
36066,0.008917
36067,0.012937
36068,0.014617
36069,0.008570
36070,0.010414
36071,0.018624
36072,0.016393
36073,0.012914
36074,0.013404
36075,0.010613
36076,0.011931
36077,0.012334
36078,0.016000
36079,0.013900
36080,0.014608
36081,0.009879
36082,0.014234
36083,0.013729
36084,0.021946
36085,0.013798
36086,0.009498
36087,0.010635
36088,0.009142
36089,0.008158
36090,0.010004
36091,0.009807
36092,0.014651
36093,0.009176
36094,0.010213
36095,0.009327
36096,0.017034
36097,0.012422
36098,0.009613
36099,0.010512
36100,0.013306
36101,0.012968
36102,0.013199
36103,0.011290
36104,0.011424
36105,0.011092
36106,0.011833
36107,0.018257
36108,0.021645
36109,0.015447
36110,0.013171
36111,0.011954
36112,0.023361
36113,0.019240
36114,0.011268
36115,0.008303
36116,0.015970
36117,0.012805
36118,0.009982
36119,0.011367
36120,0.011746
36121,0.011724
36122,0.013265
36123,0.010280
36124,0.009968
36125,0.013188
36126,0.011605
36127,0.012464
36128,0.011005
36129,0.013472
36130,0.010671
36131,0.011004
36132,0.007004
36133,0.008613
36134,0.009523
36135,0.010313
36136,0.012849
36137,0.016808
36138,0.011220
36139,0.011695
36140,0.006298
36141,0.010770
36142,0.009437
36143,0.008993
36144,0.011840
36145,0.009789
36146,0.007408
36147,0.009497
36148,0.006460
36149,0.007549
36150,0.007031
36151,0.008394
36152,0.013353
36153,0.015225
36154,0.018720
36155,0.013768
36156,0.016657
36157,0.024701
36158,0.015919
36159,0.014579
36160,0.011785
36161,0.007881
36162,0.012697
36163,0.017551
36164,0.018212
36165,0.015948
36166,0.013914
36167,0.011083
36168,0.011712
36169,0.011505
36170,0.010252
36171,0.018586
36172,0.010988
36173,0.009311
36174,0.010944
36175,0.010885
36176,0.009380
36177,0.012340
36178,0.007086
36179,0.012715
36180,0.010294
36181,0.032303
36182,0.011840
36183,0.009525
36184,0.013120
36185,0.013851
36186,0.012654
36187,0.014177
36188,0.010456
36189,0.009153
36190,0.006741
36191,0.008771
36192,0.011397
36193,0.011195
36194,0.009740
36195,0.011433
36196,0.011674
36197,0.012335
36198,0.008299
36199,0.006417
36200,0.010657
36201,0.010246
36202,0.009381
36203,0.007338
36204,0.008438
36205,0.009000
36206,0.009165
36207,0.009400
36208,0.008135
36209,0.010911
36210,0.007382
36211,0.010893
36212,0.008699
36213,0.011054
36214,0.012119
36215,0.009248
36216,0.008958
36217,0.011409
36218,0.008146
36219,0.007851
36220,0.007388
36221,0.007913
36222,0.010270
36223,0.010177
36224,0.008568
36225,0.006970
36226,0.009062
36227,0.009836
36228,0.006615
36229,0.006843
36230,0.006761
36231,0.006750
36232,0.008433
36233,0.008987
36234,0.008126
36235,0.007923
36236,0.009243
36237,0.008242
36238,0.008982
36239,0.007311
36240,0.007820
36241,0.014448
36242,0.012842
36243,0.011547
36244,0.007463
36245,0.005965
36246,0.009041
36247,0.009295
36248,0.006125
36249,0.007036
36250,0.007611
36251,0.008400
36252,0.007438
36253,0.007960
36254,0.009943
36255,0.009538
36256,0.012501
36257,0.008016
36258,0.011178
36259,0.013337
36260,0.008791
36261,0.009722
36262,0.010170
36263,0.010828
36264,0.010363
36265,0.009345
36266,0.009868
36267,0.009780
36268,0.008084
36269,0.007905
36270,0.006725
36271,0.010466
36272,0.011822
36273,0.009190
36274,0.009478
36275,0.010385
36276,0.008871
36277,0.010097
36278,0.010172
36279,0.008491
36280,0.007981
36281,0.015707
36282,0.011992
36283,0.008202
36284,0.014241
36285,0.012190
36286,0.012517
36287,0.008888
36288,0.008088
36289,0.009565
36290,0.007901
36291,0.012025
36292,0.018016
36293,0.011742
36294,0.013193
36295,0.014967
36296,0.017550
36297,0.013704
36298,0.010921
36299,0.010679
36300,0.008411
36301,0.010482
36302,0.015558
36303,0.015076
36304,0.009087
36305,0.011334
36306,0.012211
36307,0.010462
36308,0.009254
36309,0.010816
36310,0.010703
36311,0.010888
36312,0.009713
36313,0.009353
36314,0.009974
36315,0.008620
36316,0.009167
36317,0.008668
36318,0.010421
36319,0.006288
36320,0.010470
36321,0.008200
36322,0.009456
36323,0.011399
36324,0.013125
36325,0.012633
36326,0.006178
36327,0.013613
36328,0.017134
36329,0.012862
36330,0.014212
36331,0.010570
36332,0.011757
36333,0.011250
36334,0.009102
36335,0.006796
36336,0.008177
36337,0.009851
36338,0.012531
36339,0.011563
36340,0.011639
36341,0.016421
36342,0.011162
36343,0.011088
36344,0.011052
36345,0.008674
36346,0.008564
36347,0.012441
36348,0.008613
36349,0.008964
36350,0.014385
36351,0.018169
36352,0.014578
36353,0.010653
36354,0.010274
36355,0.010093
36356,0.011932
36357,0.027954
36358,0.036489
36359,0.020527
36360,0.012169
36361,0.012001
36362,0.012742
36363,0.013680
36364,0.015113
36365,0.012405
36366,0.022001
36367,0.014383
36368,0.010815
36369,0.007911
36370,0.006315
36371,0.008549
36372,0.009511
36373,0.012914
36374,0.008383
36375,0.008832
36376,0.008992
36377,0.007233
36378,0.007713
36379,0.008725
36380,0.009111
36381,0.005918
36382,0.012121
36383,0.009733
36384,0.008891
36385,0.008396
36386,0.009217
36387,0.012405
36388,0.010356
36389,0.009410
36390,0.013026
36391,0.010507
36392,0.009337
36393,0.008339
36394,0.013686
36395,0.009771
36396,0.006225
36397,0.009605
36398,0.014458
36399,0.016540
36400,0.013938
36401,0.015752
36402,0.009547
36403,0.018219
36404,0.012861
36405,0.013168
36406,0.007562
36407,0.011743
36408,0.014055
36409,0.013536
36410,0.015552
36411,0.016933
36412,0.012199
36413,0.012383
36414,0.012782
36415,0.011166
36416,0.012343
36417,0.010044
36418,0.012480
36419,0.013804
36420,0.013806
36421,0.013687
36422,0.011527
36423,0.010454
36424,0.011432
36425,0.010471
36426,0.013164
36427,0.009630
36428,0.007042
36429,0.010135
36430,0.010691
36431,0.008153
36432,0.009577
36433,0.011138
36434,0.010663
36435,0.013130
36436,0.006372
36437,0.008775
36438,0.008112
36439,0.010274
36440,0.009725
36441,0.007701
36442,0.006817
36443,0.008375
36444,0.012056
36445,0.007535
36446,0.009687
36447,0.012027
36448,0.010775
36449,0.008177
36450,0.009020
36451,0.014453
36452,0.008002
36453,0.009033
36454,0.008451
36455,0.006000
36456,0.006230
36457,0.007227
36458,0.007367
36459,0.009643
36460,0.010374
36461,0.010136
36462,0.012298
36463,0.011985
36464,0.010682
36465,0.006682
36466,0.010461
36467,0.015293
36468,0.011527
36469,0.011177
36470,0.006933
36471,0.012543
36472,0.012048
36473,0.012462
36474,0.007850
36475,0.010814
36476,0.016550
36477,0.014472
36478,0.009835
36479,0.010421
36480,0.012542
36481,0.013795
36482,0.016583
36483,0.018733
36484,0.022797
36485,0.023649
36486,0.018473
36487,0.017082
36488,0.020129
36489,0.012327
36490,0.008639
36491,0.011633
36492,0.016666
36493,0.011946
36494,0.010247
36495,0.020902
36496,0.006643
36497,0.007397
36498,0.008725
36499,0.008625
36500,0.012864
36501,0.010384
36502,0.014119
36503,0.011774
36504,0.008392
36505,0.012072
36506,0.012483
36507,0.010463
36508,0.013358
36509,0.009159
36510,0.008540
36511,0.009355
36512,0.007068
36513,0.009573
36514,0.013191
36515,0.009305
36516,0.012910
36517,0.009760
36518,0.008360
36519,0.012229
36520,0.009994
36521,0.010269
36522,0.008361
36523,0.005819
36524,0.007960
36525,0.006774
36526,0.005488
36527,0.005069
36528,0.007741
36529,0.006815
36530,0.007926
36531,0.007092
36532,0.008915
36533,0.009636
36534,0.008140
36535,0.007670
36536,0.010170
36537,0.011232
36538,0.008450
36539,0.007636
36540,0.008543
36541,0.007995
36542,0.007695
36543,0.010532
36544,0.011065
36545,0.006826
36546,0.006648
36547,0.010931
36548,0.014312
36549,0.013434
36550,0.016887
36551,0.016224
36552,0.008815
36553,0.009931
36554,0.011144
36555,0.013092
36556,0.009528
36557,0.013573
36558,0.013532
36559,0.012939
36560,0.012656
36561,0.015069
36562,0.044534
36563,0.032836
36564,0.015310
36565,0.011560
36566,0.011646
36567,0.014554
36568,0.008884
36569,0.007865
36570,0.010488
36571,0.013486
36572,0.008710
36573,0.007075
36574,0.008154
36575,0.007140
36576,0.012309
36577,0.013951
36578,0.009826
36579,0.012893
36580,0.016021
36581,0.015410
36582,0.016973
36583,0.024595
36584,0.012284
36585,0.017627
36586,0.020682
36587,0.010296
36588,0.016276
36589,0.014050
36590,0.014380
36591,0.013356
36592,0.018545
36593,0.019704
36594,0.043681
36595,0.022410
36596,0.019091
36597,0.010395
36598,0.017699
36599,0.030718
36600,0.039100
36601,0.020178
36602,0.013687
36603,0.011195
36604,0.013809
36605,0.013021
36606,0.012324
36607,0.010153
36608,0.011446
36609,0.016220
36610,0.013436
36611,0.008979
36612,0.010555
36613,0.020311
36614,0.029453
36615,0.016776
36616,0.016027
36617,0.012970
36618,0.019561
36619,0.024100
36620,0.015659
36621,0.019433
36622,0.020067
36623,0.039341
36624,0.015650
36625,0.011500
36626,0.015822
36627,0.017721
36628,0.011803
36629,0.009329
36630,0.008712
36631,0.011607
36632,0.007351
36633,0.010006
36634,0.012654
36635,0.009720
36636,0.010455
36637,0.013617
36638,0.017866
36639,0.021012
36640,0.015670
36641,0.009437
36642,0.011119
36643,0.013327
36644,0.015314
36645,0.016630
36646,0.014095
36647,0.011364
36648,0.017520
36649,0.015413
36650,0.017589
36651,0.015084
36652,0.012995
36653,0.009615
36654,0.009495
36655,0.011502
36656,0.009273
36657,0.010206
36658,0.011490
36659,0.008499
36660,0.010847
36661,0.012937
36662,0.009392
36663,0.011986
36664,0.015880
36665,0.010394
36666,0.010336
36667,0.010540
36668,0.008952
36669,0.009482
36670,0.014604
36671,0.009000
36672,0.007333
36673,0.007414
36674,0.006770
36675,0.011415
36676,0.012112
36677,0.010931
36678,0.007207
36679,0.009723
36680,0.010074
36681,0.014683
36682,0.013868
36683,0.017931
36684,0.014237
36685,0.011553
36686,0.009420
36687,0.007186
36688,0.011475
36689,0.015143
36690,0.015882
36691,0.009495
36692,0.018507
36693,0.042723
36694,0.041959
36695,0.023224
36696,0.011721
36697,0.018965
36698,0.018101
36699,0.017147
36700,0.015704
36701,0.015420
36702,0.018210
36703,0.027575
36704,0.020072
36705,0.015233
36706,0.017573
36707,0.011625
36708,0.015755
36709,0.017435
36710,0.014550
36711,0.008097
36712,0.008214
36713,0.011399
36714,0.012624
36715,0.011832
36716,0.013927
36717,0.009729
36718,0.006496
36719,0.010540
36720,0.011285
36721,0.011143
36722,0.011787
36723,0.011023
36724,0.011413
36725,0.009327
36726,0.010683
36727,0.008318
36728,0.006933
36729,0.008406
36730,0.007908
36731,0.008631
36732,0.009828
36733,0.011305
36734,0.012181
36735,0.009285
36736,0.006629
36737,0.005925
36738,0.009558
36739,0.010600
36740,0.010542
36741,0.010097
36742,0.006693
36743,0.008430
36744,0.013450
36745,0.009057
36746,0.009798
36747,0.022133
36748,0.019844
36749,0.026469
36750,0.015678
36751,0.012062
36752,0.010592
36753,0.008632
36754,0.012738
36755,0.011801
36756,0.011234
36757,0.012205
36758,0.011575
36759,0.010218
36760,0.011290
36761,0.009423
36762,0.011225
36763,0.018463
36764,0.020120
36765,0.012640
36766,0.009999
36767,0.008110
36768,0.006861
36769,0.008482
36770,0.014353
36771,0.009831
36772,0.008645
36773,0.007359
36774,0.009938
36775,0.010684
36776,0.006563
36777,0.008269
36778,0.013707
36779,0.012060
36780,0.010321
36781,0.013417
36782,0.011353
36783,0.009165
36784,0.011345
36785,0.005990
36786,0.006252
36787,0.009034
36788,0.009097
36789,0.010564
36790,0.010289
36791,0.021802
36792,0.016231
36793,0.014011
36794,0.009179
36795,0.010759
36796,0.009949
36797,0.010995
36798,0.008396
36799,0.009353
36800,0.013718
36801,0.011609
36802,0.007878
36803,0.012329
36804,0.009789
36805,0.015955
36806,0.016654
36807,0.011049
36808,0.014619
36809,0.014154
36810,0.020634
36811,0.021216
36812,0.012103
36813,0.011558
36814,0.010611
36815,0.010775
36816,0.014189
36817,0.010710
36818,0.010486
36819,0.008305
36820,0.009468
36821,0.013157
36822,0.016182
36823,0.015330
36824,0.011358
36825,0.012483
36826,0.018282
36827,0.019471
36828,0.010545
36829,0.012850
36830,0.012671
36831,0.015374
36832,0.009983
36833,0.028224
36834,0.019316
36835,0.029778
36836,0.014382
36837,0.013031
36838,0.017169
36839,0.015821
36840,0.014850
36841,0.006234
36842,0.010578
36843,0.012788
36844,0.008422
36845,0.009764
36846,0.008085
36847,0.007861
36848,0.010524
36849,0.011219
36850,0.015265
36851,0.009456
36852,0.012040
36853,0.005547
36854,0.010589
36855,0.018661
36856,0.012647
36857,0.013811
36858,0.015743
36859,0.014670
36860,0.012148
36861,0.011159
36862,0.013800
36863,0.015488
36864,0.012705
36865,0.009163
36866,0.014235
36867,0.010739
36868,0.010037
36869,0.013154
36870,0.012851
36871,0.014498
36872,0.014108
36873,0.011808
36874,0.006916
36875,0.009636
36876,0.006869
36877,0.008288
36878,0.011182
36879,0.013084
36880,0.011483
36881,0.012460
36882,0.012815
36883,0.010344
36884,0.008369
36885,0.005364
36886,0.008333
36887,0.011266
36888,0.013634
36889,0.012015
36890,0.008836
36891,0.009000
36892,0.008679
36893,0.011382
36894,0.007456
36895,0.006105
36896,0.008481
36897,0.009679
36898,0.007445
36899,0.009294
36900,0.012671
36901,0.010246
36902,0.018783
36903,0.009706
36904,0.011719
36905,0.010094
36906,0.021197
36907,0.011201
36908,0.013840
36909,0.015510
36910,0.011315
36911,0.013832
36912,0.014795
36913,0.014849
36914,0.015398
36915,0.011714
36916,0.007133
36917,0.008841
36918,0.010304
36919,0.009235
36920,0.007480
36921,0.011126
36922,0.007079
36923,0.011788
36924,0.013045
36925,0.008040
36926,0.014394
36927,0.008183
36928,0.007181
36929,0.008018
36930,0.011122
36931,0.010681
36932,0.008695
36933,0.008663
36934,0.008145
36935,0.008150
36936,0.009705
36937,0.011199
36938,0.009689
36939,0.015219
36940,0.013606
36941,0.010063
36942,0.009364
36943,0.009875
36944,0.008115
36945,0.011994
36946,0.008542
36947,0.012146
36948,0.016726
36949,0.012872
36950,0.009795
36951,0.007546
36952,0.007905
36953,0.008932
36954,0.008968
36955,0.007471
36956,0.010729
36957,0.008924
36958,0.011533
36959,0.009908
36960,0.011605
36961,0.011682
36962,0.011514
36963,0.010952
36964,0.008295
36965,0.007420
36966,0.012948
36967,0.008161
36968,0.007074
36969,0.006428
36970,0.008132
36971,0.010785
36972,0.007693
36973,0.008041
36974,0.010154
36975,0.011031
36976,0.011564
36977,0.011422
36978,0.009612
36979,0.006949
36980,0.011550
36981,0.011827
36982,0.014380
36983,0.013351
36984,0.015332
36985,0.015106
36986,0.016386
36987,0.012870
36988,0.011530
36989,0.008398
36990,0.010501
36991,0.012997
36992,0.010916
36993,0.012295
36994,0.012550
36995,0.012609
36996,0.011632
36997,0.007998
36998,0.009959
36999,0.010123
37000,0.010682
37001,0.008497
37002,0.008866
37003,0.009060
37004,0.011445
37005,0.011747
37006,0.009604
37007,0.015960
37008,0.011233
37009,0.012808
37010,0.013391
37011,0.006664
37012,0.006356
37013,0.013685
37014,0.010034
37015,0.009367
37016,0.010016
37017,0.013192
37018,0.011802
37019,0.017826
37020,0.015710
37021,0.012404
37022,0.009026
37023,0.016079
37024,0.030019
37025,0.022907
37026,0.011930
37027,0.008453
37028,0.012539
37029,0.023299
37030,0.013795
37031,0.009472
37032,0.011310
37033,0.016340
37034,0.019909
37035,0.010765
37036,0.021477
37037,0.026524
37038,0.016885
37039,0.009643
37040,0.009506
37041,0.012938
37042,0.013808
37043,0.009617
37044,0.007342
37045,0.009067
37046,0.008808
37047,0.006746
37048,0.007384
37049,0.007701
37050,0.011670
37051,0.007300
37052,0.005961
37053,0.006833
37054,0.009820
37055,0.008619
37056,0.010357
37057,0.009238
37058,0.012194
37059,0.011636
37060,0.010930
37061,0.007321
37062,0.008322
37063,0.012237
37064,0.010239
37065,0.009711
37066,0.008239
37067,0.008316
37068,0.012377
37069,0.008145
37070,0.006703
37071,0.009005
37072,0.012037
37073,0.009405
37074,0.009637
37075,0.011258
37076,0.011642
37077,0.014074
37078,0.011767
37079,0.012700
37080,0.016895
37081,0.012778
37082,0.009782
37083,0.014673
37084,0.012915
37085,0.010027
37086,0.008407
37087,0.008932
37088,0.006570
37089,0.009277
37090,0.009483
37091,0.012145
37092,0.012397
37093,0.008358
37094,0.007292
37095,0.009879
37096,0.008188
37097,0.009205
37098,0.008466
37099,0.008727
37100,0.007367
37101,0.011541
37102,0.012421
37103,0.011355
37104,0.007673
37105,0.009211
37106,0.009349
37107,0.005281
37108,0.008296
37109,0.013465
37110,0.015105
37111,0.028487
37112,0.016202
37113,0.007050
37114,0.008882
37115,0.007316
37116,0.008405
37117,0.007215
37118,0.006262
37119,0.008341
37120,0.009375
37121,0.007145
37122,0.008808
37123,0.008057
37124,0.010802
37125,0.007869
37126,0.009710
37127,0.008201
37128,0.005157
37129,0.009214
37130,0.006830
37131,0.007301
37132,0.006069
37133,0.006844
37134,0.006311
37135,0.007861
37136,0.010136
37137,0.009309
37138,0.010175
37139,0.008333
37140,0.008231
37141,0.007648
37142,0.007978
37143,0.007273
37144,0.008570
37145,0.007755
37146,0.006318
37147,0.007603
37148,0.007090
37149,0.006530
37150,0.007007
37151,0.009997
37152,0.010297
37153,0.010287
37154,0.007386
37155,0.009734
37156,0.014278
37157,0.013797
37158,0.008595
37159,0.008556
37160,0.009823
37161,0.011474
37162,0.008353
37163,0.006305
37164,0.006886
37165,0.009969
37166,0.010900
37167,0.007971
37168,0.009352
37169,0.015102
37170,0.022409
37171,0.008052
37172,0.025181
37173,0.013253
37174,0.017494
37175,0.009967
37176,0.011403
37177,0.010447
37178,0.005519
37179,0.010020
37180,0.016364
37181,0.012652
37182,0.006454
37183,0.009652
37184,0.006975
37185,0.007937
37186,0.008453
37187,0.007332
37188,0.005941
37189,0.007206
37190,0.009813
37191,0.009614
37192,0.010749
37193,0.012383
37194,0.012572
37195,0.010196
37196,0.010721
37197,0.010706
37198,0.009811
37199,0.010005
37200,0.008455
37201,0.009958
37202,0.008101
37203,0.013327
37204,0.016823
37205,0.013025
37206,0.015547
37207,0.011925
37208,0.012313
37209,0.011664
37210,0.010508
37211,0.017648
37212,0.008507
37213,0.009149
37214,0.007789
37215,0.005760
37216,0.007227
37217,0.009322
37218,0.007341
37219,0.010828
37220,0.006826
37221,0.007084
37222,0.009914
37223,0.005028
37224,0.006645
37225,0.007871
37226,0.006257
37227,0.009467
37228,0.007964
37229,0.006531
37230,0.007739
37231,0.005417
37232,0.006840
37233,0.007017
37234,0.006886
37235,0.007705
37236,0.007948
37237,0.005374
37238,0.004752
37239,0.009363
37240,0.012117
37241,0.010770
37242,0.010165
37243,0.010851
37244,0.009660
37245,0.013007
37246,0.007502
37247,0.010651
37248,0.011118
37249,0.010786
37250,0.007485
37251,0.010245
37252,0.016488
37253,0.012520
37254,0.009600
37255,0.009895
37256,0.008291
37257,0.006462
37258,0.018530
37259,0.021751
37260,0.014376
37261,0.009599
37262,0.009288
37263,0.018374
37264,0.014327
37265,0.012026
37266,0.009481
37267,0.009795
37268,0.007282
37269,0.010190
37270,0.010941
37271,0.013956
37272,0.006806
37273,0.008782
37274,0.009903
37275,0.009421
37276,0.006451
37277,0.008077
37278,0.008368
37279,0.008403
37280,0.010697
37281,0.014164
37282,0.011538
37283,0.008798
37284,0.008361
37285,0.008782
37286,0.005089
37287,0.007927
37288,0.009444
37289,0.007782
37290,0.008904
37291,0.007978
37292,0.007290
37293,0.008466
37294,0.009355
37295,0.009588
37296,0.006859
37297,0.009355
37298,0.008759
37299,0.007434
37300,0.012553
37301,0.013684
37302,0.013122
37303,0.010365
37304,0.008897
37305,0.009650
37306,0.011880
37307,0.011685
37308,0.010946
37309,0.009895
37310,0.012913
37311,0.011529
37312,0.007538
37313,0.006541
37314,0.009835
37315,0.007287
37316,0.006797
37317,0.008152
37318,0.012797
37319,0.015915
37320,0.017703
37321,0.008956
37322,0.010915
37323,0.009832
37324,0.008472
37325,0.011722
37326,0.010565
37327,0.011059
37328,0.009628
37329,0.009014
37330,0.010433
37331,0.012884
37332,0.010871
37333,0.013220
37334,0.030792
37335,0.019299
37336,0.010915
37337,0.009728
37338,0.009396
37339,0.014557
37340,0.010598
37341,0.009949
37342,0.019515
37343,0.036212
37344,0.011076
37345,0.031294
37346,0.016812
37347,0.028998
37348,0.031707
37349,0.028875
37350,0.013953
37351,0.020760
37352,0.019586
37353,0.011463
37354,0.014648
37355,0.012058
37356,0.014237
37357,0.020704
37358,0.019360
37359,0.015605
37360,0.018182
37361,0.013305
37362,0.013970
37363,0.017563
37364,0.016753
37365,0.014736
37366,0.011339
37367,0.013053
37368,0.019719
37369,0.013440
37370,0.012541
37371,0.009473
37372,0.008586
37373,0.013538
37374,0.008141
37375,0.011834
37376,0.016070
37377,0.011538
37378,0.022933
37379,0.019389
37380,0.016275
37381,0.011566
37382,0.011319
37383,0.011756
37384,0.011986
37385,0.009038
37386,0.007500
37387,0.007392
37388,0.010204
37389,0.008782
37390,0.007895
37391,0.008766
37392,0.025934
37393,0.013071
37394,0.015266
37395,0.009381
37396,0.007588
37397,0.008862
37398,0.017158
37399,0.015594
37400,0.006926
37401,0.007286
37402,0.007061
37403,0.009170
37404,0.009664
37405,0.012513
37406,0.005903
37407,0.006998
37408,0.010132
37409,0.009341
37410,0.007362
37411,0.006346
37412,0.007138
37413,0.009577
37414,0.011093
37415,0.009617
37416,0.015459
37417,0.009812
37418,0.009015
37419,0.014909
37420,0.012317
37421,0.015527
37422,0.009058
37423,0.011078
37424,0.012279
37425,0.008414
37426,0.008443
37427,0.007651
37428,0.007639
37429,0.007376
37430,0.008159
37431,0.009462
37432,0.006370
37433,0.007542
37434,0.007991
37435,0.010678
37436,0.008300
37437,0.008443
37438,0.009232
37439,0.008165
37440,0.008910
37441,0.011768
37442,0.007891
37443,0.007149
37444,0.009884
37445,0.011298
37446,0.007764
37447,0.008409
37448,0.004474
37449,0.007085
37450,0.008126
37451,0.009274
37452,0.009387
37453,0.009551
37454,0.009745
37455,0.011930
37456,0.011730
37457,0.010452
37458,0.012211
37459,0.012690
37460,0.009446
37461,0.008637
37462,0.010286
37463,0.008278
37464,0.014223
37465,0.014507
37466,0.015265
37467,0.005077
37468,0.014075
37469,0.021404
37470,0.028370
37471,0.021306
37472,0.018303
37473,0.017959
37474,0.030876
37475,0.029666
37476,0.024091
37477,0.019116
37478,0.016196
37479,0.016073
37480,0.018473
37481,0.011487
37482,0.008635
37483,0.016996
37484,0.021507
37485,0.019453
37486,0.015457
37487,0.009863
37488,0.009866
37489,0.010703
37490,0.012952
37491,0.012195
37492,0.011349
37493,0.011135
37494,0.008488
37495,0.012266
37496,0.009419
37497,0.009213
37498,0.009535
37499,0.009006
37500,0.008832
37501,0.011471
37502,0.010139
37503,0.007485
37504,0.009455
37505,0.008464
37506,0.009208
37507,0.005767
37508,0.006225
37509,0.006753
37510,0.009451
37511,0.007143
37512,0.007970
37513,0.009053
37514,0.006809
37515,0.019457
37516,0.010390
37517,0.012963
37518,0.010364
37519,0.012708
37520,0.006922
37521,0.007421
37522,0.007525
37523,0.008482
37524,0.006590
37525,0.007579
37526,0.008346
37527,0.007566
37528,0.006511
37529,0.007162
37530,0.007391
37531,0.009022
37532,0.009994
37533,0.008962
37534,0.005824
37535,0.009036
37536,0.007019
37537,0.010806
37538,0.006033
37539,0.008464
37540,0.009729
37541,0.008821
37542,0.008524
37543,0.005016
37544,0.006372
37545,0.005983
37546,0.007373
37547,0.007706
37548,0.008190
37549,0.010613
37550,0.007355
37551,0.007759
37552,0.007003
37553,0.009177
37554,0.009662
37555,0.008621
37556,0.010781
37557,0.009553
37558,0.009340
37559,0.009009
37560,0.009767
37561,0.006726
37562,0.010963
37563,0.011177
37564,0.010631
37565,0.008452
37566,0.009723
37567,0.013322
37568,0.010838
37569,0.008583
37570,0.010569
37571,0.013633
37572,0.010671
37573,0.009970
37574,0.007208
37575,0.008007
37576,0.010936
37577,0.008660
37578,0.006756
37579,0.014798
37580,0.012880
37581,0.014907
37582,0.014297
37583,0.009648
37584,0.017244
37585,0.010990
37586,0.012117
37587,0.007373
37588,0.011047
37589,0.011684
37590,0.015156
37591,0.008947
37592,0.008652
37593,0.008615
37594,0.009463
37595,0.005737
37596,0.008425
37597,0.007063
37598,0.005677
37599,0.006713
37600,0.006911
37601,0.006007
37602,0.005432
37603,0.010848
37604,0.012408
37605,0.013548
37606,0.010763
37607,0.007974
37608,0.013048
37609,0.007808
37610,0.013362
37611,0.010783
37612,0.010930
37613,0.007747
37614,0.011504
37615,0.014443
37616,0.019649
37617,0.010060
37618,0.010521
37619,0.010021
37620,0.005147
37621,0.004849
37622,0.011035
37623,0.014077
37624,0.014148
37625,0.008652
37626,0.013357
37627,0.010268
37628,0.012244
37629,0.009557
37630,0.010046
37631,0.008410
37632,0.010700
37633,0.008553
37634,0.007175
37635,0.009037
37636,0.013054
37637,0.010467
37638,0.012928
37639,0.008400
37640,0.013029
37641,0.007860
37642,0.007260
37643,0.008214
37644,0.008525
37645,0.007265
37646,0.010066
37647,0.010619
37648,0.008466
37649,0.010535
37650,0.012099
37651,0.008591
37652,0.010233
37653,0.010474
37654,0.011252
37655,0.009676
37656,0.015092
37657,0.011042
37658,0.011881
37659,0.010901
37660,0.011365
37661,0.009484
37662,0.008977
37663,0.009035
37664,0.008579
37665,0.011793
37666,0.005435
37667,0.006919
37668,0.009921
37669,0.006773
37670,0.008382
37671,0.011781
37672,0.011681
37673,0.008729
37674,0.011026
37675,0.012814
37676,0.009972
37677,0.009944
37678,0.013647
37679,0.008141
37680,0.008121
37681,0.014161
37682,0.010072
37683,0.008890
37684,0.009493
37685,0.018300
37686,0.008037
37687,0.007602
37688,0.007824
37689,0.006116
37690,0.007066
37691,0.013021
37692,0.007517
37693,0.008046
37694,0.007580
37695,0.007407
37696,0.007288
37697,0.008615
37698,0.005580
37699,0.007603
37700,0.008802
37701,0.008026
37702,0.008781
37703,0.007373
37704,0.007832
37705,0.007046
37706,0.005853
37707,0.011394
37708,0.009528
37709,0.006459
37710,0.012210
37711,0.008522
37712,0.009252
37713,0.008488
37714,0.013171
37715,0.010465
37716,0.006708
37717,0.004987
37718,0.006482
37719,0.006685
37720,0.007694
37721,0.007841
37722,0.008349
37723,0.013845
37724,0.008029
37725,0.007048
37726,0.010807
37727,0.014606
37728,0.011109
37729,0.007080
37730,0.010390
37731,0.008608
37732,0.008935
37733,0.006745
37734,0.005985
37735,0.005841
37736,0.006944
37737,0.006004
37738,0.010285
37739,0.009211
37740,0.009272
37741,0.006287
37742,0.010259
37743,0.010319
37744,0.010090
37745,0.008386
37746,0.010511
37747,0.008383
37748,0.008846
37749,0.009962
37750,0.008367
37751,0.007169
37752,0.009953
37753,0.009323
37754,0.011798
37755,0.006698
37756,0.005792
37757,0.006951
37758,0.007757
37759,0.006709
37760,0.007616
37761,0.007939
37762,0.008585
37763,0.008523
37764,0.007407
37765,0.008360
37766,0.010211
37767,0.012363
37768,0.011687
37769,0.008021
37770,0.011909
37771,0.010772
37772,0.009293
37773,0.008932
37774,0.008904
37775,0.010076
37776,0.012502
37777,0.009382
37778,0.011301
37779,0.011407
37780,0.014079
37781,0.015037
37782,0.016676
37783,0.013657
37784,0.013601
37785,0.014006
37786,0.012801
37787,0.008329
37788,0.007736
37789,0.009668
37790,0.013102
37791,0.007833
37792,0.005940
37793,0.007719
37794,0.008220
37795,0.005759
37796,0.007853
37797,0.008179
37798,0.007135
37799,0.006704
37800,0.009893
37801,0.007251
37802,0.005446
37803,0.008034
37804,0.009126
37805,0.007794
37806,0.007667
37807,0.005685
37808,0.008987
37809,0.009443
37810,0.017743
37811,0.008440
37812,0.012156
37813,0.017617
37814,0.011864
37815,0.011229
37816,0.006366
37817,0.009145
37818,0.011846
37819,0.011690
37820,0.007760
37821,0.008647
37822,0.009882
37823,0.011223
37824,0.008755
37825,0.011256
37826,0.010526
37827,0.015943
37828,0.028679
37829,0.015329
37830,0.012974
37831,0.009093
37832,0.009792
37833,0.012193
37834,0.025009
37835,0.016244
37836,0.010752
37837,0.007734
37838,0.014939
37839,0.019559
37840,0.016636
37841,0.016454
37842,0.009590
37843,0.011202
37844,0.011895
37845,0.018627
37846,0.018042
37847,0.020428
37848,0.019549
37849,0.010411
37850,0.007255
37851,0.009056
37852,0.010247
37853,0.010325
37854,0.013079
37855,0.012223
37856,0.007662
37857,0.008201
37858,0.009053
37859,0.007957
37860,0.008261
37861,0.007550
37862,0.013854
37863,0.008875
37864,0.007832
37865,0.008838
37866,0.010017
37867,0.008516
37868,0.006562
37869,0.005732
37870,0.010066
37871,0.009531
37872,0.010643
37873,0.012533
37874,0.008162
37875,0.015288
37876,0.014568
37877,0.012265
37878,0.012044
37879,0.010350
37880,0.009612
37881,0.014091
37882,0.016235
37883,0.017113
37884,0.014670
37885,0.012649
37886,0.011545
37887,0.008884
37888,0.009971
37889,0.013994
37890,0.011738
37891,0.012001
37892,0.010961
37893,0.010328
37894,0.011072
37895,0.009411
37896,0.014878
37897,0.012817
37898,0.011493
37899,0.013181
37900,0.012531
37901,0.009271
37902,0.016095
37903,0.016214
37904,0.012548
37905,0.008915
37906,0.008291
37907,0.010880
37908,0.006852
37909,0.009324
37910,0.007964
37911,0.007996
37912,0.008551
37913,0.013653
37914,0.016160
37915,0.017168
37916,0.011294
37917,0.020298
37918,0.009957
37919,0.009422
37920,0.007190
37921,0.010857
37922,0.010290
37923,0.009763
37924,0.007537
37925,0.008005
37926,0.006000
37927,0.006825
37928,0.008886
37929,0.008501
37930,0.010474
37931,0.007929
37932,0.007035
37933,0.014656
37934,0.008893
37935,0.009562
37936,0.010766
37937,0.009900
37938,0.011752
37939,0.014186
37940,0.008709
37941,0.009414
37942,0.011301
37943,0.011016
37944,0.009274
37945,0.009094
37946,0.006355
37947,0.007624
37948,0.006185
37949,0.007946
37950,0.008108
37951,0.013102
37952,0.011067
37953,0.008177
37954,0.006216
37955,0.011325
37956,0.008626
37957,0.012108
37958,0.013906
37959,0.008520
37960,0.007141
37961,0.006447
37962,0.007054
37963,0.008260
37964,0.007054
37965,0.007182
37966,0.007616
37967,0.006217
37968,0.006038
37969,0.007199
37970,0.010557
37971,0.009445
37972,0.010452
37973,0.012932
37974,0.011127
37975,0.018997
37976,0.008348
37977,0.006044
37978,0.009734
37979,0.008862
37980,0.006817
37981,0.009433
37982,0.008461
37983,0.008785
37984,0.011738
37985,0.008233
37986,0.007594
37987,0.010935
37988,0.008609
37989,0.008679
37990,0.009723
37991,0.011658
37992,0.010074
37993,0.008801
37994,0.014271
37995,0.011984
37996,0.012096
37997,0.021210
37998,0.010462
37999,0.014586
38000,0.011359
38001,0.009148
38002,0.009108
38003,0.011784
38004,0.008859
38005,0.010201
38006,0.012433
38007,0.014704
38008,0.013668
38009,0.015157
38010,0.010190
38011,0.008603
38012,0.016909
38013,0.019914
38014,0.019122
38015,0.010741
38016,0.009564
38017,0.013780
38018,0.016844
38019,0.018012
38020,0.016761
38021,0.014252
38022,0.007183
38023,0.009952
38024,0.010962
38025,0.009423
38026,0.010559
38027,0.006592
38028,0.007494
38029,0.007044
38030,0.007709
38031,0.008815
38032,0.010065
38033,0.012142
38034,0.011150
38035,0.008549
38036,0.011568
38037,0.010170
38038,0.010760
38039,0.012202
38040,0.011240
38041,0.008115
38042,0.008580
38043,0.009754
38044,0.013449
38045,0.009564
38046,0.007665
38047,0.011778
38048,0.016277
38049,0.012712
38050,0.012501
38051,0.009868
38052,0.009273
38053,0.008754
38054,0.009137
38055,0.009459
38056,0.006967
38057,0.010008
38058,0.009016
38059,0.007710
38060,0.011776
38061,0.012314
38062,0.009678
38063,0.009926
38064,0.010141
38065,0.010599
38066,0.012091
38067,0.014443
38068,0.011770
38069,0.009713
38070,0.012808
38071,0.013115
38072,0.012965
38073,0.010727
38074,0.010350
38075,0.007927
38076,0.007999
38077,0.010233
38078,0.012656
38079,0.015619
38080,0.008377
38081,0.008464
38082,0.008210
38083,0.010350
38084,0.007011
38085,0.007150
38086,0.011190
38087,0.008427
38088,0.005416
38089,0.006489
38090,0.008018
38091,0.007917
38092,0.006076
38093,0.008236
38094,0.009396
38095,0.008134
38096,0.007251
38097,0.006747
38098,0.009275
38099,0.010741
38100,0.013486
38101,0.008779
38102,0.011915
38103,0.007244
38104,0.007318
38105,0.005983
38106,0.005421
38107,0.006451
38108,0.007872
38109,0.009078
38110,0.008318
38111,0.008166
38112,0.008766
38113,0.007630
38114,0.005597
38115,0.007318
38116,0.006125
38117,0.006323
38118,0.006526
38119,0.007876
38120,0.007440
38121,0.011545
38122,0.008869
38123,0.008122
38124,0.008012
38125,0.009428
38126,0.014526
38127,0.009985
38128,0.007313
38129,0.008261
38130,0.007333
38131,0.006895
38132,0.007496
38133,0.011368
38134,0.006656
38135,0.006534
38136,0.008641
38137,0.006832
38138,0.007278
38139,0.017590
38140,0.015658
38141,0.012933
38142,0.008351
38143,0.012408
38144,0.011830
38145,0.008778
38146,0.011147
38147,0.007327
38148,0.008532
38149,0.007064
38150,0.008930
38151,0.006996
38152,0.006846
38153,0.007754
38154,0.009289
38155,0.010393
38156,0.008422
38157,0.008149
38158,0.008562
38159,0.005496
38160,0.008440
38161,0.012386
38162,0.007433
38163,0.006336
38164,0.008588
38165,0.005163
38166,0.008243
38167,0.007876
38168,0.006830
38169,0.008194
38170,0.008244
38171,0.007029
38172,0.006302
38173,0.005429
38174,0.008688
38175,0.007305
38176,0.010023
38177,0.015243
38178,0.008622
38179,0.006227
38180,0.008902
38181,0.008946
38182,0.008872
38183,0.011698
38184,0.011638
38185,0.012192
38186,0.009956
38187,0.011079
38188,0.011451
38189,0.010575
38190,0.008934
38191,0.007685
38192,0.010771
38193,0.014286
38194,0.014355
38195,0.010469
38196,0.009707
38197,0.010644
38198,0.008539
38199,0.007168
38200,0.009484
38201,0.007575
38202,0.010343
38203,0.008038
38204,0.008432
38205,0.007634
38206,0.006433
38207,0.006110
38208,0.008660
38209,0.007119
38210,0.007073
38211,0.008462
38212,0.007108
38213,0.007108
38214,0.006647
38215,0.008768
38216,0.008820
38217,0.008311
38218,0.007800
38219,0.007687
38220,0.008486
38221,0.006322
38222,0.007574
38223,0.012115
38224,0.016752
38225,0.011058
38226,0.007603
38227,0.009674
38228,0.013143
38229,0.010607
38230,0.007582
38231,0.013528
38232,0.009263
38233,0.011060
38234,0.007718
38235,0.011083
38236,0.010452
38237,0.013472
38238,0.010437
38239,0.010369
38240,0.008223
38241,0.011301
38242,0.010083
38243,0.007358
38244,0.007426
38245,0.006960
38246,0.008023
38247,0.006628
38248,0.011008
38249,0.007473
38250,0.012850
38251,0.014137
38252,0.008733
38253,0.009250
38254,0.009847
38255,0.010919
38256,0.008164
38257,0.011117
38258,0.011661
38259,0.008614
38260,0.008872
38261,0.008073
38262,0.008530
38263,0.009794
38264,0.008534
38265,0.008320
38266,0.006340
38267,0.008888
38268,0.008551
38269,0.009232
38270,0.006272
38271,0.007088
38272,0.009049
38273,0.009638
38274,0.006442
38275,0.005131
38276,0.008164
38277,0.008926
38278,0.006846
38279,0.005893
38280,0.006251
38281,0.008095
38282,0.008487
38283,0.007453
38284,0.008195
38285,0.007540
38286,0.007280
38287,0.010818
38288,0.007867
38289,0.010204
38290,0.012910
38291,0.011700
38292,0.010124
38293,0.009510
38294,0.010564
38295,0.006520
38296,0.008211
38297,0.010661
38298,0.009543
38299,0.007923
38300,0.010459
38301,0.010157
38302,0.010796
38303,0.012778
38304,0.009688
38305,0.008741
38306,0.006790
38307,0.009016
38308,0.007047
38309,0.006003
38310,0.004798
38311,0.005219
38312,0.007270
38313,0.011913
38314,0.012905
38315,0.008302
38316,0.007984
38317,0.009439
38318,0.008643
38319,0.008550
38320,0.012180
38321,0.009285
38322,0.009703
38323,0.007282
38324,0.006920
38325,0.009316
38326,0.009378
38327,0.006678
38328,0.011536
38329,0.012220
38330,0.016061
38331,0.007136
38332,0.007566
38333,0.009320
38334,0.007169
38335,0.008267
38336,0.007963
38337,0.008270
38338,0.005587
38339,0.004666
38340,0.006485
38341,0.009389
38342,0.006984
38343,0.005248
38344,0.005011
38345,0.006104
38346,0.005460
38347,0.006772
38348,0.006723
38349,0.007328
38350,0.008960
38351,0.005723
38352,0.005795
38353,0.005380
38354,0.006812
38355,0.007903
38356,0.008528
38357,0.014890
38358,0.008366
38359,0.005801
38360,0.013977
38361,0.008082
38362,0.008394
38363,0.011076
38364,0.007511
38365,0.010223
38366,0.020769
38367,0.009686
38368,0.017597
38369,0.007472
38370,0.012669
38371,0.010676
38372,0.008969
38373,0.009838
38374,0.011949
38375,0.010168
38376,0.009719
38377,0.010822
38378,0.012011
38379,0.012883
38380,0.009362
38381,0.008556
38382,0.012660
38383,0.010623
38384,0.006057
38385,0.008032
38386,0.010298
38387,0.010239
38388,0.007680
38389,0.013253
38390,0.010806
38391,0.013034
38392,0.008737
38393,0.010842
38394,0.010181
38395,0.010092
38396,0.009567
38397,0.010430
38398,0.008898
38399,0.010891
38400,0.012743
38401,0.009137
38402,0.011978
38403,0.009492
38404,0.008376
38405,0.008170
38406,0.007169
38407,0.011437
38408,0.007429
38409,0.007308
38410,0.007595
38411,0.011450
38412,0.012723
38413,0.009829
38414,0.015451
38415,0.014783
38416,0.010636
38417,0.008393
38418,0.009701
38419,0.011021
38420,0.008687
38421,0.011611
38422,0.014214
38423,0.006330
38424,0.007787
38425,0.008997
38426,0.007949
38427,0.007049
38428,0.009035
38429,0.006287
38430,0.007037
38431,0.007658
38432,0.006949
38433,0.012941
38434,0.016551
38435,0.015207
38436,0.006717
38437,0.010126
38438,0.016922
38439,0.009902
38440,0.011209
38441,0.009884
38442,0.008038
38443,0.010233
38444,0.012508
38445,0.010918
38446,0.008648
38447,0.010680
38448,0.009378
38449,0.010898
38450,0.010888
38451,0.007338
38452,0.006754
38453,0.006264
38454,0.006979
38455,0.007155
38456,0.006302
38457,0.013519
38458,0.009075
38459,0.008870
38460,0.009980
38461,0.010375
38462,0.007675
38463,0.009038
38464,0.008534
38465,0.006976
38466,0.009006
38467,0.011156
38468,0.011636
38469,0.006341
38470,0.005900
38471,0.008729
38472,0.013802
38473,0.012259
38474,0.011867
38475,0.010050
38476,0.014558
38477,0.020026
38478,0.014954
38479,0.010000
38480,0.009721
38481,0.011587
38482,0.015988
38483,0.011413
38484,0.008522
38485,0.009360
38486,0.010136
38487,0.012999
38488,0.011778
38489,0.011454
38490,0.010851
38491,0.012527
38492,0.008061
38493,0.007756
38494,0.008659
38495,0.008684
38496,0.005515
38497,0.006326
38498,0.008943
38499,0.007734
38500,0.005721
38501,0.007508
38502,0.008079
38503,0.007341
38504,0.006981
38505,0.008212
38506,0.009836
38507,0.008802
38508,0.006598
38509,0.007145
38510,0.006104
38511,0.007824
38512,0.007276
38513,0.006984
38514,0.007198
38515,0.007508
38516,0.005856
38517,0.006566
38518,0.007412
38519,0.007157
38520,0.009309
38521,0.008596
38522,0.007874
38523,0.007574
38524,0.007537
38525,0.006567
38526,0.005364
38527,0.013552
38528,0.011978
38529,0.013773
38530,0.010643
38531,0.009051
38532,0.010723
38533,0.011107
38534,0.009196
38535,0.010961
38536,0.014378
38537,0.010796
38538,0.007760
38539,0.012305
38540,0.011455
38541,0.009487
38542,0.008141
38543,0.009485
38544,0.009134
38545,0.007311
38546,0.012174
38547,0.006716
38548,0.010032
38549,0.011059
38550,0.009630
38551,0.010498
38552,0.008522
38553,0.008318
38554,0.008267
38555,0.008892
38556,0.010040
38557,0.012539
38558,0.012134
38559,0.010767
38560,0.006219
38561,0.006370
38562,0.006315
38563,0.010006
38564,0.010391
38565,0.008065
38566,0.007563
38567,0.023112
38568,0.015133
38569,0.013807
38570,0.006969
38571,0.017440
38572,0.010337
38573,0.009920
38574,0.007536
38575,0.007695
38576,0.006618
38577,0.006624
38578,0.009187
38579,0.008890
38580,0.006972
38581,0.008266
38582,0.009252
38583,0.016800
38584,0.015608
38585,0.009603
38586,0.009592
38587,0.009474
38588,0.008989
38589,0.008728
38590,0.009040
38591,0.010918
38592,0.010775
38593,0.009703
38594,0.011203
38595,0.007914
38596,0.006824
38597,0.009934
38598,0.010141
38599,0.010237
38600,0.011840
38601,0.010127
38602,0.008995
38603,0.005208
38604,0.010387
38605,0.008108
38606,0.006665
38607,0.009570
38608,0.008745
38609,0.008499
38610,0.005285
38611,0.007677
38612,0.006281
38613,0.009716
38614,0.009143
38615,0.006738
38616,0.006067
38617,0.004760
38618,0.009138
38619,0.011385
38620,0.008524
38621,0.008680
38622,0.007345
38623,0.006803
38624,0.007560
38625,0.009606
38626,0.007743
38627,0.007138
38628,0.007202
38629,0.008262
38630,0.006868
38631,0.008087
38632,0.012263
38633,0.008738
38634,0.009483
38635,0.009559
38636,0.007091
38637,0.006088
38638,0.006802
38639,0.007867
38640,0.007446
38641,0.005943
38642,0.006084
38643,0.005833
38644,0.005979
38645,0.006501
38646,0.008295
38647,0.007262
38648,0.007846
38649,0.005977
38650,0.005961
38651,0.006548
38652,0.010938
38653,0.011358
38654,0.013014
38655,0.012713
38656,0.019182
38657,0.021665
38658,0.014981
38659,0.010667
38660,0.012880
38661,0.010824
38662,0.010102
38663,0.007478
38664,0.007697
38665,0.008713
38666,0.014149
38667,0.013409
38668,0.010818
38669,0.011280
38670,0.015446
38671,0.012856
38672,0.009381
38673,0.009923
38674,0.019362
38675,0.013545
38676,0.009208
38677,0.011307
38678,0.009682
38679,0.010248
38680,0.009186
38681,0.010807
38682,0.013983
38683,0.010217
38684,0.009610
38685,0.009428
38686,0.009346
38687,0.008395
38688,0.008941
38689,0.007597
38690,0.012245
38691,0.007912
38692,0.010250
38693,0.010888
38694,0.012028
38695,0.009853
38696,0.008802
38697,0.006170
38698,0.007609
38699,0.012932
38700,0.014117
38701,0.011043
38702,0.011115
38703,0.006493
38704,0.009780
38705,0.012152
38706,0.013851
38707,0.008371
38708,0.006280
38709,0.009703
38710,0.010642
38711,0.007642
38712,0.010584
38713,0.011893
38714,0.007103
38715,0.007741
38716,0.010164
38717,0.007333
38718,0.007091
38719,0.012804
38720,0.006629
38721,0.007147
38722,0.012604
38723,0.011622
38724,0.011443
38725,0.007508
38726,0.014547
38727,0.014242
38728,0.016780
38729,0.011899
38730,0.014686
38731,0.016789
38732,0.015491
38733,0.015658
38734,0.009334
38735,0.006963
38736,0.009379
38737,0.008336
38738,0.006256
38739,0.005734
38740,0.006277
38741,0.008901
38742,0.009603
38743,0.006901
38744,0.009206
38745,0.013213
38746,0.013399
38747,0.007204
38748,0.011239
38749,0.013442
38750,0.013523
38751,0.005809
38752,0.006833
38753,0.012428
38754,0.008362
38755,0.007151
38756,0.006084
38757,0.008765
38758,0.005516
38759,0.007600
38760,0.007031
38761,0.011569
38762,0.006341
38763,0.005909
38764,0.010627
38765,0.007096
38766,0.005635
38767,0.008203
38768,0.013669
38769,0.008661
38770,0.007989
38771,0.007162
38772,0.006343
38773,0.006262
38774,0.003815
38775,0.007820
38776,0.006003
38777,0.004825
38778,0.004817
38779,0.008321
38780,0.007942
38781,0.007667
38782,0.005317
38783,0.007064
38784,0.005375
38785,0.006629
38786,0.005814
38787,0.008049
38788,0.007417
38789,0.006383
38790,0.007805
38791,0.004575
38792,0.004626
38793,0.006236
38794,0.004324
38795,0.008593
38796,0.007595
38797,0.008321
38798,0.006518
38799,0.007556
38800,0.006752
38801,0.009625
38802,0.009573
38803,0.008235
38804,0.010772
38805,0.013556
38806,0.011407
38807,0.010193
38808,0.006822
38809,0.008135
38810,0.006777
38811,0.006176
38812,0.006374
38813,0.006504
38814,0.006248
38815,0.006109
38816,0.004567
38817,0.004650
38818,0.007810
38819,0.006239
38820,0.009135
38821,0.006215
38822,0.007358
38823,0.007740
38824,0.008268
38825,0.005985
38826,0.006627
38827,0.014090
38828,0.009505
38829,0.007999
38830,0.008379
38831,0.009334
38832,0.008727
38833,0.005299
38834,0.006428
38835,0.009173
38836,0.005508
38837,0.008617
38838,0.009312
38839,0.006414
38840,0.007255
38841,0.010334
38842,0.008817
38843,0.009497
38844,0.006841
38845,0.007527
38846,0.006752
38847,0.006795
38848,0.005776
38849,0.009877
38850,0.011265
38851,0.008515
38852,0.009837
38853,0.008330
38854,0.007297
38855,0.008898
38856,0.006755
38857,0.008491
38858,0.008698
38859,0.013884
38860,0.009041
38861,0.007567
38862,0.008820
38863,0.010649
38864,0.008188
38865,0.008639
38866,0.008230
38867,0.012379
38868,0.014564
38869,0.013430
38870,0.010095
38871,0.010897
38872,0.012055
38873,0.011242
38874,0.010462
38875,0.010096
38876,0.014239
38877,0.011639
38878,0.012839
38879,0.009623
38880,0.012145
38881,0.013113
38882,0.012119
38883,0.012706
38884,0.010571
38885,0.009186
38886,0.009204
38887,0.011356
38888,0.009082
38889,0.006651
38890,0.008875
38891,0.011394
38892,0.010500
38893,0.009920
38894,0.008996
38895,0.012416
38896,0.009708
38897,0.012957
38898,0.010172
38899,0.011800
38900,0.008964
38901,0.007826
38902,0.012651
38903,0.011220
38904,0.007310
38905,0.010969
38906,0.009434
38907,0.009283
38908,0.007634
38909,0.008722
38910,0.006568
38911,0.006273
38912,0.005617
38913,0.006712
38914,0.005958
38915,0.010059
38916,0.013241
38917,0.013765
38918,0.014491
38919,0.015419
38920,0.008821
38921,0.010831
38922,0.012152
38923,0.010441
38924,0.007216
38925,0.008668
38926,0.012697
38927,0.015202
38928,0.011486
38929,0.006823
38930,0.010485
38931,0.015998
38932,0.011651
38933,0.009707
38934,0.014736
38935,0.013069
38936,0.015913
38937,0.012234
38938,0.009363
38939,0.009764
38940,0.007356
38941,0.014095
38942,0.014850
38943,0.024498
38944,0.013478
38945,0.012451
38946,0.012845
38947,0.010772
38948,0.017810
38949,0.007842
38950,0.007613
38951,0.015368
38952,0.009968
38953,0.006062
38954,0.007029
38955,0.006840
38956,0.006765
38957,0.011362
38958,0.009695
38959,0.007234
38960,0.005613
38961,0.008375
38962,0.007631
38963,0.006991
38964,0.009711
38965,0.008595
38966,0.006709
38967,0.011212
38968,0.006717
38969,0.011477
38970,0.010472
38971,0.013482
38972,0.010747
38973,0.011609
38974,0.009164
38975,0.010105
38976,0.011568
38977,0.009388
38978,0.009476
38979,0.011917
38980,0.009515
38981,0.011560
38982,0.009567
38983,0.011986
38984,0.019676
38985,0.014344
38986,0.008722
38987,0.008530
38988,0.016888
38989,0.018404
38990,0.013324
38991,0.007239
38992,0.008363
38993,0.014135
38994,0.020241
38995,0.009279
38996,0.013114
38997,0.013746
38998,0.009180
38999,0.008392
39000,0.016127
39001,0.014633
39002,0.013193
39003,0.009659
39004,0.009102
39005,0.007582
39006,0.015024
39007,0.010423
39008,0.009086
39009,0.009320
39010,0.010531
39011,0.007490
39012,0.006753
39013,0.007131
39014,0.006208
39015,0.005947
39016,0.009483
39017,0.009095
39018,0.007371
39019,0.007145
39020,0.006291
39021,0.005213
39022,0.009214
39023,0.007116
39024,0.006244
39025,0.006513
39026,0.007262
39027,0.006038
39028,0.005250
39029,0.007362
39030,0.006436
39031,0.008565
39032,0.007831
39033,0.009778
39034,0.006728
39035,0.008197
39036,0.008658
39037,0.007846
39038,0.005912
39039,0.007693
39040,0.007958
39041,0.006918
39042,0.008312
39043,0.012232
39044,0.006398
39045,0.008550
39046,0.011519
39047,0.008409
39048,0.010011
39049,0.006776
39050,0.007142
39051,0.006441
39052,0.013734
39053,0.011399
39054,0.008099
39055,0.009969
39056,0.010971
39057,0.009897
39058,0.009471
39059,0.008376
39060,0.007888
39061,0.009089
39062,0.009651
39063,0.007838
39064,0.008514
39065,0.006994
39066,0.008625
39067,0.004676
39068,0.008227
39069,0.007914
39070,0.010266
39071,0.009252
39072,0.006935
39073,0.007577
39074,0.011860
39075,0.008744
39076,0.011168
39077,0.007803
39078,0.008564
39079,0.009243
39080,0.010869
39081,0.010522
39082,0.008829
39083,0.006707
39084,0.009240
39085,0.009014
39086,0.009099
39087,0.014708
39088,0.012120
39089,0.010709
39090,0.014036
39091,0.015465
39092,0.011490
39093,0.007199
39094,0.009131
39095,0.012226
39096,0.010151
39097,0.007169
39098,0.009122
39099,0.007714
39100,0.008651
39101,0.009664
39102,0.008345
39103,0.008599
39104,0.007085
39105,0.006966
39106,0.013203
39107,0.011343
39108,0.010844
39109,0.008909
39110,0.009378
39111,0.011406
39112,0.010341
39113,0.010992
39114,0.013335
39115,0.013938
39116,0.008723
39117,0.009477
39118,0.015267
39119,0.012886
39120,0.011424
39121,0.009831
39122,0.011638
39123,0.012324
39124,0.009887
39125,0.008419
39126,0.007289
39127,0.010486
39128,0.006270
39129,0.009477
39130,0.010921
39131,0.009918
39132,0.008517
39133,0.009099
39134,0.007032
39135,0.007965
39136,0.007491
39137,0.012125
39138,0.010910
39139,0.008276
39140,0.007988
39141,0.008120
39142,0.007165
39143,0.008100
39144,0.006666
39145,0.006629
39146,0.006908
39147,0.009342
39148,0.008659
39149,0.012821
39150,0.011822
39151,0.009246
39152,0.007572
39153,0.010581
39154,0.012894
39155,0.011825
39156,0.012120
39157,0.010408
39158,0.005634
39159,0.007648
39160,0.009420
39161,0.008343
39162,0.011273
39163,0.008581
39164,0.008214
39165,0.009587
39166,0.008753
39167,0.009153
39168,0.009908
39169,0.011892
39170,0.008692
39171,0.008548
39172,0.007029
39173,0.009415
39174,0.008874
39175,0.006532
39176,0.007351
39177,0.009725
39178,0.007747
39179,0.006463
39180,0.005721
39181,0.006656
39182,0.007829
39183,0.010382
39184,0.006273
39185,0.006037
39186,0.008861
39187,0.007620
39188,0.006744
39189,0.009173
39190,0.006114
39191,0.007359
39192,0.005506
39193,0.006404
39194,0.007166
39195,0.009706
39196,0.012503
39197,0.008182
39198,0.010372
39199,0.010558
39200,0.008316
39201,0.008835
39202,0.008174
39203,0.010794
39204,0.006033
39205,0.006013
39206,0.008865
39207,0.008680
39208,0.009307
39209,0.010830
39210,0.007229
39211,0.008321
39212,0.009620
39213,0.008538
39214,0.006458
39215,0.006964
39216,0.007816
39217,0.009727
39218,0.008748
39219,0.007699
39220,0.007050
39221,0.010287
39222,0.005287
39223,0.007842
39224,0.005025
39225,0.007971
39226,0.013971
39227,0.009392
39228,0.007693
39229,0.006352
39230,0.008258
39231,0.006781
39232,0.008866
39233,0.008615
39234,0.007362
39235,0.007979
39236,0.006370
39237,0.008346
39238,0.007693
39239,0.006354
39240,0.006746
39241,0.004277
39242,0.006732
39243,0.007162
39244,0.010350
39245,0.005114
39246,0.004923
39247,0.006343
39248,0.008659
39249,0.007401
39250,0.007258
39251,0.008646
39252,0.006772
39253,0.012430
39254,0.008162
39255,0.006852
39256,0.013407
39257,0.014219
39258,0.007828
39259,0.008092
39260,0.010458
39261,0.012140
39262,0.005758
39263,0.008892
39264,0.008305
39265,0.009562
39266,0.013347
39267,0.007520
39268,0.007388
39269,0.006248
39270,0.009954
39271,0.010044
39272,0.009507
39273,0.008502
39274,0.008728
39275,0.006122
39276,0.006277
39277,0.007666
39278,0.011059
39279,0.011969
39280,0.010408
39281,0.009663
39282,0.008874
39283,0.009753
39284,0.009904
39285,0.007263
39286,0.006811
39287,0.008495
39288,0.008754
39289,0.008514
39290,0.007053
39291,0.007442
39292,0.006746
39293,0.013243
39294,0.013578
39295,0.011547
39296,0.008963
39297,0.010080
39298,0.007254
39299,0.010204
39300,0.009766
39301,0.007378
39302,0.010122
39303,0.011163
39304,0.014425
39305,0.013307
39306,0.012292
39307,0.012697
39308,0.011833
39309,0.013100
39310,0.012910
39311,0.013359
39312,0.012531
39313,0.009396
39314,0.009281
39315,0.008199
39316,0.014942
39317,0.010232
39318,0.008962
39319,0.011233
39320,0.006939
39321,0.004268
39322,0.006550
39323,0.008898
39324,0.011110
39325,0.010727
39326,0.009031
39327,0.009623
39328,0.015613
39329,0.023172
39330,0.010987
39331,0.012601
39332,0.009551
39333,0.006959
39334,0.008018
39335,0.006424
39336,0.008073
39337,0.007012
39338,0.007316
39339,0.006554
39340,0.005500
39341,0.005944
39342,0.006495
39343,0.005183
39344,0.006381
39345,0.009067
39346,0.008440
39347,0.006260
39348,0.006571
39349,0.006637
39350,0.006829
39351,0.005974
39352,0.006950
39353,0.005187
39354,0.006631
39355,0.008065
39356,0.007603
39357,0.007033
39358,0.005557
39359,0.008465
39360,0.009995
39361,0.008252
39362,0.009037
39363,0.010190
39364,0.008702
39365,0.009281
39366,0.007164
39367,0.008570
39368,0.007202
39369,0.007076
39370,0.006144
39371,0.008211
39372,0.008676
39373,0.007601
39374,0.007689
39375,0.008630
39376,0.005014
39377,0.006026
39378,0.008303
39379,0.009810
39380,0.010403
39381,0.008755
39382,0.011633
39383,0.007531
39384,0.009336
39385,0.006807
39386,0.007412
39387,0.007214
39388,0.007744
39389,0.009126
39390,0.008318
39391,0.007809
39392,0.007840
39393,0.008263
39394,0.009782
39395,0.007039
39396,0.005819
39397,0.005561
39398,0.009734
39399,0.006109
39400,0.007171
39401,0.011134
39402,0.009874
39403,0.006124
39404,0.007220
39405,0.006545
39406,0.010605
39407,0.008025
39408,0.006774
39409,0.007839
39410,0.013201
39411,0.009001
39412,0.009472
39413,0.006861
39414,0.008742
39415,0.008895
39416,0.010293
39417,0.005583
39418,0.006434
39419,0.006627
39420,0.007381
39421,0.009789
39422,0.007251
39423,0.007609
39424,0.005597
39425,0.006561
39426,0.007757
39427,0.006974
39428,0.008206
39429,0.006935
39430,0.006973
39431,0.006124
39432,0.004751
39433,0.006205
39434,0.007328
39435,0.009541
39436,0.006794
39437,0.007134
39438,0.007810
39439,0.008291
39440,0.009659
39441,0.007982
39442,0.009106
39443,0.014805
39444,0.008201
39445,0.011629
39446,0.009179
39447,0.011788
39448,0.014274
39449,0.011552
39450,0.007671
39451,0.006202
39452,0.012984
39453,0.015164
39454,0.015273
39455,0.008878
39456,0.014357
39457,0.014933
39458,0.012729
39459,0.010907
39460,0.008244
39461,0.014464
39462,0.016185
39463,0.006354
39464,0.008738
39465,0.009758
39466,0.006008
39467,0.007128
39468,0.008467
39469,0.006611
39470,0.006504
39471,0.005034
39472,0.006799
39473,0.005951
39474,0.006400
39475,0.006649
39476,0.008000
39477,0.006434
39478,0.004662
39479,0.008124
39480,0.007048
39481,0.007366
39482,0.008938
39483,0.009244
39484,0.007144
39485,0.008676
39486,0.010727
39487,0.010434
39488,0.009923
39489,0.005672
39490,0.006316
39491,0.010668
39492,0.008599
39493,0.009799
39494,0.008678
39495,0.007346
39496,0.009259
39497,0.013401
39498,0.008922
39499,0.007767
39500,0.011548
39501,0.010711
39502,0.010158
39503,0.011382
39504,0.014597
39505,0.010496
39506,0.010169
39507,0.009248
39508,0.016413
39509,0.014919
39510,0.014829
39511,0.010736
39512,0.012370
39513,0.006240
39514,0.008699
39515,0.007967
39516,0.007654
39517,0.008473
39518,0.007840
39519,0.006065
39520,0.008785
39521,0.007289
39522,0.008768
39523,0.008606
39524,0.007594
39525,0.007948
39526,0.005967
39527,0.005353
39528,0.006207
39529,0.008461
39530,0.004589
39531,0.008396
39532,0.006129
39533,0.008264
39534,0.006700
39535,0.005111
39536,0.004119
39537,0.006227
39538,0.004942
39539,0.006983
39540,0.006541
39541,0.008195
39542,0.008131
39543,0.008612
39544,0.007650
39545,0.006787
39546,0.008214
39547,0.008729
39548,0.008940
39549,0.009325
39550,0.007398
39551,0.005966
39552,0.007416
39553,0.007987
39554,0.009150
39555,0.008990
39556,0.010248
39557,0.007318
39558,0.006116
39559,0.008750
39560,0.007063
39561,0.009629
39562,0.006070
39563,0.006493
39564,0.011674
39565,0.005880
39566,0.007749
39567,0.009546
39568,0.006693
39569,0.008333
39570,0.007898
39571,0.005406
39572,0.006378
39573,0.012420
39574,0.008987
39575,0.006388
39576,0.006149
39577,0.005688
39578,0.008101
39579,0.010468
39580,0.007632
39581,0.006724
39582,0.007798
39583,0.009328
39584,0.005044
39585,0.009180
39586,0.007929
39587,0.008574
39588,0.005709
39589,0.011064
39590,0.006658
39591,0.006086
39592,0.009666
39593,0.007781
39594,0.009107
39595,0.009921
39596,0.014128
39597,0.009482
39598,0.008833
39599,0.008893
39600,0.006569
39601,0.007800
39602,0.006457
39603,0.012309
39604,0.014227
39605,0.010575
39606,0.009365
39607,0.008687
39608,0.011957
39609,0.013580
39610,0.007972
39611,0.006775
39612,0.012943
39613,0.007791
39614,0.007518
39615,0.009958
39616,0.013570
39617,0.009530
39618,0.007924
39619,0.010881
39620,0.011570
39621,0.009611
39622,0.010379
39623,0.006300
39624,0.011034
39625,0.005170
39626,0.006249
39627,0.010087
39628,0.010199
39629,0.007508
39630,0.006626
39631,0.007226
39632,0.006954
39633,0.009063
39634,0.009530
39635,0.010742
39636,0.010129
39637,0.009830
39638,0.010101
39639,0.010082
39640,0.007105
39641,0.007316
39642,0.007628
39643,0.007733
39644,0.006510
39645,0.007901
39646,0.007963
39647,0.011388
39648,0.008914
39649,0.008790
39650,0.007230
39651,0.009080
39652,0.010347
39653,0.013302
39654,0.012537
39655,0.008693
39656,0.010116
39657,0.011713
39658,0.009885
39659,0.009671
39660,0.009519
39661,0.006201
39662,0.007227
39663,0.008261
39664,0.007128
39665,0.009367
39666,0.010964
39667,0.015889
39668,0.006705
39669,0.007784
39670,0.009223
39671,0.006959
39672,0.008219
39673,0.011703
39674,0.009102
39675,0.009891
39676,0.007947
39677,0.009596
39678,0.007748
39679,0.008965
39680,0.011021
39681,0.012803
39682,0.008325
39683,0.011134
39684,0.007308
39685,0.008553
39686,0.006640
39687,0.008516
39688,0.010835
39689,0.010342
39690,0.010256
39691,0.012332
39692,0.009510
39693,0.006677
39694,0.009324
39695,0.007961
39696,0.008906
39697,0.011807
39698,0.011586
39699,0.011269
39700,0.011649
39701,0.013976
39702,0.011880
39703,0.013414
39704,0.011038
39705,0.008743
39706,0.006441
39707,0.008334
39708,0.013368
39709,0.009342
39710,0.009910
39711,0.005318
39712,0.008490
39713,0.007997
39714,0.007730
39715,0.008652
39716,0.006810
39717,0.012625
39718,0.011189
39719,0.010383
39720,0.011381
39721,0.009250
39722,0.009645
39723,0.008093
39724,0.009549
39725,0.006398
39726,0.007686
39727,0.008985
39728,0.010439
39729,0.011980
39730,0.011091
39731,0.008915
39732,0.008865
39733,0.007157
39734,0.008554
39735,0.011023
39736,0.009691
39737,0.008317
39738,0.010444
39739,0.009259
39740,0.008901
39741,0.010788
39742,0.008230
39743,0.010574
39744,0.010449
39745,0.008644
39746,0.013052
39747,0.017855
39748,0.011728
39749,0.011810
39750,0.011977
39751,0.011410
39752,0.011774
39753,0.011687
39754,0.014659
39755,0.022482
39756,0.021100
39757,0.008741
39758,0.010848
39759,0.016411
39760,0.016149
39761,0.011919
39762,0.011453
39763,0.013698
39764,0.013386
39765,0.015225
39766,0.008752
39767,0.014240
39768,0.018514
39769,0.014188
39770,0.007195
39771,0.004938
39772,0.009940
39773,0.008126
39774,0.007342
39775,0.007111
39776,0.007207
39777,0.008846
39778,0.006653
39779,0.007687
39780,0.009840
39781,0.007435
39782,0.005786
39783,0.009348
39784,0.009480
39785,0.009128
39786,0.006512
39787,0.005845
39788,0.007552
39789,0.007034
39790,0.006070
39791,0.005243
39792,0.006477
39793,0.008805
39794,0.010786
39795,0.005575
39796,0.008592
39797,0.008072
39798,0.008122
39799,0.007939
39800,0.006250
39801,0.006325
39802,0.005876
39803,0.009085
39804,0.007653
39805,0.005196
39806,0.004995
39807,0.005357
39808,0.004885
39809,0.009689
39810,0.008565
39811,0.006571
39812,0.007350
39813,0.007754
39814,0.008534
39815,0.004707
39816,0.007679
39817,0.006514
39818,0.007055
39819,0.007320
39820,0.011402
39821,0.013240
39822,0.007691
39823,0.009677
39824,0.010797
39825,0.010108
39826,0.008959
39827,0.008463
39828,0.015203
39829,0.011182
39830,0.010314
39831,0.008554
39832,0.009109
39833,0.008457
39834,0.007582
39835,0.008219
39836,0.008370
39837,0.007835
39838,0.008298
39839,0.010744
39840,0.005575
39841,0.008521
39842,0.008221
39843,0.011589
39844,0.009553
39845,0.010496
39846,0.009815
39847,0.009897
39848,0.008731
39849,0.006183
39850,0.008456
39851,0.012189
39852,0.010148
39853,0.007841
39854,0.007855
39855,0.007994
39856,0.008361
39857,0.008003
39858,0.007986
39859,0.007492
39860,0.008332
39861,0.007652
39862,0.006594
39863,0.005567
39864,0.007164
39865,0.006896
39866,0.008448
39867,0.007491
39868,0.005077
39869,0.007330
39870,0.011623
39871,0.010352
39872,0.010714
39873,0.008567
39874,0.007123
39875,0.005135
39876,0.006969
39877,0.006608
39878,0.007604
39879,0.008445
39880,0.008192
39881,0.006606
39882,0.007694
39883,0.006347
39884,0.007298
39885,0.005755
39886,0.004980
39887,0.006791
39888,0.008827
39889,0.009152
39890,0.007418
39891,0.007529
39892,0.007290
39893,0.008787
39894,0.010138
39895,0.008086
39896,0.005647
39897,0.010028
39898,0.008828
39899,0.007517
39900,0.008645
39901,0.008634
39902,0.008678
39903,0.006860
39904,0.006426
39905,0.005736
39906,0.006056
39907,0.010394
39908,0.011171
39909,0.008444
39910,0.006352
39911,0.008600
39912,0.007562
39913,0.007869
39914,0.009025
39915,0.007296
39916,0.006478
39917,0.007029
39918,0.007327
39919,0.007438
39920,0.009855
39921,0.007864
39922,0.007355
39923,0.007120
39924,0.005485
39925,0.007062
39926,0.006589
39927,0.007238
39928,0.006368
39929,0.006772
39930,0.007805
39931,0.008792
39932,0.008199
39933,0.007954
39934,0.005763
39935,0.006218
39936,0.007907
39937,0.005536
39938,0.007313
39939,0.010131
39940,0.008855
39941,0.006802
39942,0.007049
39943,0.007536
39944,0.007648
39945,0.005969
39946,0.007502
39947,0.008314
39948,0.009987
39949,0.010971
39950,0.006407
39951,0.009714
39952,0.009816
39953,0.009522
39954,0.009683
39955,0.008896
39956,0.007769
39957,0.009271
39958,0.009214
39959,0.008340
39960,0.011425
39961,0.009096
39962,0.011088
39963,0.010222
39964,0.011369
39965,0.007900
39966,0.007780
39967,0.007267
39968,0.008101
39969,0.008249
39970,0.006210
39971,0.011313
39972,0.014765
39973,0.011784
39974,0.008794
39975,0.007197
39976,0.006929
39977,0.007172
39978,0.005175
39979,0.005790
39980,0.011686
39981,0.007624
39982,0.005826
39983,0.007913
39984,0.009143
39985,0.010313
39986,0.007170
39987,0.007038
39988,0.004764
39989,0.005971
39990,0.007237
39991,0.007428
39992,0.004542
39993,0.008097
39994,0.008517
39995,0.007629
39996,0.008545
39997,0.010299
39998,0.008081
39999,0.005225
40000,0.009184
